customerID,gender,SeniorCitizen,Partner,Dependents,tenure,PhoneService,MultipleLines,InternetService,OnlineSecurity,OnlineBackup,DeviceProtection,TechSupport,StreamingTV,StreamingMovies,Contract,PaperlessBilling,PaymentMethod,MonthlyCharges,TotalCharges,Churn
C0000-1803,Male,0,Yes,Yes,21,Yes,No,DSL,No,No,No,No,Yes,Yes,Month-to-month,Yes,Electronic check,82.68,1724.99,Yes
C0001-7964,Male,1,Yes,No,65,No,No phone service,Fiber optic,Yes,Yes,No,Yes,Yes,Yes,Month-to-month,No,Electronic check,98.49,6379.57,No
C0002-6890,Female,1,No,Yes,25,Yes,No,DSL,No,No,Yes,No,No,Yes,Two year,No,Electronic check,80.17,2001.39,No
C0003-4949,Male,0,Yes,Yes,17,Yes,Yes,No,No internet service,No internet service,No internet service,No internet service,No internet service,No internet service,Month-to-month,No,Credit card (automatic),41.6,696.44,Yes
C0004-4896,Female,0,No,No,21,Yes,Yes,No,No internet service,No internet service,No internet service,No internet service,No internet service,No internet service,Month-to-month,No,Mailed check,55.88,1178.77,No
C0005-8726,Male,0,No,No,72,Yes,Yes,DSL,Yes,No,Yes,No,No,No,Month-to-month,No,Mailed check,94.79,6824.12,No
C0006-1773,Male,0,No,No,55,Yes,Yes,DSL,Yes,Yes,No,No,Yes,No,Month-to-month,Yes,Credit card (automatic),93.35,5142.32,No
C0007-7275,Male,1,No,No,12,Yes,No,DSL,No,Yes,No,No,Yes,Yes,Two year,No,Electronic check,89.77,1071.28,No
C0008-2813,Female,0,Yes,No,22,Yes,No,Fiber optic,No,No,No,No,No,Yes,Two year,No,Credit card (automatic),102.82,2252.95,No
C0009-1847,Male,0,Yes,Yes,38,Yes,Yes,No,No internet service,No internet service,No internet service,No internet service,No internet service,No internet service,One year,Yes,Credit card (automatic),45.95,1745.28,No
C0010-5737,Female,0,No,No,49,Yes,Yes,Fiber optic,Yes,Yes,No,No,No,No,Month-to-month,Yes,Mailed check,104.14,5081.08,No
C0011-9779,Male,0,Yes,Yes,53,Yes,No,Fiber optic,No,No,Yes,No,Yes,No,Two year,Yes,Electronic check,107.25,5699.13,No
C0012-7621,Female,0,No,No,18,Yes,Yes,No,No internet service,No internet service,No internet service,No internet service,No internet service,No internet service,One year,Yes,Bank transfer (automatic),44.93,857.78,No
C0013-7849,Female,1,No,No,36,Yes,No,Fiber optic,No,No,No,Yes,Yes,Yes,Two year,No,Bank transfer (automatic),95.93,3449.12,No
C0014-7456,Male,0,Yes,Yes,11,Yes,No,No,No internet service,No internet service,No internet service,No internet service,No internet service,No internet service,Month-to-month,Yes,Mailed check,34.56,405.53,No
C0015-8073,Male,0,Yes,No,41,Yes,No,Fiber optic,No,Yes,Yes,No,Yes,No,One year,Yes,Credit card (automatic),118.46,4878.29,No
C0016-5618,Female,0,No,No,1,Yes,Yes,Fiber optic,No,Yes,No,Yes,No,Yes,Month-to-month,Yes,Electronic check,118.13,124.9,Yes
C0017-2152,Female,0,No,No,16,Yes,No,Fiber optic,Yes,No,Yes,No,No,Yes,Month-to-month,Yes,Electronic check,94.97,1494.47,Yes
C0018-8556,Female,0,No,No,72,Yes,Yes,DSL,Yes,Yes,No,No,No,No,Two year,Yes,Bank transfer (automatic),81.66,5856.28,No
C0019-5053,Male,0,Yes,No,4,Yes,No,Fiber optic,No,No,No,No,No,Yes,Month-to-month,No,Mailed check,91.57,345.69,Yes
C0020-5502,Female,0,No,No,14,Yes,No,DSL,No,No,No,No,Yes,Yes,One year,No,Electronic check,70.54,962.32,No
C0021-4336,Female,0,Yes,No,40,Yes,No,Fiber optic,No,Yes,No,Yes,Yes,Yes,Month-to-month,No,Electronic check,104.8,4173.9,No
C0022-2642,Female,0,Yes,No,27,Yes,No,Fiber optic,No,Yes,No,No,No,Yes,Month-to-month,No,Bank transfer (automatic),85.82,2293.73,No
C0023-9339,Female,0,No,No,44,Yes,No,Fiber optic,No,No,Yes,No,Yes,Yes,Two year,Yes,Bank transfer (automatic),107.84,4739.62,No
C0024-8033,Female,1,No,No,43,No,No phone service,DSL,No,No,Yes,No,Yes,Yes,Month-to-month,No,Bank transfer (automatic),68.85,2988.2,No
C0025-6794,Male,0,Yes,No,57,Yes,No,No,No internet service,No internet service,No internet service,No internet service,No internet service,No internet service,Month-to-month,No,Mailed check,20.01,1119.92,No
C0026-4621,Male,0,No,No,7,Yes,No,DSL,No,No,Yes,Yes,No,Yes,Month-to-month,Yes,Bank transfer (automatic),101.69,703.79,No
C0027-8404,Female,0,Yes,Yes,57,No,No phone service,DSL,No,No,Yes,No,No,Yes,One year,Yes,Bank transfer (automatic),50.4,2867.54,No
C0028-5908,Male,0,Yes,No,36,Yes,No,DSL,Yes,No,No,No,Yes,Yes,Month-to-month,No,Electronic check,88.75,3184.59,No
C0029-4990,Male,0,Yes,No,27,Yes,No,DSL,No,No,No,No,Yes,Yes,Month-to-month,Yes,Bank transfer (automatic),82.89,2231.55,Yes
C0030-5053,Female,0,No,No,25,Yes,Yes,Fiber optic,No,Yes,No,Yes,No,No,One year,No,Electronic check,98.57,2476.01,No
C0031-3044,Male,0,Yes,Yes,17,Yes,No,Fiber optic,Yes,Yes,No,No,No,Yes,One year,Yes,Bank transfer (automatic),106.9,1805.7,Yes
C0032-1829,Male,0,No,No,25,Yes,No,No,No internet service,No internet service,No internet service,No internet service,No internet service,No internet service,One year,Yes,Bank transfer (automatic),45.7,1129.22,No
C0033-5990,Male,0,Yes,Yes,28,Yes,No,Fiber optic,No,Yes,Yes,No,Yes,Yes,Month-to-month,Yes,Credit card (automatic),106.91,2999.14,No
C0034-8990,Female,1,Yes,Yes,63,Yes,No,DSL,Yes,Yes,No,No,Yes,Yes,Month-to-month,No,Electronic check,103.51,6530.75,No
C0035-1574,Female,0,Yes,Yes,14,Yes,Yes,No,No internet service,No internet service,No internet service,No internet service,No internet service,No internet service,Month-to-month,Yes,Mailed check,24.61,348.99,No
C0036-8723,Female,1,Yes,Yes,45,Yes,Yes,No,No internet service,No internet service,No internet service,No internet service,No internet service,No internet service,Month-to-month,Yes,Electronic check,45.78,2049.05,No
C0037-8447,Female,0,No,No,17,Yes,Yes,DSL,Yes,No,Yes,Yes,No,Yes,Month-to-month,No,Electronic check,105.33,1765.26,Yes
C0038-3490,Male,0,No,No,3,Yes,No,Fiber optic,No,No,No,No,Yes,Yes,Month-to-month,No,Bank transfer (automatic),97.94,268.15,Yes
C0039-6684,Male,0,No,Yes,58,Yes,No,No,No internet service,No internet service,No internet service,No internet service,No internet service,No internet service,Two year,Yes,Electronic check,44.45,2561.65,No
C0040-2486,Male,0,Yes,No,5,Yes,Yes,No,No internet service,No internet service,No internet service,No internet service,No internet service,No internet service,Month-to-month,No,Credit card (automatic),41.08,213.83,Yes
C0041-7822,Male,0,No,No,31,Yes,No,Fiber optic,Yes,No,No,No,Yes,Yes,One year,No,Mailed check,109.51,3405.21,No
C0042-7304,Male,0,No,No,6,No,No phone service,Fiber optic,No,No,No,No,No,Yes,Month-to-month,Yes,Mailed check,81.83,494.28,No
C0043-4190,Female,0,Yes,Yes,36,Yes,No,Fiber optic,Yes,No,No,Yes,No,Yes,Month-to-month,Yes,Credit card (automatic),98.64,3545.53,Yes
C0044-1611,Female,0,No,No,8,No,No phone service,Fiber optic,Yes,Yes,No,No,Yes,Yes,One year,Yes,Credit card (automatic),99.72,784.63,No
C0045-9735,Female,0,No,No,4,No,No phone service,No,No internet service,No internet service,No internet service,No internet service,No internet service,No internet service,Month-to-month,No,Electronic check,18.25,55.67,No
C0046-5010,Female,0,No,No,21,Yes,No,Fiber optic,Yes,Yes,Yes,No,No,No,Month-to-month,No,Credit card (automatic),114.18,2394.92,No
C0047-9037,Male,0,No,No,2,Yes,Yes,DSL,Yes,Yes,No,No,No,Yes,Month-to-month,Yes,Bank transfer (automatic),86.8,175.0,Yes
C0048-7100,Female,0,No,No,22,Yes,No,Fiber optic,Yes,No,Yes,Yes,Yes,No,One year,No,Mailed check,123.78,2725.02,No
C0049-8004,Female,0,No,No,45,Yes,Yes,No,No internet service,No internet service,No internet service,No internet service,No internet service,No internet service,One year,Yes,Electronic check,18.66,831.23,No
C0050-7838,Female,0,No,No,72,Yes,No,No,No internet service,No internet service,No internet service,No internet service,No internet service,No internet service,Month-to-month,Yes,Electronic check,29.58,2124.98,No
C0051-2751,Male,0,No,No,29,Yes,No,DSL,No,No,No,No,Yes,No,Month-to-month,Yes,Electronic check,87.96,2553.57,Yes
C0052-4274,Male,0,Yes,Yes,24,Yes,No,No,No internet service,No internet service,No internet service,No internet service,No internet service,No internet service,Month-to-month,Yes,Electronic check,42.35,1017.61,No
C0053-5200,Female,0,No,No,60,Yes,No,DSL,No,No,No,Yes,Yes,No,Month-to-month,Yes,Mailed check,70.89,4246.6,No
C0054-5479,Female,0,No,No,7,Yes,No,No,No internet service,No internet service,No internet service,No internet service,No internet service,No internet service,Month-to-month,Yes,Electronic check,29.17,203.97,No
C0055-1394,Female,0,Yes,No,11,No,No phone service,Fiber optic,No,Yes,No,No,No,No,One year,No,Mailed check,70.79,808.97,No
C0056-5918,Male,0,No,No,44,Yes,No,DSL,No,No,No,Yes,No,No,One year,Yes,Bank transfer (automatic),70.65,3084.27,No
C0057-2388,Female,0,No,No,16,Yes,No,DSL,Yes,No,Yes,Yes,Yes,No,One year,Yes,Electronic check,91.0,1470.59,No
C0058-7689,Male,0,No,No,19,Yes,Yes,DSL,Yes,No,No,No,No,No,Month-to-month,Yes,Electronic check,89.48,1702.55,Yes
C0059-7146,Male,0,No,No,26,Yes,No,DSL,Yes,No,No,No,No,Yes,One year,No,Mailed check,95.71,2483.8,No
C0060-9301,Male,0,Yes,No,8,No,No phone service,DSL,No,Yes,Yes,No,No,No,Two year,No,Credit card (automatic),57.76,461.05,No
C0061-7702,Female,0,No,No,4,Yes,No,No,No internet service,No internet service,No internet service,No internet service,No internet service,No internet service,Month-to-month,Yes,Bank transfer (automatic),40.37,137.67,No
C0062-4299,Female,0,No,No,11,Yes,No,DSL,No,No,No,No,Yes,No,Month-to-month,No,Mailed check,69.25,739.97,Yes
C0063-9706,Female,0,No,No,18,Yes,Yes,No,No internet service,No internet service,No internet service,No internet service,No internet service,No internet service,Two year,Yes,Electronic check,38.07,683.72,No
C0064-4697,Male,0,Yes,Yes,36,Yes,No,DSL,Yes,No,Yes,No,No,No,One year,Yes,Mailed check,84.56,3076.26,No
C0065-3932,Female,0,Yes,Yes,25,Yes,No,Fiber optic,No,No,No,No,Yes,No,Month-to-month,No,Electronic check,95.53,2373.4,Yes
C0066-9148,Female,0,No,No,43,Yes,No,Fiber optic,No,No,Yes,No,No,Yes,One year,No,Bank transfer (automatic),111.85,4807.28,No
C0067-4333,Female,1,Yes,Yes,24,Yes,No,DSL,No,No,Yes,No,Yes,No,Month-to-month,Yes,Electronic check,73.27,1773.72,No
C0068-1687,Male,0,Yes,No,48,Yes,Yes,Fiber optic,Yes,No,Yes,No,No,Yes,Month-to-month,No,Electronic check,116.7,5582.55,No
C0069-5225,Male,0,No,Yes,19,No,No phone service,Fiber optic,Yes,No,No,No,Yes,Yes,One year,Yes,Bank transfer (automatic),77.25,1458.03,No
C0070-8160,Female,0,No,No,2,Yes,Yes,DSL,No,No,Yes,No,Yes,Yes,Month-to-month,No,Mailed check,93.92,186.19,No
C0071-2705,Male,0,No,No,14,Yes,Yes,Fiber optic,No,No,No,No,No,No,Month-to-month,No,Bank transfer (automatic),98.43,1372.93,Yes
C0072-5166,Male,1,No,No,27,Yes,Yes,No,No internet service,No internet service,No internet service,No internet service,No internet service,No internet service,Month-to-month,Yes,Electronic check,40.83,1115.86,No
C0073-2169,Male,0,No,No,40,Yes,Yes,DSL,No,No,Yes,No,Yes,No,Two year,No,Mailed check,87.69,3533.5,No
C0074-7177,Male,0,No,No,15,Yes,Yes,DSL,No,No,No,No,Yes,No,One year,Yes,Electronic check,82.34,1217.89,Yes
C0075-5280,Female,0,No,No,29,Yes,No,DSL,No,Yes,No,Yes,Yes,No,Month-to-month,Yes,Mailed check,71.5,2068.54,No
C0076-3971,Male,0,No,No,17,Yes,Yes,Fiber optic,No,No,Yes,No,No,No,Month-to-month,Yes,Bank transfer (automatic),92.64,1591.53,Yes
C0077-3041,Male,0,No,Yes,11,Yes,No,No,No internet service,No internet service,No internet service,No internet service,No internet service,No internet service,One year,Yes,Credit card (automatic),36.96,443.48,No
C0078-6079,Male,0,Yes,No,40,Yes,No,DSL,No,Yes,Yes,No,Yes,No,Month-to-month,No,Credit card (automatic),81.6,3281.05,Yes
C0079-7027,Male,1,Yes,No,34,Yes,No,Fiber optic,Yes,No,Yes,Yes,No,Yes,Month-to-month,Yes,Mailed check,124.25,4225.13,Yes
C0080-9461,Male,1,No,No,72,Yes,No,DSL,No,Yes,No,No,Yes,Yes,Two year,Yes,Electronic check,89.34,6447.47,No
C0081-4933,Female,0,No,No,15,Yes,No,No,No internet service,No internet service,No internet service,No internet service,No internet service,No internet service,One year,No,Bank transfer (automatic),39.3,586.58,No
C0082-2446,Male,1,No,No,64,Yes,No,No,No internet service,No internet service,No internet service,No internet service,No internet service,No internet service,Two year,Yes,Bank transfer (automatic),43.11,2777.43,No
C0083-8493,Male,0,No,No,5,Yes,Yes,Fiber optic,No,Yes,No,No,Yes,No,Month-to-month,Yes,Electronic check,115.46,575.78,Yes
C0084-6667,Female,0,No,No,64,Yes,Yes,DSL,No,No,No,Yes,Yes,Yes,Month-to-month,Yes,Electronic check,88.62,5665.41,Yes
C0085-7301,Female,1,Yes,No,25,Yes,No,Fiber optic,No,No,No,Yes,No,No,Two year,No,Credit card (automatic),99.56,2496.68,No
C0086-1874,Male,0,No,No,18,Yes,No,Fiber optic,No,No,Yes,Yes,Yes,Yes,Two year,No,Mailed check,129.84,2328.65,No
C0087-3810,Female,0,No,No,34,Yes,No,Fiber optic,Yes,No,No,No,Yes,No,One year,Yes,Electronic check,108.16,3697.73,No
C0088-7909,Male,0,Yes,No,36,Yes,No,DSL,No,Yes,Yes,No,No,Yes,Month-to-month,Yes,Credit card (automatic),83.32,3021.63,Yes
C0089-8489,Male,0,No,No,59,Yes,No,DSL,No,No,No,No,No,Yes,One year,No,Electronic check,56.46,3336.47,No
C0090-4916,Male,0,No,No,10,Yes,No,DSL,No,No,Yes,No,No,Yes,Month-to-month,No,Electronic check,67.8,688.37,Yes
C0091-8242,Female,0,No,No,5,Yes,No,Fiber optic,No,No,No,Yes,Yes,No,Two year,Yes,Electronic check,103.2,521.4,No
C0092-8574,Female,0,Yes,Yes,34,Yes,No,Fiber optic,No,No,No,Yes,Yes,Yes,One year,Yes,Bank transfer (automatic),101.89,3442.16,Yes
C0093-4486,Male,0,Yes,Yes,32,Yes,No,DSL,Yes,No,No,No,No,Yes,Month-to-month,Yes,Bank transfer (automatic),69.03,2223.26,No
C0094-9081,Male,0,No,Yes,58,Yes,Yes,No,No internet service,No internet service,No internet service,No internet service,No internet service,No internet service,Month-to-month,No,Electronic check,52.35,3007.15,No
C0095-3594,Female,0,No,Yes,16,Yes,Yes,No,No internet service,No internet service,No internet service,No internet service,No internet service,No internet service,Month-to-month,No,Electronic check,55.23,904.2,No
C0096-3155,Female,0,No,No,13,Yes,No,No,No internet service,No internet service,No internet service,No internet service,No internet service,No internet service,One year,No,Electronic check,29.47,379.66,No
C0097-7141,Female,0,Yes,No,33,Yes,Yes,Fiber optic,No,No,No,No,Yes,Yes,Month-to-month,Yes,Electronic check,122.24,4016.96,Yes
C0098-6730,Male,0,No,No,26,No,No phone service,Fiber optic,Yes,Yes,No,Yes,Yes,Yes,Month-to-month,No,Electronic check,98.27,2555.81,No
C0099-2257,Male,0,Yes,Yes,39,Yes,No,Fiber optic,No,Yes,Yes,Yes,No,Yes,Month-to-month,No,Bank transfer (automatic),117.51,4598.82,No
C0100-8493,Female,0,Yes,Yes,12,Yes,Yes,DSL,No,Yes,Yes,No,No,No,Month-to-month,Yes,Credit card (automatic),73.09,896.89,Yes
C0101-2798,Female,1,Yes,Yes,64,Yes,No,Fiber optic,No,No,No,No,Yes,No,One year,Yes,Credit card (automatic),101.83,6536.09,No
C0102-8243,Female,0,No,No,32,Yes,No,Fiber optic,No,Yes,No,Yes,No,Yes,Month-to-month,Yes,Mailed check,96.19,3065.36,Yes
C0103-1066,Male,0,No,No,57,Yes,No,Fiber optic,No,Yes,No,No,No,Yes,Month-to-month,Yes,Electronic check,89.68,5095.27,Yes
C0104-8170,Female,0,Yes,Yes,22,Yes,Yes,Fiber optic,No,Yes,Yes,No,No,No,Month-to-month,No,Electronic check,111.37,2445.1,No
C0105-8081,Female,0,No,No,12,Yes,Yes,Fiber optic,Yes,Yes,No,No,Yes,No,Two year,Yes,Mailed check,104.17,1248.18,No
C0106-8022,Female,0,No,No,35,Yes,No,Fiber optic,No,Yes,Yes,No,No,Yes,Month-to-month,No,Mailed check,107.67,3768.05,No
C0107-6982,Male,0,No,No,43,Yes,Yes,DSL,No,Yes,No,No,No,No,Month-to-month,Yes,Electronic check,68.93,2940.25,No
C0108-5243,Female,0,No,No,4,Yes,Yes,No,No internet service,No internet service,No internet service,No internet service,No internet service,No internet service,Month-to-month,No,Electronic check,53.64,214.72,No
C0109-7345,Female,1,No,Yes,72,No,No phone service,No,No internet service,No internet service,No internet service,No internet service,No internet service,No internet service,Month-to-month,No,Electronic check,24.44,1770.65,No
C0110-3493,Male,0,Yes,No,13,Yes,Yes,Fiber optic,No,No,Yes,Yes,No,Yes,One year,Yes,Bank transfer (automatic),110.18,1424.58,No
C0111-8025,Female,0,Yes,Yes,28,No,No phone service,Fiber optic,No,No,No,Yes,Yes,No,Month-to-month,Yes,Electronic check,87.33,2445.89,No
C0112-6000,Female,0,No,No,41,Yes,Yes,DSL,Yes,No,No,No,Yes,No,Two year,No,Credit card (automatic),80.78,3330.87,No
C0113-5129,Male,1,No,No,26,Yes,Yes,No,No internet service,No internet service,No internet service,No internet service,No internet service,No internet service,One year,Yes,Credit card (automatic),52.39,1339.82,No
C0114-5549,Male,1,No,No,27,Yes,No,DSL,Yes,No,No,No,No,No,One year,Yes,Electronic check,72.92,1975.48,No
C0115-6118,Female,0,No,No,28,Yes,Yes,No,No internet service,No internet service,No internet service,No internet service,No internet service,No internet service,Month-to-month,Yes,Bank transfer (automatic),56.0,1537.05,No
C0116-1335,Female,0,No,No,3,Yes,Yes,Fiber optic,No,Yes,Yes,No,No,Yes,Month-to-month,No,Electronic check,111.73,314.26,No
C0117-2258,Female,0,No,No,29,Yes,Yes,No,No internet service,No internet service,No internet service,No internet service,No internet service,No internet service,Month-to-month,Yes,Bank transfer (automatic),45.15,1338.22,No
C0118-3209,Male,0,No,Yes,16,Yes,No,Fiber optic,No,Yes,Yes,Yes,Yes,No,Two year,Yes,Electronic check,119.24,1895.37,No
C0119-2030,Male,0,Yes,Yes,56,Yes,Yes,Fiber optic,No,Yes,Yes,Yes,Yes,Yes,Two year,Yes,Mailed check,143.34,8030.47,No
C0120-4956,Male,0,No,No,49,Yes,No,DSL,Yes,No,No,Yes,Yes,Yes,Month-to-month,No,Credit card (automatic),93.53,4557.85,No
C0121-7014,Male,1,No,No,6,Yes,No,No,No internet service,No internet service,No internet service,No internet service,No internet service,No internet service,Two year,Yes,Bank transfer (automatic),30.07,175.46,No
C0122-6889,Female,0,Yes,No,5,Yes,Yes,Fiber optic,No,Yes,No,Yes,Yes,No,One year,Yes,Electronic check,102.96,521.68,No
C0123-5239,Male,0,Yes,No,72,Yes,No,Fiber optic,No,Yes,Yes,No,Yes,Yes,One year,Yes,Electronic check,113.6,8191.23,No
C0124-8694,Male,0,No,No,1,Yes,Yes,DSL,No,No,No,No,Yes,No,Two year,Yes,Credit card (automatic),79.78,89.22,No
C0125-6086,Female,0,No,No,14,No,No phone service,Fiber optic,No,Yes,No,Yes,Yes,No,Two year,No,Mailed check,71.95,1004.03,No
C0126-1712,Male,0,Yes,Yes,8,Yes,No,Fiber optic,No,Yes,No,No,Yes,Yes,One year,Yes,Electronic check,109.13,886.95,No
C0127-7884,Male,0,Yes,Yes,63,No,No phone service,Fiber optic,No,No,No,No,Yes,Yes,Month-to-month,Yes,Mailed check,88.22,5561.85,No
C0128-6170,Male,0,Yes,No,22,Yes,No,Fiber optic,Yes,No,No,No,No,No,One year,Yes,Mailed check,83.78,1815.27,No
C0129-6711,Male,0,Yes,Yes,13,Yes,No,Fiber optic,No,No,No,No,Yes,Yes,Month-to-month,Yes,Bank transfer (automatic),96.51,1250.55,Yes
C0130-6087,Female,0,No,No,26,Yes,Yes,No,No internet service,No internet service,No internet service,No internet service,No internet service,No internet service,Month-to-month,No,Mailed check,27.59,699.96,No
C0131-5981,Female,0,No,Yes,72,Yes,Yes,Fiber optic,No,No,Yes,Yes,No,No,Two year,Yes,Bank transfer (automatic),105.72,7593.71,No
C0132-1815,Female,0,No,No,38,Yes,No,No,No internet service,No internet service,No internet service,No internet service,No internet service,No internet service,Month-to-month,No,Credit card (automatic),32.54,1236.27,No
C0133-6032,Male,0,Yes,Yes,37,Yes,No,DSL,Yes,No,No,No,No,No,Month-to-month,No,Mailed check,78.68,2894.8,No
C0134-8153,Male,1,Yes,Yes,4,No,No phone service,Fiber optic,No,Yes,Yes,No,Yes,No,Month-to-month,No,Bank transfer (automatic),87.7,359.78,Yes
C0135-3735,Female,1,Yes,No,58,Yes,Yes,Fiber optic,Yes,No,Yes,No,No,Yes,One year,Yes,Mailed check,120.73,7013.34,No
C0136-6424,Female,0,No,Yes,10,Yes,No,No,No internet service,No internet service,No internet service,No internet service,No internet service,No internet service,Month-to-month,No,Credit card (automatic),44.39,401.06,No
C0137-1277,Female,0,No,No,35,Yes,No,Fiber optic,Yes,No,No,No,No,No,Two year,No,Mailed check,112.72,3962.33,No
C0138-4127,Male,0,Yes,Yes,12,Yes,No,Fiber optic,Yes,No,No,No,Yes,No,One year,Yes,Electronic check,102.98,1235.2,No
C0139-4930,Female,0,No,No,26,Yes,No,No,No internet service,No internet service,No internet service,No internet service,No internet service,No internet service,Month-to-month,No,Credit card (automatic),30.14,791.43,No
C0140-9843,Female,0,Yes,Yes,25,Yes,Yes,No,No internet service,No internet service,No internet service,No internet service,No internet service,No internet service,Month-to-month,No,Mailed check,38.46,977.92,No
C0141-2931,Female,0,Yes,Yes,72,No,No phone service,No,No internet service,No internet service,No internet service,No internet service,No internet service,No internet service,Month-to-month,No,Bank transfer (automatic),20.92,1485.85,Yes
C0142-3488,Male,0,No,No,17,Yes,No,Fiber optic,No,No,Yes,Yes,No,No,Month-to-month,Yes,Bank transfer (automatic),106.23,1806.34,Yes
C0143-4676,Female,0,Yes,No,32,Yes,Yes,No,No internet service,No internet service,No internet service,No internet service,No internet service,No internet service,Month-to-month,Yes,Bank transfer (automatic),48.21,1553.44,No
C0144-9932,Female,0,No,No,22,Yes,Yes,No,No internet service,No internet service,No internet service,No internet service,No internet service,No internet service,Month-to-month,Yes,Electronic check,40.34,889.35,Yes
C0145-8679,Female,0,Yes,Yes,7,Yes,Yes,Fiber optic,No,Yes,Yes,Yes,Yes,No,Month-to-month,No,Mailed check,135.41,975.4,Yes
C0146-1312,Female,0,No,No,35,No,No phone service,Fiber optic,No,Yes,Yes,Yes,Yes,Yes,Month-to-month,Yes,Credit card (automatic),102.29,3565.99,No
C0147-3105,Female,0,Yes,Yes,51,Yes,Yes,DSL,No,No,No,Yes,Yes,No,Month-to-month,No,Mailed check,79.72,4066.17,No
C0148-8394,Male,0,Yes,Yes,8,Yes,No,DSL,No,Yes,No,No,No,Yes,Two year,No,Electronic check,89.57,716.13,Yes
C0149-1524,Male,0,Yes,No,20,Yes,No,DSL,Yes,No,Yes,Yes,Yes,No,Two year,No,Electronic check,107.77,2184.3,No
C0150-8700,Male,0,No,Yes,27,Yes,No,DSL,No,No,No,Yes,No,No,Month-to-month,Yes,Electronic check,84.93,2300.68,Yes
C0151-3532,Male,0,No,No,47,Yes,Yes,Fiber optic,Yes,No,No,No,Yes,Yes,One year,Yes,Mailed check,106.75,5017.73,No
C0152-9257,Male,1,No,No,48,Yes,No,No,No internet service,No internet service,No internet service,No internet service,No internet service,No internet service,Month-to-month,No,Electronic check,52.51,2557.03,Yes
C0153-3642,Female,0,Yes,No,4,Yes,Yes,DSL,Yes,No,Yes,Yes,Yes,Yes,Month-to-month,No,Credit card (automatic),103.87,430.04,No
C0154-4908,Male,1,Yes,Yes,72,Yes,Yes,DSL,No,Yes,No,No,No,Yes,Two year,Yes,Mailed check,81.45,5855.44,No
C0155-6956,Female,0,Yes,No,38,Yes,Yes,DSL,No,Yes,No,No,Yes,Yes,One year,Yes,Credit card (automatic),96.62,3670.31,No
C0156-2136,Female,0,No,No,25,Yes,No,Fiber optic,No,No,Yes,No,No,No,One year,Yes,Bank transfer (automatic),92.47,2326.57,No
C0157-6012,Male,0,Yes,No,46,Yes,Yes,Fiber optic,No,No,No,No,No,No,Two year,Yes,Mailed check,91.16,4179.65,No
C0158-5544,Female,0,Yes,No,70,Yes,Yes,Fiber optic,No,No,Yes,No,No,No,Month-to-month,Yes,Electronic check,99.32,6967.33,No
C0159-8054,Female,0,No,No,22,Yes,No,DSL,No,No,No,No,No,Yes,One year,Yes,Electronic check,73.0,1627.85,No
C0160-9963,Female,1,No,No,20,Yes,No,Fiber optic,No,Yes,Yes,Yes,Yes,No,Month-to-month,No,Mailed check,112.6,2262.37,Yes
C0161-6978,Female,0,Yes,No,7,Yes,No,Fiber optic,Yes,No,Yes,No,No,Yes,Month-to-month,No,Electronic check,114.94,795.26,Yes
C0162-4682,Male,0,Yes,Yes,20,Yes,No,No,No internet service,No internet service,No internet service,No internet service,No internet service,No internet service,One year,Yes,Credit card (automatic),36.56,726.05,No
C0163-4657,Male,0,Yes,Yes,40,Yes,Yes,Fiber optic,Yes,Yes,Yes,Yes,Yes,No,Month-to-month,Yes,Bank transfer (automatic),124.08,4974.79,No
C0164-4761,Female,0,No,No,20,Yes,Yes,No,No internet service,No internet service,No internet service,No internet service,No internet service,No internet service,Month-to-month,Yes,Electronic check,36.23,732.08,No
C0165-8325,Female,0,Yes,No,19,Yes,Yes,DSL,Yes,Yes,Yes,No,Yes,No,Month-to-month,No,Mailed check,104.35,2024.36,No
C0166-3890,Male,0,No,Yes,72,Yes,Yes,Fiber optic,Yes,No,Yes,No,Yes,No,Two year,No,Mailed check,117.91,8476.61,No
C0167-2502,Male,0,Yes,Yes,32,Yes,Yes,Fiber optic,No,No,No,Yes,No,Yes,Month-to-month,Yes,Mailed check,113.31,3637.27,No
C0168-4008,Female,0,No,No,32,Yes,No,No,No internet service,No internet service,No internet service,No internet service,No internet service,No internet service,Month-to-month,Yes,Electronic check,38.61,1231.65,No
C0169-1204,Male,0,No,No,40,Yes,Yes,Fiber optic,No,Yes,No,No,Yes,No,Month-to-month,Yes,Mailed check,113.46,4498.85,No
C0170-1955,Female,0,Yes,Yes,53,Yes,Yes,Fiber optic,No,No,No,Yes,No,Yes,Two year,No,Electronic check,104.35,5552.91,No
C0171-1810,Female,0,Yes,Yes,27,No,No phone service,No,No internet service,No internet service,No internet service,No internet service,No internet service,No internet service,Month-to-month,No,Credit card (automatic),18.25,489.2,No
C0172-7943,Female,0,Yes,Yes,11,Yes,Yes,DSL,Yes,Yes,No,Yes,No,No,Month-to-month,Yes,Mailed check,106.96,1199.52,No
C0173-7500,Male,0,No,No,37,Yes,Yes,DSL,Yes,Yes,Yes,No,No,Yes,Month-to-month,Yes,Bank transfer (automatic),103.15,3831.31,Yes
C0174-7270,Female,0,No,No,58,No,No phone service,DSL,Yes,Yes,No,No,Yes,No,One year,No,Electronic check,74.69,4346.49,No
C0175-5156,Female,0,No,No,37,Yes,No,DSL,Yes,Yes,Yes,Yes,Yes,No,Two year,Yes,Credit card (automatic),89.44,3303.93,No
C0176-7452,Female,0,Yes,Yes,46,Yes,Yes,Fiber optic,No,No,No,No,No,No,Month-to-month,No,Mailed check,91.88,4217.9,No
C0177-2451,Female,0,Yes,No,19,Yes,No,DSL,No,Yes,No,No,Yes,No,Month-to-month,Yes,Mailed check,72.64,1417.16,No
C0178-9104,Male,0,No,No,13,Yes,Yes,DSL,No,No,No,Yes,No,Yes,Month-to-month,Yes,Bank transfer (automatic),77.32,1012.43,No
C0179-5508,Female,0,No,No,30,No,No phone service,DSL,No,No,Yes,No,No,Yes,Month-to-month,Yes,Mailed check,58.54,1792.6,No
C0180-9441,Female,0,No,No,16,Yes,No,DSL,No,Yes,No,No,No,No,Two year,No,Electronic check,68.19,1092.46,No
C0181-2370,Male,0,No,No,71,Yes,No,Fiber optic,No,Yes,No,Yes,No,No,Month-to-month,Yes,Electronic check,100.38,7135.75,Yes
C0182-5475,Male,0,No,No,38,Yes,Yes,Fiber optic,No,Yes,Yes,No,No,Yes,Two year,Yes,Mailed check,117.63,4481.64,No
C0183-7266,Female,0,No,No,17,Yes,No,DSL,No,No,No,No,No,Yes,Month-to-month,Yes,Electronic check,68.74,1189.49,Yes
C0184-5460,Male,0,No,Yes,9,No,No phone service,No,No internet service,No internet service,No internet service,No internet service,No internet service,No internet service,Month-to-month,Yes,Bank transfer (automatic),21.58,156.97,No
C0185-5014,Male,0,No,Yes,57,Yes,No,DSL,Yes,No,No,Yes,Yes,No,One year,No,Electronic check,93.32,5313.45,No
C0186-2495,Male,1,No,No,11,Yes,Yes,DSL,Yes,No,No,No,Yes,No,One year,No,Electronic check,72.3,806.42,No
C0187-4428,Male,0,No,No,26,Yes,Yes,DSL,No,Yes,No,No,Yes,No,Month-to-month,Yes,Mailed check,83.32,2193.8,No
C0188-3148,Male,0,Yes,No,32,Yes,No,DSL,No,No,No,No,Yes,Yes,Two year,Yes,Bank transfer (automatic),85.52,2753.68,No
C0189-3713,Female,0,No,No,11,Yes,Yes,No,No internet service,No internet service,No internet service,No internet service,No internet service,No internet service,Month-to-month,No,Mailed check,40.38,438.75,No
C0190-7152,Female,0,No,No,23,Yes,No,Fiber optic,Yes,Yes,No,No,Yes,No,Two year,Yes,Credit card (automatic),121.46,2802.71,No
C0191-6671,Female,0,Yes,No,64,No,No phone service,DSL,No,No,Yes,Yes,No,No,Month-to-month,Yes,Electronic check,71.87,4647.31,No
C0192-6464,Female,0,No,No,6,Yes,No,No,No internet service,No internet service,No internet service,No internet service,No internet service,No internet service,Month-to-month,Yes,Mailed check,29.88,184.97,No
C0193-4255,Male,0,Yes,No,57,Yes,Yes,Fiber optic,No,No,No,No,No,Yes,Two year,Yes,Mailed check,99.66,5678.55,No
C0194-9636,Female,0,Yes,Yes,30,Yes,No,Fiber optic,No,Yes,No,No,No,Yes,Month-to-month,Yes,Electronic check,104.89,3161.66,No
C0195-1788,Female,0,Yes,Yes,15,Yes,Yes,Fiber optic,No,No,Yes,No,Yes,Yes,Month-to-month,Yes,Bank transfer (automatic),129.69,1944.2,No
C0196-4082,Male,1,No,No,5,Yes,Yes,DSL,No,No,No,No,Yes,Yes,Two year,Yes,Credit card (automatic),90.76,460.31,No
C0197-2061,Male,0,No,No,23,Yes,Yes,Fiber optic,No,Yes,No,No,No,No,Month-to-month,Yes,Credit card (automatic),105.36,2433.81,No
C0198-4050,Male,0,No,No,15,Yes,No,Fiber optic,No,No,Yes,No,Yes,No,One year,Yes,Mailed check,103.92,1550.9,No
C0199-9656,Female,0,Yes,No,23,Yes,Yes,No,No internet service,No internet service,No internet service,No internet service,No internet service,No internet service,Month-to-month,No,Electronic check,49.69,1135.17,No
C0200-4296,Female,0,No,No,41,Yes,Yes,DSL,Yes,Yes,Yes,No,Yes,No,Month-to-month,Yes,Credit card (automatic),101.24,4185.22,No
C0201-9176,Male,0,Yes,No,5,No,No phone service,DSL,Yes,No,No,No,Yes,No,Month-to-month,No,Bank transfer (automatic),59.2,279.25,No
C0202-5455,Female,1,Yes,Yes,29,Yes,Yes,Fiber optic,Yes,Yes,No,No,Yes,No,Month-to-month,Yes,Bank transfer (automatic),115.58,3336.61,No
C0203-7296,Female,1,Yes,No,72,Yes,Yes,Fiber optic,No,No,Yes,No,No,No,Month-to-month,Yes,Credit card (automatic),102.64,7393.87,No
C0204-5116,Male,0,No,No,17,Yes,No,Fiber optic,No,No,Yes,Yes,No,Yes,Month-to-month,No,Electronic check,107.35,1811.12,No
C0205-3392,Female,0,Yes,No,37,Yes,Yes,Fiber optic,No,Yes,No,Yes,Yes,No,One year,No,Bank transfer (automatic),128.24,4756.72,No
C0206-7877,Male,0,No,No,5,Yes,No,Fiber optic,Yes,Yes,No,Yes,No,Yes,Month-to-month,Yes,Bank transfer (automatic),121.66,614.82,Yes
C0207-9721,Female,0,No,No,14,No,No phone service,DSL,Yes,No,No,Yes,Yes,No,Month-to-month,Yes,Credit card (automatic),66.09,939.77,No
C0208-3371,Male,0,Yes,No,66,No,No phone service,No,No internet service,No internet service,No internet service,No internet service,No internet service,No internet service,Two year,Yes,Electronic check,33.56,2236.49,No
C0209-8007,Male,1,No,No,16,Yes,Yes,Fiber optic,No,Yes,No,Yes,No,No,Month-to-month,Yes,Mailed check,95.33,1534.08,Yes
C0210-3349,Male,0,Yes,Yes,38,Yes,No,No,No internet service,No internet service,No internet service,No internet service,No internet service,No internet service,Two year,No,Electronic check,35.1,1355.41,No
C0211-7451,Female,0,Yes,No,16,Yes,No,Fiber optic,No,No,Yes,Yes,No,Yes,One year,Yes,Electronic check,109.34,1720.51,No
C0212-8100,Male,0,Yes,Yes,7,Yes,No,No,No internet service,No internet service,No internet service,No internet service,No internet service,No internet service,Two year,Yes,Electronic check,37.43,263.22,No
C0213-5043,Male,0,No,No,21,Yes,Yes,No,No internet service,No internet service,No internet service,No internet service,No internet service,No internet service,Two year,No,Credit card (automatic),50.57,1032.8,No
C0214-7631,Male,1,No,Yes,40,Yes,Yes,Fiber optic,No,Yes,Yes,No,No,Yes,Month-to-month,Yes,Mailed check,122.07,4890.06,No
C0215-3449,Female,0,No,No,57,Yes,No,No,No internet service,No internet service,No internet service,No internet service,No internet service,No internet service,One year,Yes,Electronic check,40.87,2354.1,No
C0216-1713,Female,0,No,No,23,Yes,No,DSL,No,No,No,Yes,No,No,Month-to-month,Yes,Mailed check,63.06,1429.99,No
C0217-1867,Female,1,Yes,No,37,Yes,Yes,DSL,No,Yes,No,No,No,No,Month-to-month,Yes,Credit card (automatic),87.68,3212.62,No
C0218-5022,Female,0,No,No,27,Yes,No,Fiber optic,No,No,No,Yes,No,Yes,Month-to-month,Yes,Electronic check,97.57,2623.82,No
C0219-9122,Male,0,Yes,Yes,29,No,No phone service,DSL,No,Yes,Yes,No,Yes,No,Month-to-month,Yes,Bank transfer (automatic),65.97,1928.5,No
C0220-2148,Male,0,Yes,Yes,11,Yes,No,Fiber optic,No,Yes,No,No,Yes,Yes,Month-to-month,Yes,Mailed check,112.57,1243.06,Yes
C0221-5101,Male,0,No,No,12,Yes,No,DSL,Yes,No,No,No,Yes,No,Two year,Yes,Bank transfer (automatic),60.46,717.25,No
C0222-7335,Male,0,Yes,No,8,Yes,No,DSL,No,Yes,Yes,No,Yes,Yes,Month-to-month,Yes,Mailed check,90.8,731.49,Yes
C0223-2821,Male,0,Yes,No,17,Yes,No,Fiber optic,Yes,No,No,No,Yes,No,One year,No,Electronic check,85.67,1432.27,No
C0224-7493,Female,0,Yes,No,51,Yes,Yes,No,No internet service,No internet service,No internet service,No internet service,No internet service,No internet service,Two year,Yes,Bank transfer (automatic),44.63,2280.4,No
C0225-3753,Female,1,Yes,Yes,72,Yes,Yes,Fiber optic,No,No,Yes,Yes,Yes,No,Month-to-month,Yes,Credit card (automatic),100.89,7253.35,Yes
C0226-8277,Male,0,No,No,51,Yes,No,Fiber optic,No,Yes,Yes,No,No,No,Month-to-month,Yes,Mailed check,111.15,5683.82,No
C0227-6212,Female,1,No,No,36,No,No phone service,No,No internet service,No internet service,No internet service,No internet service,No internet service,No internet service,One year,No,Bank transfer (automatic),18.25,633.93,No
C0228-5921,Female,1,No,No,26,Yes,Yes,No,No internet service,No internet service,No internet service,No internet service,No internet service,No internet service,Two year,No,Bank transfer (automatic),40.36,1051.9,No
C0229-2590,Male,0,Yes,Yes,51,Yes,No,DSL,Yes,Yes,No,Yes,Yes,Yes,Two year,No,Electronic check,117.15,5970.53,No
C0230-5168,Male,0,No,No,72,Yes,Yes,No,No internet service,No internet service,No internet service,No internet service,No internet service,No internet service,Month-to-month,Yes,Credit card (automatic),44.28,3207.18,No
C0231-8708,Female,0,No,No,31,Yes,No,Fiber optic,Yes,No,Yes,No,No,Yes,Two year,Yes,Electronic check,115.49,3568.13,No
C0232-1175,Female,0,No,No,40,Yes,No,Fiber optic,No,No,Yes,Yes,No,No,Month-to-month,Yes,Electronic check,92.68,3674.13,No
C0233-7825,Female,0,No,No,32,Yes,Yes,No,No internet service,No internet service,No internet service,No internet service,No internet service,No internet service,Month-to-month,No,Credit card (automatic),37.54,1212.84,No
C0234-5434,Male,0,No,No,72,Yes,Yes,No,No internet service,No internet service,No internet service,No internet service,No internet service,No internet service,Month-to-month,Yes,Bank transfer (automatic),44.61,3191.35,No
C0235-7474,Male,0,No,No,23,Yes,Yes,Fiber optic,No,No,Yes,No,No,Yes,One year,No,Bank transfer (automatic),104.55,2403.27,No
C0236-6969,Male,0,No,No,12,Yes,No,Fiber optic,No,No,Yes,Yes,No,Yes,Month-to-month,No,Bank transfer (automatic),103.89,1254.09,No
C0237-4888,Male,0,Yes,Yes,44,Yes,No,Fiber optic,No,Yes,Yes,No,Yes,Yes,One year,No,Credit card (automatic),114.43,4997.41,No
C0238-3777,Female,0,Yes,Yes,12,Yes,No,DSL,No,Yes,No,No,Yes,No,Month-to-month,Yes,Bank transfer (automatic),72.59,852.62,No
C0239-6645,Male,0,No,No,33,Yes,No,Fiber optic,No,Yes,Yes,No,Yes,No,Month-to-month,Yes,Bank transfer (automatic),95.79,3180.14,Yes
C0240-2261,Female,0,Yes,No,27,Yes,Yes,Fiber optic,Yes,No,Yes,No,No,Yes,Two year,No,Mailed check,119.78,3251.01,No
C0241-6256,Female,1,Yes,No,37,Yes,No,Fiber optic,No,No,No,No,Yes,No,One year,No,Electronic check,93.91,3473.44,No
C0242-1852,Male,1,No,No,28,Yes,Yes,DSL,Yes,Yes,No,No,Yes,Yes,Month-to-month,No,Electronic check,96.09,2672.77,No
C0243-6847,Male,0,Yes,No,4,Yes,No,Fiber optic,Yes,Yes,No,No,No,No,Month-to-month,No,Credit card (automatic),115.15,506.08,No
C0244-6658,Female,0,Yes,Yes,41,Yes,No,DSL,No,No,No,No,No,Yes,Month-to-month,No,Electronic check,77.27,3174.4,Yes
C0245-1759,Female,0,No,No,34,Yes,No,Fiber optic,No,Yes,No,Yes,Yes,No,Month-to-month,Yes,Electronic check,104.97,3584.21,Yes
C0246-7816,Female,0,Yes,No,60,No,No phone service,No,No internet service,No internet service,No internet service,No internet service,No internet service,No internet service,Month-to-month,Yes,Electronic check,18.25,1084.7,No
C0247-4741,Male,0,Yes,No,13,Yes,Yes,DSL,No,Yes,Yes,Yes,Yes,Yes,Two year,Yes,Mailed check,89.22,1142.31,No
C0248-8081,Male,0,Yes,Yes,3,Yes,No,No,No internet service,No internet service,No internet service,No internet service,No internet service,No internet service,Month-to-month,Yes,Credit card (automatic),29.93,108.19,Yes
C0249-1374,Female,0,Yes,Yes,44,Yes,Yes,Fiber optic,No,Yes,Yes,No,Yes,No,Month-to-month,No,Electronic check,118.91,5229.37,Yes
C0250-2614,Female,0,Yes,No,42,Yes,Yes,DSL,No,Yes,No,Yes,Yes,No,One year,Yes,Bank transfer (automatic),105.71,4444.36,No
C0251-5445,Female,0,No,No,40,No,No phone service,DSL,Yes,No,No,No,Yes,Yes,Month-to-month,Yes,Electronic check,59.83,2390.8,No
C0252-2693,Female,1,Yes,No,72,Yes,No,DSL,No,No,Yes,No,Yes,No,Month-to-month,No,Electronic check,75.71,5476.43,No
C0253-3968,Female,0,Yes,Yes,1,No,No phone service,No,No internet service,No internet service,No internet service,No internet service,No internet service,No internet service,Month-to-month,Yes,Bank transfer (automatic),18.25,15.47,No
C0254-6944,Female,0,No,No,3,Yes,No,DSL,No,Yes,Yes,Yes,No,No,One year,Yes,Credit card (automatic),87.49,272.06,Yes
C0255-2300,Female,1,Yes,Yes,7,Yes,Yes,Fiber optic,Yes,No,Yes,Yes,Yes,No,Month-to-month,No,Bank transfer (automatic),114.67,805.84,No
C0256-7098,Male,0,Yes,Yes,47,Yes,Yes,Fiber optic,No,Yes,No,Yes,Yes,No,Month-to-month,Yes,Credit card (automatic),106.72,4991.57,No
C0257-1930,Male,0,Yes,No,64,Yes,No,DSL,No,No,Yes,No,Yes,Yes,Month-to-month,Yes,Credit card (automatic),106.07,6774.68,No
C0258-2576,Female,0,Yes,No,28,Yes,No,Fiber optic,No,Yes,No,No,No,Yes,Month-to-month,Yes,Credit card (automatic),88.96,2496.29,Yes
C0259-6288,Male,1,Yes,No,41,Yes,Yes,DSL,No,No,Yes,Yes,Yes,Yes,Month-to-month,No,Electronic check,111.22,4553.39,No
C0260-8140,Female,0,Yes,Yes,12,Yes,Yes,No,No internet service,No internet service,No internet service,No internet service,No internet service,No internet service,One year,Yes,Electronic check,48.93,583.26,No
C0261-2535,Male,0,No,No,9,Yes,No,No,No internet service,No internet service,No internet service,No internet service,No internet service,No internet service,One year,Yes,Bank transfer (automatic),37.11,359.52,No
C0262-3699,Female,0,No,Yes,4,No,No phone service,No,No internet service,No internet service,No internet service,No internet service,No internet service,No internet service,Month-to-month,No,Bank transfer (automatic),19.92,74.68,Yes
C0263-9325,Male,0,No,No,41,Yes,No,DSL,Yes,No,Yes,No,Yes,No,Month-to-month,No,Electronic check,99.55,4118.91,Yes
C0264-9906,Female,0,Yes,Yes,61,Yes,Yes,Fiber optic,No,Yes,No,No,Yes,No,Month-to-month,No,Bank transfer (automatic),110.52,6738.07,No
C0265-6228,Male,0,No,Yes,6,Yes,No,Fiber optic,No,Yes,No,No,Yes,No,Month-to-month,Yes,Electronic check,105.91,625.69,Yes
C0266-5022,Female,0,No,No,12,Yes,Yes,No,No internet service,No internet service,No internet service,No internet service,No internet service,No internet service,Two year,Yes,Bank transfer (automatic),59.32,738.2,No
C0267-4121,Male,0,Yes,Yes,16,Yes,Yes,Fiber optic,Yes,No,No,Yes,No,Yes,One year,Yes,Electronic check,124.7,2000.53,No
C0268-6511,Female,0,No,No,8,Yes,Yes,Fiber optic,Yes,Yes,Yes,Yes,Yes,Yes,Month-to-month,No,Credit card (automatic),124.27,1018.14,Yes
C0269-6317,Male,0,No,No,34,Yes,No,Fiber optic,No,No,Yes,No,No,No,One year,No,Electronic check,81.4,2747.87,No
C0270-3652,Female,0,Yes,Yes,19,No,No phone service,No,No internet service,No internet service,No internet service,No internet service,No internet service,No internet service,Month-to-month,Yes,Mailed check,19.73,340.33,No
C0271-1205,Male,0,No,No,68,Yes,No,Fiber optic,No,No,No,No,Yes,No,Two year,No,Electronic check,88.41,5967.54,No
C0272-2363,Female,0,Yes,No,13,Yes,No,DSL,Yes,No,No,Yes,Yes,No,One year,No,Bank transfer (automatic),87.34,1110.98,Yes
C0273-9626,Male,1,Yes,No,51,Yes,Yes,No,No internet service,No internet service,No internet service,No internet service,No internet service,No internet service,Month-to-month,Yes,Credit card (automatic),48.67,2459.14,No
C0274-4762,Male,1,Yes,No,5,Yes,No,Fiber optic,Yes,No,No,Yes,No,No,Month-to-month,Yes,Credit card (automatic),115.85,588.63,No
C0275-5340,Male,0,Yes,Yes,14,No,No phone service,DSL,No,No,No,Yes,Yes,No,Month-to-month,No,Electronic check,56.09,781.93,Yes
C0276-5203,Female,0,No,No,29,Yes,Yes,Fiber optic,No,No,Yes,No,Yes,No,Month-to-month,Yes,Bank transfer (automatic),108.33,3136.08,No
C0277-8043,Female,0,No,No,34,Yes,No,DSL,No,Yes,No,No,Yes,Yes,Month-to-month,No,Bank transfer (automatic),76.72,2586.39,No
C0278-1584,Female,0,Yes,No,72,Yes,Yes,Fiber optic,No,No,No,No,No,No,Month-to-month,No,Mailed check,95.06,6859.43,No
C0279-1744,Male,0,No,No,33,Yes,No,Fiber optic,No,Yes,No,Yes,Yes,Yes,One year,Yes,Mailed check,106.83,3537.38,No
C0280-3482,Male,1,No,No,34,Yes,Yes,No,No internet service,No internet service,No internet service,No internet service,No internet service,No internet service,Month-to-month,No,Electronic check,49.94,1670.68,No
C0281-5379,Female,0,No,No,10,Yes,No,DSL,No,No,No,Yes,No,No,Month-to-month,Yes,Bank transfer (automatic),68.53,678.97,Yes
C0282-7039,Male,0,No,No,11,Yes,No,Fiber optic,No,Yes,No,Yes,No,Yes,Month-to-month,Yes,Electronic check,106.29,1155.41,No
C0283-5415,Female,1,No,No,16,No,No phone service,DSL,No,Yes,Yes,Yes,Yes,Yes,Month-to-month,Yes,Bank transfer (automatic),86.12,1407.7,No
C0284-4970,Male,0,No,No,25,Yes,Yes,DSL,Yes,No,Yes,No,No,No,Month-to-month,No,Credit card (automatic),86.75,2172.5,Yes
C0285-9439,Female,0,Yes,No,23,Yes,No,Fiber optic,No,Yes,Yes,Yes,No,Yes,One year,No,Credit card (automatic),122.3,2812.71,No
C0286-2449,Female,0,No,No,34,No,No phone service,Fiber optic,Yes,No,No,No,Yes,Yes,Month-to-month,Yes,Credit card (automatic),83.41,2839.52,Yes
C0287-6144,Female,0,Yes,No,70,Yes,Yes,No,No internet service,No internet service,No internet service,No internet service,No internet service,No internet service,Month-to-month,No,Credit card (automatic),52.05,3646.76,Yes
C0288-5879,Female,1,Yes,No,26,Yes,Yes,Fiber optic,No,No,No,Yes,No,Yes,Two year,Yes,Electronic check,101.14,2634.29,No
C0289-5260,Female,0,Yes,Yes,46,Yes,Yes,DSL,No,Yes,No,Yes,Yes,No,Month-to-month,Yes,Mailed check,100.81,4601.17,No
C0290-8267,Female,0,Yes,No,11,Yes,No,Fiber optic,No,No,No,Yes,No,No,Month-to-month,Yes,Mailed check,89.36,983.0,No
C0291-3402,Female,0,No,No,72,Yes,Yes,Fiber optic,No,No,Yes,Yes,No,Yes,Month-to-month,Yes,Mailed check,107.8,7811.42,Yes
C0292-9583,Female,1,No,No,25,Yes,No,Fiber optic,Yes,No,Yes,No,No,No,Month-to-month,Yes,Credit card (automatic),103.13,2561.97,Yes
C0293-3983,Male,0,No,No,72,Yes,No,DSL,No,Yes,Yes,No,Yes,No,One year,No,Mailed check,98.81,7130.13,No
C0294-5904,Female,0,No,No,20,Yes,Yes,No,No internet service,No internet service,No internet service,No internet service,No internet service,No internet service,One year,No,Mailed check,45.98,929.96,No
C0295-5685,Female,0,Yes,Yes,17,Yes,Yes,No,No internet service,No internet service,No internet service,No internet service,No internet service,No internet service,Month-to-month,Yes,Credit card (automatic),46.14,782.71,No
C0296-8647,Male,1,No,No,14,Yes,Yes,No,No internet service,No internet service,No internet service,No internet service,No internet service,No internet service,Month-to-month,Yes,Mailed check,35.02,474.31,No
C0297-4949,Male,0,Yes,Yes,8,Yes,No,DSL,No,No,Yes,Yes,Yes,No,Month-to-month,No,Electronic check,106.67,862.56,No
C0298-3560,Female,0,Yes,No,54,Yes,No,Fiber optic,Yes,No,No,No,Yes,Yes,Month-to-month,No,Credit card (automatic),99.03,5341.16,No
C0299-1194,Male,1,No,No,12,Yes,Yes,Fiber optic,No,Yes,Yes,Yes,Yes,Yes,Two year,No,Mailed check,133.11,1595.58,Yes
C0300-4272,Male,0,No,No,33,Yes,No,DSL,No,No,Yes,No,No,Yes,Month-to-month,No,Bank transfer (automatic),81.33,2691.37,Yes
C0301-8435,Male,0,Yes,No,7,No,No phone service,Fiber optic,Yes,No,No,No,No,No,Two year,Yes,Bank transfer (automatic),73.78,500.29,No
C0302-1089,Female,0,Yes,No,72,Yes,Yes,Fiber optic,No,Yes,Yes,No,No,Yes,Month-to-month,Yes,Electronic check,121.24,8722.98,Yes
C0303-9064,Female,0,Yes,Yes,55,No,No phone service,DSL,Yes,Yes,Yes,No,Yes,No,One year,Yes,Credit card (automatic),79.33,4375.26,No
C0304-5884,Female,0,No,No,52,No,No phone service,DSL,No,No,Yes,Yes,Yes,Yes,Month-to-month,No,Bank transfer (automatic),57.88,3009.13,Yes
C0305-2262,Male,0,Yes,Yes,29,Yes,No,DSL,No,No,No,Yes,No,Yes,Two year,Yes,Electronic check,92.27,2644.77,No
C0306-3719,Male,0,Yes,No,23,Yes,Yes,DSL,Yes,No,Yes,No,Yes,Yes,One year,Yes,Electronic check,94.63,2183.15,No
C0307-5985,Male,0,No,No,15,Yes,Yes,Fiber optic,No,Yes,Yes,No,No,Yes,One year,No,Electronic check,113.45,1711.55,No
C0308-3840,Male,0,No,No,72,Yes,Yes,No,No internet service,No internet service,No internet service,No internet service,No internet service,No internet service,Month-to-month,No,Bank transfer (automatic),39.57,2860.64,No
C0309-1977,Female,1,Yes,Yes,5,Yes,No,DSL,No,Yes,Yes,No,Yes,No,Month-to-month,Yes,Electronic check,76.78,380.32,No
C0310-6993,Female,0,No,No,42,Yes,Yes,Fiber optic,Yes,No,No,No,No,No,One year,No,Mailed check,113.1,4733.97,No
C0311-7049,Male,0,Yes,Yes,12,Yes,No,DSL,Yes,Yes,Yes,Yes,No,Yes,Month-to-month,No,Electronic check,97.49,1149.01,No
C0312-2069,Male,0,Yes,No,7,Yes,No,Fiber optic,No,Yes,No,No,No,No,One year,No,Electronic check,101.75,705.55,Yes
C0313-3530,Female,0,No,No,18,Yes,No,DSL,No,Yes,No,Yes,No,Yes,Month-to-month,No,Mailed check,93.09,1687.99,No
C0314-3194,Female,0,Yes,No,19,Yes,Yes,DSL,Yes,Yes,No,No,No,Yes,One year,Yes,Electronic check,105.94,2000.92,Yes
C0315-6934,Male,0,Yes,No,35,Yes,No,No,No internet service,No internet service,No internet service,No internet service,No internet service,No internet service,Month-to-month,Yes,Mailed check,27.64,998.12,No
C0316-7571,Female,0,No,No,59,Yes,Yes,No,No internet service,No internet service,No internet service,No internet service,No internet service,No internet service,One year,Yes,Mailed check,41.23,2422.54,No
C0317-7542,Female,0,No,No,22,Yes,Yes,Fiber optic,Yes,Yes,Yes,No,No,No,Month-to-month,Yes,Mailed check,120.6,2676.99,No
C0318-9447,Male,0,No,No,3,Yes,Yes,DSL,No,Yes,Yes,No,Yes,Yes,Month-to-month,Yes,Mailed check,109.07,334.01,Yes
C0319-7917,Female,1,No,No,11,Yes,Yes,Fiber optic,No,No,No,No,Yes,No,Two year,No,Mailed check,95.35,1039.78,No
C0320-3885,Female,0,Yes,No,22,Yes,Yes,Fiber optic,No,No,Yes,No,Yes,Yes,Month-to-month,Yes,Electronic check,108.13,2358.96,Yes
C0321-1969,Male,0,No,No,17,Yes,No,Fiber optic,No,Yes,Yes,Yes,Yes,No,Two year,Yes,Bank transfer (automatic),121.17,2068.55,No
C0322-6531,Female,0,Yes,Yes,42,No,No phone service,No,No internet service,No internet service,No internet service,No internet service,No internet service,No internet service,Two year,Yes,Electronic check,18.4,770.54,No
C0323-9243,Male,0,No,No,34,Yes,No,Fiber optic,No,Yes,Yes,Yes,No,No,Month-to-month,Yes,Mailed check,103.33,3500.52,No
C0324-9775,Female,0,Yes,No,48,Yes,No,No,No internet service,No internet service,No internet service,No internet service,No internet service,No internet service,Month-to-month,No,Bank transfer (automatic),26.29,1262.84,No
C0325-3071,Female,1,Yes,No,1,Yes,No,No,No internet service,No internet service,No internet service,No internet service,No internet service,No internet service,Month-to-month,No,Bank transfer (automatic),29.63,33.57,No
C0326-3127,Female,1,Yes,No,56,Yes,Yes,No,No internet service,No internet service,No internet service,No internet service,No internet service,No internet service,Two year,Yes,Credit card (automatic),50.68,2822.94,No
C0327-1336,Male,0,No,No,4,Yes,No,DSL,No,No,Yes,No,Yes,No,Month-to-month,Yes,Bank transfer (automatic),87.76,352.83,No
C0328-2271,Female,1,Yes,No,39,Yes,Yes,DSL,Yes,Yes,Yes,Yes,Yes,Yes,Two year,Yes,Electronic check,123.31,4771.89,No
C0329-5993,Male,0,No,No,67,Yes,No,Fiber optic,Yes,No,Yes,Yes,No,No,Month-to-month,No,Electronic check,101.21,6757.97,No
C0330-5920,Female,0,No,No,1,Yes,Yes,Fiber optic,No,No,No,Yes,Yes,No,Month-to-month,Yes,Electronic check,118.77,134.31,Yes
C0331-4337,Female,0,No,No,23,No,No phone service,DSL,No,No,No,No,No,No,Two year,Yes,Electronic check,55.24,1263.86,No
C0332-3789,Male,0,Yes,No,17,Yes,No,DSL,No,No,Yes,No,Yes,Yes,Month-to-month,Yes,Bank transfer (automatic),88.99,1523.87,Yes
C0333-8467,Male,0,Yes,Yes,6,Yes,No,Fiber optic,Yes,Yes,Yes,Yes,No,No,One year,Yes,Mailed check,117.03,711.22,Yes
C0334-5139,Male,1,No,No,1,Yes,Yes,DSL,Yes,No,Yes,No,No,Yes,Month-to-month,No,Mailed check,98.8,115.04,No
C0335-8273,Female,0,No,No,57,Yes,No,No,No internet service,No internet service,No internet service,No internet service,No internet service,No internet service,Month-to-month,No,Bank transfer (automatic),25.51,1465.44,No
C0336-9667,Female,0,Yes,Yes,7,Yes,Yes,No,No internet service,No internet service,No internet service,No internet service,No internet service,No internet service,Two year,No,Electronic check,31.76,237.02,No
C0337-3853,Male,0,No,Yes,72,Yes,Yes,DSL,Yes,No,Yes,Yes,No,No,Month-to-month,Yes,Electronic check,93.32,6693.65,No
C0338-2824,Female,0,Yes,No,7,No,No phone service,DSL,No,No,No,No,No,No,One year,Yes,Credit card (automatic),43.85,334.49,No
C0339-9575,Female,1,Yes,No,8,No,No phone service,Fiber optic,No,No,Yes,No,Yes,Yes,Two year,No,Electronic check,65.31,532.42,No
C0340-6712,Male,0,Yes,Yes,7,Yes,No,Fiber optic,No,No,Yes,No,Yes,No,One year,Yes,Electronic check,103.66,767.79,No
C0341-3617,Male,0,Yes,Yes,10,Yes,Yes,Fiber optic,No,Yes,Yes,No,No,Yes,Two year,Yes,Credit card (automatic),124.7,1244.12,No
C0342-6596,Female,0,Yes,No,24,Yes,No,Fiber optic,No,No,No,No,Yes,No,Two year,Yes,Credit card (automatic),105.75,2523.39,No
C0343-5634,Male,0,No,No,39,Yes,No,Fiber optic,No,No,No,No,No,Yes,Month-to-month,Yes,Electronic check,97.6,3825.52,Yes
C0344-9148,Male,0,Yes,Yes,14,Yes,No,DSL,No,Yes,Yes,No,No,No,One year,Yes,Bank transfer (automatic),74.77,1061.13,No
C0345-3303,Female,0,No,No,39,Yes,No,Fiber optic,No,Yes,Yes,No,Yes,No,Month-to-month,Yes,Mailed check,118.63,4597.28,No
C0346-9921,Male,0,No,No,72,Yes,Yes,No,No internet service,No internet service,No internet service,No internet service,No internet service,No internet service,One year,No,Electronic check,55.48,3993.18,No
C0347-9423,Male,0,No,No,19,Yes,Yes,No,No internet service,No internet service,No internet service,No internet service,No internet service,No internet service,One year,Yes,Electronic check,47.44,890.54,No
C0348-2626,Female,0,Yes,Yes,15,Yes,Yes,Fiber optic,Yes,Yes,No,No,No,No,Month-to-month,Yes,Electronic check,115.62,1725.48,Yes
C0349-2481,Female,0,No,No,8,Yes,Yes,Fiber optic,No,No,Yes,No,No,No,One year,Yes,Bank transfer (automatic),108.79,871.47,No
C0350-5797,Female,0,Yes,Yes,24,Yes,Yes,No,No internet service,No internet service,No internet service,No internet service,No internet service,No internet service,Month-to-month,Yes,Credit card (automatic),62.85,1492.61,No
C0351-1404,Male,1,No,No,72,Yes,No,Fiber optic,No,Yes,No,Yes,No,Yes,One year,No,Bank transfer (automatic),82.48,5956.92,No
C0352-3688,Female,1,Yes,No,23,Yes,No,Fiber optic,No,No,No,No,No,Yes,Month-to-month,Yes,Electronic check,101.81,2327.94,No
C0353-4915,Female,0,No,No,40,Yes,No,DSL,No,No,No,No,No,Yes,Month-to-month,No,Mailed check,70.43,2803.5,Yes
C0354-9723,Female,0,Yes,Yes,24,Yes,No,Fiber optic,Yes,Yes,No,No,Yes,No,One year,Yes,Electronic check,109.49,2606.13,No
C0355-9930,Female,1,No,No,23,Yes,No,No,No internet service,No internet service,No internet service,No internet service,No internet service,No internet service,Month-to-month,No,Electronic check,44.36,1025.35,No
C0356-2363,Female,0,Yes,No,72,Yes,No,Fiber optic,No,No,No,No,Yes,No,Two year,No,Electronic check,95.11,6827.86,No
C0357-9024,Male,0,Yes,No,33,Yes,Yes,DSL,No,Yes,No,Yes,Yes,No,One year,No,Mailed check,96.11,3181.22,No
C0358-1818,Male,0,No,No,51,Yes,No,Fiber optic,No,Yes,No,No,Yes,No,Two year,No,Mailed check,100.44,5141.23,No
C0359-7736,Female,0,Yes,Yes,37,Yes,Yes,Fiber optic,No,Yes,Yes,Yes,No,No,One year,Yes,Electronic check,121.24,4477.2,No
C0360-8609,Female,0,No,No,24,No,No phone service,DSL,No,No,No,No,No,No,Two year,Yes,Mailed check,48.3,1183.77,No
C0361-9016,Female,0,No,No,14,Yes,No,Fiber optic,No,No,No,No,Yes,Yes,Month-to-month,No,Mailed check,94.39,1316.64,No
C0362-3010,Male,0,No,No,72,Yes,No,DSL,No,No,Yes,Yes,No,No,One year,Yes,Credit card (automatic),82.85,5984.81,No
C0363-9040,Male,1,No,No,3,Yes,Yes,No,No internet service,No internet service,No internet service,No internet service,No internet service,No internet service,Month-to-month,Yes,Mailed check,51.98,169.9,Yes
C0364-2043,Male,0,No,No,12,No,No phone service,Fiber optic,No,Yes,No,No,No,No,Month-to-month,No,Mailed check,77.13,914.68,Yes
C0365-5669,Male,0,No,No,12,Yes,No,Fiber optic,Yes,Yes,No,No,Yes,No,Two year,Yes,Electronic check,118.64,1425.46,No
C0366-5225,Female,0,Yes,Yes,54,Yes,Yes,No,No internet service,No internet service,No internet service,No internet service,No internet service,No internet service,One year,Yes,Credit card (automatic),45.13,2440.89,No
C0367-3843,Female,0,No,No,72,Yes,No,Fiber optic,No,No,No,No,No,No,One year,Yes,Electronic check,80.2,5759.33,No
C0368-1199,Female,0,No,Yes,5,Yes,Yes,Fiber optic,Yes,Yes,No,Yes,Yes,Yes,One year,No,Electronic check,132.04,641.34,Yes
C0369-7947,Male,0,Yes,No,21,Yes,No,DSL,No,Yes,Yes,Yes,No,No,Month-to-month,Yes,Credit card (automatic),85.68,1789.48,No
C0370-4019,Female,0,Yes,No,52,Yes,Yes,No,No internet service,No internet service,No internet service,No internet service,No internet service,No internet service,Two year,No,Mailed check,34.55,1784.43,No
C0371-6954,Female,0,Yes,Yes,13,Yes,No,Fiber optic,No,No,No,No,No,Yes,Month-to-month,Yes,Electronic check,100.61,1265.94,No
C0372-4691,Male,0,No,No,40,Yes,No,Fiber optic,No,Yes,Yes,No,Yes,Yes,Month-to-month,Yes,Electronic check,131.98,5315.9,No
C0373-4362,Male,0,Yes,No,20,Yes,Yes,Fiber optic,No,No,Yes,Yes,Yes,No,Month-to-month,Yes,Electronic check,116.62,2324.2,Yes
C0374-8975,Female,1,No,No,14,Yes,No,Fiber optic,Yes,Yes,No,Yes,No,No,Two year,Yes,Electronic check,104.04,1478.53,No
C0375-1850,Male,0,No,No,45,Yes,Yes,Fiber optic,No,Yes,Yes,No,No,Yes,Month-to-month,No,Electronic check,100.21,4519.45,No
C0376-7628,Male,0,No,No,16,Yes,Yes,Fiber optic,No,Yes,Yes,No,Yes,No,Month-to-month,Yes,Mailed check,120.11,1908.88,No
C0377-7720,Male,0,Yes,Yes,28,Yes,No,Fiber optic,No,No,Yes,No,Yes,No,Month-to-month,No,Electronic check,109.6,3082.82,No
C0378-4419,Male,0,No,No,6,Yes,Yes,Fiber optic,No,No,Yes,No,No,Yes,Month-to-month,Yes,Electronic check,107.34,629.48,No
C0379-3361,Female,0,No,No,40,Yes,No,Fiber optic,No,No,No,No,Yes,No,Month-to-month,Yes,Electronic check,93.89,3788.45,No
C0380-1047,Male,0,Yes,No,60,Yes,No,Fiber optic,No,Yes,No,Yes,Yes,No,Month-to-month,Yes,Mailed check,95.11,5695.44,Yes
C0381-9430,Male,0,Yes,No,5,Yes,No,No,No internet service,No internet service,No internet service,No internet service,No internet service,No internet service,Month-to-month,Yes,Bank transfer (automatic),40.11,187.57,No
C0382-9528,Male,0,Yes,No,11,Yes,No,Fiber optic,No,Yes,No,No,Yes,No,Month-to-month,No,Credit card (automatic),92.82,1041.48,No
C0383-3168,Male,1,No,No,56,Yes,No,No,No internet service,No internet service,No internet service,No internet service,No internet service,No internet service,Month-to-month,Yes,Credit card (automatic),42.57,2382.82,No
C0384-1287,Male,0,Yes,Yes,17,No,No phone service,Fiber optic,No,No,No,No,Yes,Yes,Month-to-month,No,Mailed check,83.05,1439.0,Yes
C0385-2104,Male,0,Yes,No,22,Yes,Yes,DSL,No,Yes,No,No,No,Yes,Month-to-month,Yes,Electronic check,85.31,1861.79,Yes
C0386-1608,Male,1,Yes,No,7,Yes,Yes,Fiber optic,No,No,Yes,No,No,Yes,Two year,Yes,Mailed check,119.33,870.83,No
C0387-8479,Male,0,Yes,No,61,Yes,Yes,Fiber optic,No,No,Yes,No,No,No,Month-to-month,No,Mailed check,93.93,5709.98,No
C0388-9026,Male,0,Yes,No,6,Yes,No,DSL,Yes,Yes,Yes,No,No,Yes,Month-to-month,Yes,Bank transfer (automatic),107.48,653.89,Yes
C0389-2379,Female,0,No,No,22,Yes,No,Fiber optic,No,Yes,No,Yes,Yes,Yes,Month-to-month,Yes,Mailed check,119.73,2622.15,No
C0390-7719,Male,0,Yes,No,14,Yes,Yes,Fiber optic,No,No,Yes,Yes,Yes,Yes,Two year,No,Bank transfer (automatic),123.85,1733.06,No
C0391-2613,Female,0,No,Yes,47,Yes,Yes,Fiber optic,No,No,No,Yes,No,No,Two year,No,Bank transfer (automatic),98.57,4654.62,No
C0392-4304,Male,0,Yes,No,72,No,No phone service,DSL,No,No,Yes,Yes,Yes,No,Month-to-month,No,Credit card (automatic),73.48,5277.17,No
C0393-6393,Male,0,Yes,Yes,3,Yes,No,Fiber optic,No,Yes,No,No,No,No,Month-to-month,No,Bank transfer (automatic),91.28,303.84,Yes
C0394-7478,Male,0,No,No,13,Yes,Yes,Fiber optic,No,Yes,No,No,No,No,Month-to-month,Yes,Credit card (automatic),112.71,1477.99,No
C0395-8870,Male,0,No,No,17,No,No phone service,Fiber optic,No,Yes,Yes,No,Yes,Yes,Month-to-month,No,Bank transfer (automatic),106.99,1787.02,Yes
C0396-1403,Female,1,No,Yes,6,Yes,Yes,Fiber optic,No,No,No,No,No,No,Month-to-month,Yes,Credit card (automatic),89.31,529.98,No
C0397-2767,Female,1,Yes,Yes,24,Yes,No,DSL,No,Yes,Yes,No,Yes,No,Month-to-month,No,Mailed check,89.96,2161.15,No
C0398-3524,Male,0,No,No,50,Yes,No,DSL,No,No,No,No,Yes,No,Month-to-month,No,Bank transfer (automatic),60.19,3012.66,No
C0399-3792,Male,0,No,Yes,30,Yes,Yes,Fiber optic,Yes,No,No,No,Yes,Yes,Month-to-month,No,Credit card (automatic),125.68,3753.53,Yes
C0400-9981,Male,0,Yes,No,41,Yes,No,DSL,No,Yes,No,Yes,Yes,No,Month-to-month,Yes,Electronic check,89.19,3646.34,Yes
C0401-7995,Male,0,No,No,12,Yes,No,DSL,Yes,No,No,No,No,No,Month-to-month,Yes,Bank transfer (automatic),70.73,827.64,No
C0402-3883,Male,0,Yes,Yes,41,Yes,No,No,No internet service,No internet service,No internet service,No internet service,No internet service,No internet service,Month-to-month,No,Electronic check,22.61,953.13,No
C0403-9745,Female,0,Yes,No,30,Yes,No,DSL,No,Yes,Yes,No,No,No,Two year,Yes,Mailed check,83.89,2486.88,No
C0404-5493,Female,0,No,No,7,Yes,No,Fiber optic,No,Yes,Yes,Yes,Yes,Yes,Month-to-month,No,Electronic check,122.97,831.32,Yes
C0405-5506,Male,0,No,No,25,Yes,No,Fiber optic,No,No,No,No,No,Yes,Month-to-month,No,Bank transfer (automatic),86.29,2142.77,No
C0406-4902,Male,0,No,No,14,Yes,No,DSL,No,No,Yes,No,Yes,Yes,Two year,Yes,Mailed check,88.22,1225.12,Yes
C0407-2294,Male,0,No,No,72,Yes,No,DSL,Yes,No,Yes,No,Yes,No,Month-to-month,Yes,Electronic check,97.49,7008.26,No
C0408-9408,Male,0,Yes,Yes,53,Yes,No,DSL,No,Yes,No,Yes,No,Yes,Month-to-month,Yes,Bank transfer (automatic),98.34,5207.93,No
C0409-1125,Male,0,No,No,28,Yes,Yes,DSL,No,No,No,No,No,Yes,One year,No,Mailed check,78.05,2204.86,No
C0410-2568,Male,0,No,No,69,Yes,Yes,Fiber optic,No,No,No,No,Yes,Yes,Month-to-month,No,Mailed check,100.57,6924.72,Yes
C0411-3066,Male,1,Yes,No,42,Yes,No,Fiber optic,No,No,No,No,No,Yes,Month-to-month,Yes,Mailed check,103.13,4321.31,No
C0412-3513,Female,0,Yes,Yes,7,Yes,Yes,Fiber optic,No,No,No,No,No,No,One year,Yes,Mailed check,84.93,606.22,No
C0413-2186,Male,0,No,No,72,Yes,No,Fiber optic,No,Yes,Yes,No,No,Yes,One year,No,Mailed check,101.36,7325.01,No
C0414-1161,Male,0,Yes,Yes,5,Yes,No,DSL,No,No,No,Yes,Yes,Yes,Two year,Yes,Credit card (automatic),91.88,472.93,No
C0415-7098,Female,0,No,No,72,Yes,No,No,No internet service,No internet service,No internet service,No internet service,No internet service,No internet service,Month-to-month,No,Bank transfer (automatic),47.77,3402.21,Yes
C0416-9722,Male,0,No,No,30,Yes,Yes,DSL,No,Yes,No,No,Yes,Yes,Month-to-month,No,Electronic check,99.41,2983.42,No
C0417-2096,Male,0,No,No,24,Yes,Yes,DSL,No,No,No,No,No,Yes,Month-to-month,Yes,Bank transfer (automatic),78.28,1900.82,Yes
C0418-3668,Male,0,No,No,12,Yes,No,Fiber optic,No,No,No,No,No,No,Month-to-month,Yes,Electronic check,93.38,1085.78,Yes
C0419-5556,Female,0,No,No,32,Yes,No,No,No internet service,No internet service,No internet service,No internet service,No internet service,No internet service,One year,Yes,Mailed check,47.34,1515.08,No
C0420-9346,Male,1,No,No,40,Yes,No,Fiber optic,Yes,No,Yes,No,Yes,No,One year,Yes,Mailed check,113.18,4521.8,No
C0421-7247,Female,1,Yes,Yes,37,Yes,No,DSL,Yes,Yes,Yes,No,Yes,No,Month-to-month,No,Mailed check,76.33,2859.93,No
C0422-7894,Male,0,No,No,30,Yes,Yes,DSL,No,No,Yes,No,No,Yes,Two year,Yes,Mailed check,82.26,2473.8,No
C0423-6229,Male,0,No,No,21,Yes,Yes,Fiber optic,Yes,Yes,Yes,Yes,Yes,No,Month-to-month,No,Electronic check,138.75,2923.73,Yes
C0424-4752,Male,0,No,No,44,Yes,Yes,No,No internet service,No internet service,No internet service,No internet service,No internet service,No internet service,Two year,Yes,Credit card (automatic),40.76,1813.09,No
C0425-2797,Male,0,No,No,17,Yes,No,DSL,Yes,No,Yes,No,Yes,Yes,Month-to-month,No,Bank transfer (automatic),100.61,1663.13,No
C0426-8777,Female,0,No,No,23,Yes,No,DSL,Yes,No,Yes,No,Yes,Yes,One year,No,Credit card (automatic),96.54,2229.93,No
C0427-8236,Male,0,No,No,35,Yes,No,DSL,No,No,Yes,No,No,Yes,One year,Yes,Bank transfer (automatic),81.9,2853.54,No
C0428-1225,Male,0,No,Yes,25,Yes,No,DSL,Yes,Yes,No,No,Yes,Yes,One year,Yes,Electronic check,102.9,2553.35,No
C0429-7437,Female,0,No,No,5,Yes,No,DSL,No,No,No,No,Yes,Yes,One year,No,Electronic check,77.22,379.09,No
C0430-1759,Female,0,No,No,30,Yes,Yes,Fiber optic,No,Yes,Yes,No,Yes,No,One year,No,Mailed check,123.05,3687.56,No
C0431-7650,Female,0,Yes,Yes,30,Yes,Yes,DSL,No,Yes,Yes,No,No,Yes,One year,Yes,Electronic check,92.83,2790.51,No
C0432-8432,Male,0,Yes,No,28,No,No phone service,Fiber optic,No,Yes,No,No,Yes,No,Two year,Yes,Credit card (automatic),85.24,2401.4,No
C0433-2179,Male,0,No,No,22,Yes,Yes,Fiber optic,No,Yes,No,Yes,Yes,No,Month-to-month,No,Credit card (automatic),124.68,2768.89,No
C0434-4904,Male,0,Yes,Yes,18,Yes,No,Fiber optic,Yes,No,Yes,No,No,Yes,Month-to-month,Yes,Electronic check,102.33,1828.5,No
C0435-2113,Male,0,Yes,No,26,No,No phone service,No,No internet service,No internet service,No internet service,No internet service,No internet service,No internet service,One year,Yes,Credit card (automatic),19.95,518.28,Yes
C0436-6104,Female,1,Yes,No,12,Yes,No,DSL,No,No,Yes,No,Yes,Yes,Month-to-month,No,Bank transfer (automatic),77.66,886.17,Yes
C0437-9347,Male,0,No,No,72,Yes,No,DSL,No,Yes,Yes,No,No,No,Month-to-month,Yes,Electronic check,76.08,5462.61,No
C0438-1727,Female,1,No,Yes,36,Yes,No,Fiber optic,Yes,No,No,No,Yes,No,Month-to-month,No,Bank transfer (automatic),98.44,3550.96,Yes
C0439-4577,Female,0,No,No,33,Yes,No,Fiber optic,No,Yes,Yes,No,No,No,Month-to-month,No,Electronic check,96.64,3202.18,No
C0440-9757,Female,0,No,No,59,No,No phone service,Fiber optic,No,Yes,No,No,No,No,One year,Yes,Electronic check,82.5,4913.72,No
C0441-3708,Female,0,No,No,10,Yes,Yes,Fiber optic,No,No,No,No,No,No,One year,Yes,Electronic check,96.17,958.02,Yes
C0442-2189,Male,0,Yes,Yes,16,Yes,No,DSL,Yes,Yes,No,Yes,No,No,Month-to-month,Yes,Mailed check,106.75,1694.28,No
C0443-5396,Male,0,Yes,No,14,Yes,No,Fiber optic,No,No,Yes,No,No,No,Month-to-month,No,Credit card (automatic),95.57,1335.8,No
C0444-5574,Male,0,Yes,Yes,34,Yes,Yes,No,No internet service,No internet service,No internet service,No internet service,No internet service,No internet service,Month-to-month,Yes,Electronic check,41.59,1410.47,No
C0445-6965,Female,0,Yes,No,10,Yes,No,Fiber optic,No,Yes,No,Yes,Yes,Yes,Two year,No,Credit card (automatic),122.62,1208.38,No
C0446-3823,Female,0,No,No,47,Yes,No,Fiber optic,No,No,No,No,No,Yes,One year,Yes,Electronic check,99.11,4666.27,Yes
C0447-9599,Female,1,Yes,No,33,Yes,No,No,No internet service,No internet service,No internet service,No internet service,No internet service,No internet service,Month-to-month,No,Electronic check,46.14,1499.54,No
C0448-5688,Male,1,No,No,14,Yes,No,Fiber optic,No,No,No,Yes,Yes,Yes,Month-to-month,No,Credit card (automatic),105.62,1486.64,No
C0449-3577,Female,0,No,No,6,Yes,No,DSL,Yes,No,No,Yes,No,Yes,Two year,Yes,Bank transfer (automatic),83.3,502.34,No
C0450-9641,Female,0,Yes,Yes,33,Yes,Yes,Fiber optic,No,No,Yes,No,No,No,One year,Yes,Credit card (automatic),105.22,3477.6,Yes
C0451-9322,Male,1,No,Yes,4,Yes,Yes,Fiber optic,Yes,No,Yes,No,Yes,Yes,Month-to-month,Yes,Credit card (automatic),123.01,503.76,No
C0452-5491,Male,0,No,No,12,Yes,Yes,No,No internet service,No internet service,No internet service,No internet service,No internet service,No internet service,One year,No,Electronic check,55.45,690.89,No
C0453-1223,Male,0,No,No,23,Yes,No,No,No internet service,No internet service,No internet service,No internet service,No internet service,No internet service,Month-to-month,Yes,Credit card (automatic),29.01,668.19,Yes
C0454-6371,Female,0,No,No,21,Yes,Yes,Fiber optic,No,No,Yes,Yes,Yes,No,Two year,Yes,Credit card (automatic),124.3,2611.18,No
C0455-5996,Male,0,No,No,14,Yes,No,Fiber optic,No,Yes,Yes,No,Yes,No,Two year,Yes,Bank transfer (automatic),125.3,1760.06,No
C0456-2333,Female,0,No,No,45,Yes,Yes,DSL,No,Yes,No,Yes,No,No,Month-to-month,No,Credit card (automatic),94.21,4233.6,Yes
C0457-6705,Male,0,No,No,11,No,No phone service,Fiber optic,Yes,Yes,Yes,Yes,No,No,One year,Yes,Credit card (automatic),103.79,1161.46,No
C0458-8566,Female,0,Yes,Yes,14,Yes,Yes,DSL,Yes,Yes,No,Yes,Yes,No,Two year,Yes,Electronic check,101.65,1400.41,No
C0459-1952,Male,0,No,No,28,Yes,Yes,No,No internet service,No internet service,No internet service,No internet service,No internet service,No internet service,Month-to-month,No,Credit card (automatic),37.16,1047.96,No
C0460-7509,Male,0,No,No,28,Yes,No,DSL,No,Yes,No,No,No,Yes,Two year,Yes,Electronic check,62.18,1736.21,No
C0461-2262,Male,0,Yes,Yes,7,Yes,Yes,Fiber optic,No,Yes,Yes,No,No,Yes,Month-to-month,Yes,Mailed check,120.91,856.36,No
C0462-7738,Female,0,Yes,Yes,27,Yes,No,Fiber optic,Yes,No,Yes,No,Yes,No,Month-to-month,Yes,Bank transfer (automatic),108.31,2910.76,No
C0463-4771,Female,1,Yes,Yes,15,No,No phone service,Fiber optic,No,No,Yes,No,No,No,Two year,Yes,Bank transfer (automatic),65.18,1014.87,No
C0464-1058,Male,1,Yes,No,14,Yes,Yes,Fiber optic,No,No,No,Yes,Yes,Yes,One year,Yes,Mailed check,130.76,1841.73,No
C0465-9695,Male,0,Yes,Yes,32,Yes,No,DSL,No,No,No,No,No,No,Month-to-month,Yes,Electronic check,61.45,1961.55,Yes
C0466-2493,Female,0,Yes,Yes,10,Yes,No,Fiber optic,Yes,No,No,No,No,No,Month-to-month,No,Mailed check,96.09,964.83,No
C0467-6363,Female,0,No,Yes,20,Yes,Yes,Fiber optic,No,No,Yes,No,No,Yes,One year,Yes,Electronic check,111.52,2232.73,No
C0468-2633,Female,0,No,No,24,Yes,Yes,Fiber optic,No,No,Yes,No,Yes,No,One year,No,Mailed check,116.09,2794.78,Yes
C0469-9396,Female,0,No,No,32,Yes,Yes,DSL,No,Yes,No,No,Yes,Yes,Month-to-month,Yes,Electronic check,98.1,3139.84,Yes
C0470-7644,Female,0,Yes,No,13,Yes,No,Fiber optic,No,Yes,No,No,No,Yes,One year,Yes,Bank transfer (automatic),94.4,1247.11,No
C0471-8238,Female,0,No,No,38,Yes,Yes,Fiber optic,No,No,No,No,No,No,Two year,Yes,Credit card (automatic),84.35,3158.55,No
C0472-4888,Female,0,Yes,Yes,46,Yes,Yes,DSL,Yes,No,No,No,No,Yes,Two year,Yes,Credit card (automatic),86.45,3965.79,No
C0473-5205,Female,1,Yes,No,45,Yes,No,Fiber optic,No,No,No,No,No,No,Month-to-month,Yes,Mailed check,85.18,3834.27,Yes
C0474-6708,Male,0,No,No,7,Yes,No,No,No internet service,No internet service,No internet service,No internet service,No internet service,No internet service,Two year,No,Bank transfer (automatic),44.15,285.19,Yes
C0475-8062,Female,0,No,No,44,Yes,No,DSL,No,No,Yes,No,Yes,No,Month-to-month,No,Electronic check,73.32,3233.66,Yes
C0476-8621,Female,0,No,No,46,Yes,No,DSL,No,No,Yes,No,No,Yes,One year,No,Mailed check,81.26,3753.57,No
C0477-1160,Female,0,No,No,72,Yes,No,DSL,No,No,Yes,No,Yes,Yes,Month-to-month,No,Bank transfer (automatic),93.74,6781.92,No
C0478-6971,Male,0,No,No,8,Yes,No,Fiber optic,No,Yes,Yes,No,Yes,No,Two year,No,Electronic check,97.84,799.02,No
C0479-1982,Female,0,No,No,67,Yes,No,Fiber optic,No,Yes,No,Yes,No,No,Two year,Yes,Electronic check,105.28,7062.44,No
C0480-3591,Female,0,No,No,4,Yes,No,Fiber optic,Yes,No,Yes,No,Yes,Yes,One year,Yes,Mailed check,117.31,480.25,Yes
C0481-8464,Female,0,Yes,Yes,47,Yes,No,Fiber optic,No,Yes,No,No,No,No,Month-to-month,Yes,Mailed check,90.77,4259.3,No
C0482-3254,Female,0,Yes,Yes,54,Yes,No,No,No internet service,No internet service,No internet service,No internet service,No internet service,No internet service,One year,Yes,Electronic check,25.03,1342.39,No
C0483-8170,Female,0,No,Yes,46,Yes,Yes,Fiber optic,No,Yes,Yes,No,Yes,No,Month-to-month,No,Electronic check,98.46,4530.39,No
C0484-5166,Female,0,No,No,5,Yes,No,No,No internet service,No internet service,No internet service,No internet service,No internet service,No internet service,Month-to-month,No,Bank transfer (automatic),35.28,187.05,No
C0485-3093,Male,0,Yes,Yes,63,No,No phone service,No,No internet service,No internet service,No internet service,No internet service,No internet service,No internet service,Two year,No,Mailed check,19.65,1223.33,No
C0486-4007,Female,0,Yes,Yes,72,Yes,No,DSL,No,Yes,No,No,Yes,No,One year,Yes,Credit card (automatic),82.39,5948.32,Yes
C0487-5776,Female,0,Yes,Yes,9,Yes,Yes,DSL,Yes,Yes,Yes,No,Yes,No,One year,Yes,Electronic check,96.62,876.08,Yes
C0488-7885,Male,0,No,No,19,Yes,Yes,No,No internet service,No internet service,No internet service,No internet service,No internet service,No internet service,Month-to-month,Yes,Mailed check,55.54,1061.83,No
C0489-6453,Male,0,Yes,No,13,Yes,Yes,Fiber optic,No,No,Yes,No,No,Yes,Month-to-month,Yes,Mailed check,118.61,1529.45,No
C0490-9398,Male,0,No,No,40,Yes,No,Fiber optic,No,No,No,No,No,No,Month-to-month,No,Electronic check,84.55,3386.28,No
C0491-8808,Female,0,Yes,No,17,Yes,No,DSL,No,Yes,Yes,No,Yes,No,Month-to-month,No,Credit card (automatic),84.28,1456.56,No
C0492-7779,Female,1,Yes,Yes,42,Yes,No,Fiber optic,Yes,No,Yes,No,No,Yes,Two year,Yes,Electronic check,107.86,4547.46,No
C0493-6427,Female,0,Yes,Yes,22,Yes,Yes,Fiber optic,Yes,Yes,No,No,No,Yes,One year,Yes,Mailed check,118.06,2603.93,No
C0494-3608,Male,0,No,No,28,Yes,No,Fiber optic,Yes,No,No,No,No,No,Month-to-month,Yes,Electronic check,98.59,2749.19,Yes
C0495-4712,Female,0,Yes,No,25,No,No phone service,DSL,No,Yes,Yes,No,No,Yes,Month-to-month,Yes,Electronic check,79.1,1971.6,Yes
C0496-2069,Male,0,Yes,Yes,4,Yes,No,DSL,No,No,Yes,No,Yes,No,Month-to-month,Yes,Electronic check,70.72,283.07,Yes
C0497-4367,Male,1,No,No,27,Yes,No,No,No internet service,No internet service,No internet service,No internet service,No internet service,No internet service,Month-to-month,No,Mailed check,34.9,937.16,No
C0498-9337,Male,0,No,No,5,Yes,No,Fiber optic,No,No,Yes,No,Yes,No,Two year,Yes,Bank transfer (automatic),103.68,534.03,Yes
C0499-4832,Female,0,Yes,No,6,No,No phone service,Fiber optic,No,Yes,Yes,No,Yes,No,Month-to-month,Yes,Electronic check,81.98,462.36,Yes
C0500-2023,Male,1,No,No,64,Yes,No,DSL,No,No,Yes,No,No,No,Month-to-month,Yes,Electronic check,68.03,4340.98,No
C0501-6866,Female,0,Yes,Yes,39,Yes,No,DSL,Yes,No,Yes,No,Yes,Yes,Month-to-month,Yes,Bank transfer (automatic),108.08,4218.31,No
C0502-9662,Male,0,No,No,37,Yes,No,No,No internet service,No internet service,No internet service,No internet service,No internet service,No internet service,One year,Yes,Electronic check,46.93,1719.37,No
C0503-8806,Male,0,Yes,No,27,Yes,Yes,Fiber optic,No,No,No,No,No,No,Month-to-month,Yes,Electronic check,99.5,2669.04,No
C0504-3466,Male,0,No,No,72,Yes,Yes,Fiber optic,No,Yes,No,No,No,No,Month-to-month,Yes,Electronic check,101.93,7351.6,No
C0505-5084,Female,0,No,Yes,27,Yes,Yes,DSL,No,No,No,Yes,No,Yes,Two year,No,Credit card (automatic),79.94,2150.42,No
C0506-5778,Male,0,No,No,23,Yes,No,Fiber optic,No,Yes,Yes,No,No,No,One year,No,Electronic check,108.37,2473.44,Yes
C0507-3230,Female,1,No,No,22,Yes,Yes,Fiber optic,No,No,Yes,No,Yes,Yes,Month-to-month,No,Mailed check,124.03,2718.97,No
C0508-3417,Female,0,Yes,No,57,Yes,No,DSL,Yes,Yes,Yes,Yes,Yes,Yes,Two year,No,Mailed check,101.13,5753.16,No
C0509-3129,Female,0,No,No,25,Yes,No,DSL,Yes,No,No,Yes,Yes,Yes,Month-to-month,No,Credit card (automatic),97.59,2467.79,No
C0510-9950,Male,0,Yes,No,32,Yes,Yes,DSL,No,Yes,No,No,No,Yes,Two year,Yes,Electronic check,74.84,2374.58,No
C0511-7713,Male,0,Yes,No,60,Yes,Yes,No,No internet service,No internet service,No internet service,No internet service,No internet service,No internet service,Month-to-month,Yes,Bank transfer (automatic),53.25,3205.25,No
C0512-8566,Female,1,No,No,38,No,No phone service,No,No internet service,No internet service,No internet service,No internet service,No internet service,No internet service,Month-to-month,Yes,Bank transfer (automatic),18.25,713.18,No
C0513-8348,Male,0,No,Yes,50,Yes,Yes,DSL,No,Yes,Yes,Yes,No,No,Month-to-month,No,Credit card (automatic),101.62,5078.2,Yes
C0514-9631,Male,0,No,No,13,Yes,No,No,No internet service,No internet service,No internet service,No internet service,No internet service,No internet service,Month-to-month,No,Electronic check,45.2,565.47,Yes
C0515-1947,Female,1,No,No,8,Yes,Yes,Fiber optic,No,No,No,No,Yes,No,Month-to-month,Yes,Bank transfer (automatic),117.35,960.76,Yes
C0516-8933,Male,1,No,Yes,72,Yes,No,No,No internet service,No internet service,No internet service,No internet service,No internet service,No internet service,Month-to-month,No,Credit card (automatic),44.53,3206.83,No
C0517-1598,Male,1,No,No,48,Yes,No,Fiber optic,No,Yes,No,No,Yes,Yes,Month-to-month,No,Bank transfer (automatic),124.28,5968.37,Yes
C0518-5278,Female,0,No,No,41,Yes,Yes,DSL,No,Yes,Yes,No,Yes,No,Month-to-month,No,Electronic check,87.2,3557.94,Yes
C0519-6349,Female,0,No,No,34,Yes,Yes,No,No internet service,No internet service,No internet service,No internet service,No internet service,No internet service,Month-to-month,No,Electronic check,36.97,1257.04,No
C0520-4220,Male,0,Yes,No,25,Yes,No,No,No internet service,No internet service,No internet service,No internet service,No internet service,No internet service,Month-to-month,Yes,Mailed check,39.42,970.11,No
C0521-2315,Female,0,No,Yes,13,Yes,No,Fiber optic,No,No,No,No,Yes,No,One year,Yes,Electronic check,83.58,1048.86,No
C0522-2730,Male,1,No,No,13,Yes,Yes,Fiber optic,No,Yes,No,Yes,No,No,Two year,Yes,Bank transfer (automatic),130.88,1677.75,No
C0523-8421,Female,0,No,No,8,Yes,Yes,Fiber optic,No,Yes,No,No,Yes,No,Two year,No,Mailed check,120.81,935.74,No
C0524-3868,Female,0,Yes,No,5,Yes,Yes,DSL,No,No,No,No,No,Yes,Month-to-month,Yes,Credit card (automatic),74.15,373.83,No
C0525-3792,Female,1,Yes,Yes,11,Yes,Yes,No,No internet service,No internet service,No internet service,No internet service,No internet service,No internet service,Month-to-month,No,Bank transfer (automatic),37.64,402.86,No
C0526-9309,Male,1,Yes,Yes,18,No,No phone service,No,No internet service,No internet service,No internet service,No internet service,No internet service,No internet service,Month-to-month,Yes,Bank transfer (automatic),18.25,352.84,No
C0527-2294,Male,0,Yes,Yes,72,Yes,Yes,DSL,Yes,No,No,No,No,Yes,One year,No,Credit card (automatic),86.76,6256.47,Yes
C0528-9236,Male,1,No,No,5,Yes,Yes,DSL,No,Yes,Yes,No,No,No,Month-to-month,Yes,Mailed check,74.53,377.37,No
C0529-9287,Female,0,Yes,No,28,No,No phone service,DSL,No,Yes,Yes,No,Yes,No,Two year,Yes,Mailed check,66.95,1903.8,No
C0530-6386,Male,0,Yes,No,72,Yes,No,No,No internet service,No internet service,No internet service,No internet service,No internet service,No internet service,Two year,Yes,Mailed check,39.93,2850.21,No
C0531-2489,Male,0,No,No,56,Yes,Yes,No,No internet service,No internet service,No internet service,No internet service,No internet service,No internet service,Month-to-month,No,Credit card (automatic),62.07,3512.4,No
C0532-2402,Female,1,Yes,No,26,Yes,No,Fiber optic,No,Yes,Yes,No,Yes,Yes,Month-to-month,Yes,Electronic check,119.16,3082.39,No
C0533-3562,Male,1,Yes,No,14,Yes,Yes,No,No internet service,No internet service,No internet service,No internet service,No internet service,No internet service,Month-to-month,Yes,Credit card (automatic),54.6,785.85,No
C0534-6196,Female,0,No,No,2,Yes,No,No,No internet service,No internet service,No internet service,No internet service,No internet service,No internet service,Month-to-month,No,Electronic check,42.99,61.47,Yes
C0535-2382,Male,0,No,No,29,Yes,No,No,No internet service,No internet service,No internet service,No internet service,No internet service,No internet service,One year,Yes,Mailed check,42.29,1230.31,No
C0536-5100,Male,0,No,No,44,Yes,No,Fiber optic,No,Yes,No,Yes,No,Yes,Month-to-month,No,Electronic check,103.67,4585.05,No
C0537-2039,Female,0,No,No,14,Yes,No,No,No internet service,No internet service,No internet service,No internet service,No internet service,No internet service,Month-to-month,Yes,Bank transfer (automatic),29.71,425.76,No
C0538-5862,Female,1,No,No,59,Yes,No,DSL,No,Yes,Yes,No,No,No,One year,Yes,Credit card (automatic),81.8,4827.74,No
C0539-1190,Male,0,Yes,Yes,23,Yes,No,DSL,Yes,Yes,Yes,No,No,No,Month-to-month,Yes,Mailed check,82.85,1938.77,No
C0540-7380,Female,0,No,No,33,Yes,No,Fiber optic,No,No,No,No,Yes,No,One year,No,Mailed check,87.46,2865.76,No
C0541-1498,Female,0,No,No,26,No,No phone service,DSL,No,Yes,No,Yes,Yes,Yes,Month-to-month,Yes,Mailed check,74.64,1941.84,No
C0542-2753,Female,0,No,No,59,Yes,Yes,DSL,No,Yes,Yes,No,Yes,Yes,Month-to-month,No,Mailed check,92.53,5438.7,No
C0543-2571,Male,0,Yes,Yes,60,Yes,Yes,DSL,Yes,No,No,No,Yes,No,Month-to-month,No,Bank transfer (automatic),99.07,5942.18,No
C0544-8478,Female,1,Yes,Yes,39,Yes,No,Fiber optic,No,Yes,Yes,No,Yes,Yes,One year,No,Bank transfer (automatic),111.74,4341.86,Yes
C0545-1480,Female,0,Yes,Yes,20,Yes,No,Fiber optic,No,No,No,Yes,Yes,No,Month-to-month,Yes,Bank transfer (automatic),80.66,1610.9,No
C0546-4862,Male,0,No,No,25,Yes,No,No,No internet service,No internet service,No internet service,No internet service,No internet service,No internet service,Month-to-month,Yes,Electronic check,46.23,1142.5,Yes
C0547-6319,Female,0,No,No,72,Yes,No,Fiber optic,Yes,Yes,Yes,Yes,No,No,Month-to-month,No,Electronic check,129.21,9291.13,No
C0548-5643,Male,1,Yes,Yes,72,Yes,Yes,Fiber optic,No,Yes,Yes,Yes,No,No,Two year,No,Mailed check,115.68,8324.86,No
C0549-7125,Male,0,No,No,27,Yes,Yes,No,No internet service,No internet service,No internet service,No internet service,No internet service,No internet service,Month-to-month,Yes,Electronic check,45.76,1245.24,Yes
C0550-8227,Male,0,No,No,8,Yes,Yes,No,No internet service,No internet service,No internet service,No internet service,No internet service,No internet service,Two year,No,Bank transfer (automatic),42.68,333.01,No
C0551-4542,Female,0,No,No,52,Yes,No,DSL,No,Yes,No,No,Yes,No,Two year,Yes,Electronic check,94.22,4891.59,No
C0552-8453,Male,1,Yes,No,17,Yes,Yes,Fiber optic,No,Yes,No,No,No,No,Month-to-month,No,Credit card (automatic),101.92,1720.77,No
C0553-3861,Male,0,No,No,71,Yes,Yes,No,No internet service,No internet service,No internet service,No internet service,No internet service,No internet service,Two year,Yes,Credit card (automatic),36.44,2583.04,No
C0554-9858,Female,0,No,Yes,14,Yes,No,No,No internet service,No internet service,No internet service,No internet service,No internet service,No internet service,Month-to-month,No,Electronic check,32.8,419.23,Yes
C0555-5540,Female,0,No,No,17,Yes,No,DSL,No,No,No,No,Yes,Yes,One year,No,Mailed check,85.79,1448.79,Yes
C0556-7623,Female,0,No,No,7,Yes,Yes,Fiber optic,No,Yes,No,No,No,No,Month-to-month,Yes,Bank transfer (automatic),112.22,793.49,No
C0557-8874,Female,1,No,No,72,Yes,Yes,Fiber optic,No,No,Yes,No,No,No,One year,No,Mailed check,109.78,7876.64,No
C0558-8133,Female,1,Yes,No,10,Yes,Yes,DSL,Yes,Yes,No,No,No,No,One year,No,Mailed check,83.96,844.02,No
C0559-8659,Female,0,No,No,49,Yes,Yes,Fiber optic,No,No,No,Yes,Yes,No,Month-to-month,No,Credit card (automatic),112.83,5552.61,No
C0560-5828,Female,0,Yes,Yes,22,Yes,Yes,DSL,No,No,No,No,Yes,No,Month-to-month,Yes,Bank transfer (automatic),69.5,1531.46,Yes
C0561-1391,Female,1,No,No,17,Yes,Yes,DSL,Yes,No,No,No,No,Yes,Month-to-month,Yes,Electronic check,84.63,1436.26,No
C0562-5437,Female,1,No,No,16,Yes,No,DSL,Yes,No,No,Yes,Yes,No,Month-to-month,Yes,Credit card (automatic),79.42,1288.67,Yes
C0563-2633,Male,0,No,No,70,Yes,Yes,DSL,No,Yes,Yes,Yes,No,Yes,One year,Yes,Bank transfer (automatic),120.05,8406.09,No
C0564-9001,Female,0,No,No,72,Yes,No,DSL,No,No,No,No,No,Yes,One year,No,Credit card (automatic),67.54,4882.99,No
C0565-3130,Female,0,Yes,No,65,Yes,No,No,No internet service,No internet service,No internet service,No internet service,No internet service,No internet service,Month-to-month,No,Electronic check,44.09,2857.24,No
C0566-3052,Female,1,Yes,No,3,Yes,No,DSL,No,Yes,No,Yes,No,No,Month-to-month,Yes,Mailed check,89.61,296.4,No
C0567-3244,Female,0,No,No,49,Yes,Yes,DSL,No,Yes,No,No,No,Yes,Two year,Yes,Mailed check,94.44,4626.98,No
C0568-6782,Female,0,Yes,Yes,22,Yes,No,Fiber optic,No,Yes,Yes,No,No,No,Month-to-month,Yes,Electronic check,97.18,2149.91,Yes
C0569-6140,Female,0,Yes,No,23,Yes,No,Fiber optic,No,Yes,No,No,Yes,No,One year,Yes,Electronic check,119.38,2748.27,No
C0570-9538,Male,0,No,Yes,30,No,No phone service,Fiber optic,No,Yes,No,Yes,No,Yes,Month-to-month,No,Credit card (automatic),84.8,2562.81,Yes
C0571-4745,Male,0,Yes,Yes,26,Yes,Yes,No,No internet service,No internet service,No internet service,No internet service,No internet service,No internet service,One year,No,Electronic check,44.06,1175.51,No
C0572-3540,Male,0,Yes,No,39,Yes,No,Fiber optic,No,Yes,No,No,Yes,No,One year,Yes,Electronic check,116.53,4540.48,No
C0573-1443,Male,0,Yes,No,21,Yes,No,Fiber optic,Yes,Yes,No,No,No,Yes,Month-to-month,Yes,Credit card (automatic),113.42,2367.66,No
C0574-1063,Male,0,No,No,53,Yes,Yes,Fiber optic,No,No,No,No,Yes,Yes,Month-to-month,No,Credit card (automatic),110.72,5835.8,No
C0575-4362,Female,0,Yes,Yes,27,Yes,Yes,Fiber optic,No,No,No,No,No,Yes,Month-to-month,Yes,Credit card (automatic),103.76,2802.55,No
C0576-9331,Male,1,No,No,28,Yes,No,Fiber optic,No,Yes,Yes,No,No,No,Month-to-month,No,Bank transfer (automatic),87.56,2452.09,Yes
C0577-5713,Male,0,No,No,25,Yes,No,Fiber optic,Yes,No,Yes,No,No,Yes,One year,Yes,Mailed check,94.15,2378.72,No
C0578-9041,Male,0,Yes,No,49,Yes,Yes,DSL,No,No,No,No,Yes,No,One year,No,Electronic check,84.54,4149.78,No
C0579-1914,Male,0,No,No,18,No,No phone service,Fiber optic,No,Yes,No,No,Yes,Yes,One year,Yes,Electronic check,86.84,1529.82,No
C0580-1839,Female,0,Yes,No,39,Yes,Yes,Fiber optic,Yes,No,Yes,No,No,No,Month-to-month,Yes,Electronic check,103.26,4017.81,No
C0581-8500,Male,0,No,No,29,Yes,Yes,DSL,Yes,No,Yes,No,No,Yes,Month-to-month,Yes,Credit card (automatic),97.91,2833.69,No
C0582-1960,Male,0,Yes,No,71,Yes,No,Fiber optic,No,Yes,No,No,No,No,Month-to-month,Yes,Bank transfer (automatic),85.53,6071.62,No
C0583-1467,Female,1,Yes,No,19,Yes,Yes,No,No internet service,No internet service,No internet service,No internet service,No internet service,No internet service,Month-to-month,Yes,Mailed check,46.2,887.46,No
C0584-4636,Female,1,Yes,Yes,54,Yes,No,DSL,Yes,Yes,No,No,Yes,Yes,Month-to-month,Yes,Electronic check,87.66,4724.9,Yes
C0585-9322,Male,0,Yes,No,34,Yes,Yes,Fiber optic,No,No,No,No,Yes,No,Month-to-month,No,Electronic check,109.57,3739.7,No
C0586-7203,Female,0,No,No,67,Yes,Yes,DSL,No,Yes,No,No,Yes,No,Two year,No,Mailed check,84.62,5694.06,No
C0587-1891,Female,0,Yes,Yes,28,Yes,Yes,Fiber optic,No,Yes,Yes,No,Yes,No,Month-to-month,No,Mailed check,125.06,3486.44,No
C0588-8533,Female,0,No,No,18,Yes,Yes,DSL,No,Yes,No,No,No,No,Month-to-month,Yes,Credit card (automatic),76.65,1422.33,No
C0589-8591,Male,1,Yes,Yes,17,Yes,Yes,No,No internet service,No internet service,No internet service,No internet service,No internet service,No internet service,Month-to-month,Yes,Credit card (automatic),38.26,664.15,No
C0590-8205,Female,0,No,No,31,Yes,Yes,DSL,No,No,No,No,Yes,Yes,One year,Yes,Bank transfer (automatic),87.3,2699.29,No
C0591-9122,Female,0,No,No,26,Yes,No,No,No internet service,No internet service,No internet service,No internet service,No internet service,No internet service,One year,Yes,Credit card (automatic),46.21,1188.93,No
C0592-3158,Female,0,Yes,Yes,19,Yes,No,DSL,No,No,Yes,No,No,No,One year,No,Bank transfer (automatic),63.67,1224.21,No
C0593-9815,Female,0,No,Yes,32,No,No phone service,Fiber optic,Yes,No,Yes,No,Yes,No,Month-to-month,Yes,Electronic check,80.4,2596.94,Yes
C0594-3885,Male,1,No,Yes,1,Yes,Yes,DSL,Yes,Yes,No,No,No,Yes,Month-to-month,Yes,Electronic check,87.17,90.43,Yes
C0595-8217,Male,0,No,No,22,Yes,Yes,No,No internet service,No internet service,No internet service,No internet service,No internet service,No internet service,Two year,Yes,Bank transfer (automatic),59.4,1328.81,No
C0596-6213,Male,0,No,No,27,Yes,Yes,No,No internet service,No internet service,No internet service,No internet service,No internet service,No internet service,Two year,No,Electronic check,40.4,1120.54,No
C0597-8014,Male,0,No,No,5,Yes,Yes,No,No internet service,No internet service,No internet service,No internet service,No internet service,No internet service,Two year,Yes,Bank transfer (automatic),55.51,302.08,No
C0598-6649,Male,1,Yes,No,10,Yes,No,No,No internet service,No internet service,No internet service,No internet service,No internet service,No internet service,Two year,No,Bank transfer (automatic),36.38,388.12,No
C0599-6781,Female,0,No,No,10,Yes,Yes,Fiber optic,No,No,Yes,No,No,Yes,Month-to-month,No,Electronic check,105.65,1054.49,No
C0600-6545,Male,0,Yes,Yes,25,Yes,Yes,Fiber optic,No,Yes,Yes,No,No,No,Month-to-month,Yes,Credit card (automatic),115.7,2886.11,No
C0601-8010,Female,0,No,No,21,Yes,Yes,No,No internet service,No internet service,No internet service,No internet service,No internet service,No internet service,One year,No,Electronic check,45.53,949.61,No
C0602-7650,Male,0,No,No,21,Yes,No,No,No internet service,No internet service,No internet service,No internet service,No internet service,No internet service,One year,Yes,Electronic check,46.77,975.2,No
C0603-2210,Male,0,No,No,5,Yes,No,Fiber optic,No,Yes,No,No,Yes,Yes,Month-to-month,No,Electronic check,103.23,506.58,Yes
C0604-8433,Female,0,No,No,57,Yes,No,Fiber optic,Yes,Yes,Yes,No,No,No,One year,Yes,Electronic check,110.88,6296.74,No
C0605-5824,Male,0,Yes,No,69,Yes,Yes,DSL,Yes,No,Yes,No,No,No,Two year,Yes,Bank transfer (automatic),78.01,5418.08,No
C0606-3907,Male,0,No,Yes,6,Yes,No,Fiber optic,No,Yes,Yes,No,Yes,No,Month-to-month,No,Bank transfer (automatic),96.6,568.12,Yes
C0607-5627,Female,0,Yes,Yes,20,Yes,No,Fiber optic,No,No,No,No,Yes,No,Month-to-month,Yes,Mailed check,90.5,1805.91,No
C0608-9701,Male,0,No,No,21,Yes,No,No,No internet service,No internet service,No internet service,No internet service,No internet service,No internet service,Month-to-month,Yes,Mailed check,36.09,756.79,No
C0609-8717,Female,0,No,No,36,Yes,Yes,DSL,No,No,Yes,No,Yes,Yes,Month-to-month,Yes,Credit card (automatic),90.85,3268.83,No
C0610-8502,Female,0,Yes,No,17,Yes,Yes,DSL,No,No,Yes,No,No,No,One year,Yes,Mailed check,69.42,1175.5,No
C0611-5164,Female,0,No,No,53,Yes,No,DSL,Yes,No,No,No,Yes,Yes,One year,No,Bank transfer (automatic),83.47,4430.74,No
C0612-8056,Female,0,Yes,No,9,Yes,No,DSL,No,No,No,No,No,No,Month-to-month,Yes,Credit card (automatic),62.32,567.28,Yes
C0613-4465,Male,0,No,No,44,Yes,No,No,No internet service,No internet service,No internet service,No internet service,No internet service,No internet service,Two year,No,Credit card (automatic),50.12,2212.35,No
C0614-7174,Male,0,No,Yes,35,No,No phone service,DSL,Yes,Yes,Yes,Yes,No,Yes,Month-to-month,No,Electronic check,84.0,2931.36,Yes
C0615-6755,Male,0,No,No,7,Yes,Yes,No,No internet service,No internet service,No internet service,No internet service,No internet service,No internet service,One year,Yes,Mailed check,31.44,210.69,Yes
C0616-3247,Male,0,No,No,19,Yes,Yes,DSL,No,No,Yes,No,Yes,No,One year,Yes,Mailed check,81.64,1575.01,Yes
C0617-3397,Male,0,Yes,No,8,Yes,No,No,No internet service,No internet service,No internet service,No internet service,No internet service,No internet service,Two year,No,Bank transfer (automatic),42.57,350.83,No
C0618-1550,Female,1,Yes,No,72,Yes,Yes,DSL,Yes,No,Yes,No,Yes,No,Month-to-month,Yes,Electronic check,89.94,6487.09,No
C0619-2257,Female,0,Yes,No,22,Yes,Yes,Fiber optic,No,Yes,No,Yes,Yes,Yes,One year,Yes,Credit card (automatic),117.7,2591.3,No
C0620-4902,Male,1,Yes,No,17,No,No phone service,Fiber optic,No,No,Yes,No,No,No,One year,No,Bank transfer (automatic),65.76,1112.07,No
C0621-5300,Male,0,Yes,No,4,Yes,No,DSL,No,No,Yes,No,Yes,Yes,One year,Yes,Bank transfer (automatic),86.41,370.13,No
C0622-2485,Female,0,No,No,33,Yes,No,Fiber optic,Yes,No,Yes,No,No,No,One year,No,Electronic check,116.32,3851.84,Yes
C0623-4751,Male,0,No,No,19,Yes,Yes,No,No internet service,No internet service,No internet service,No internet service,No internet service,No internet service,Two year,No,Electronic check,38.62,760.2,No
C0624-6436,Female,0,Yes,Yes,43,Yes,No,DSL,No,Yes,No,No,Yes,No,Month-to-month,No,Mailed check,88.31,3787.01,No
C0625-3092,Female,0,No,No,72,Yes,Yes,Fiber optic,No,No,No,No,No,No,Month-to-month,Yes,Electronic check,99.43,7164.14,Yes
C0626-4043,Female,0,No,No,48,Yes,No,Fiber optic,No,No,Yes,No,Yes,No,Month-to-month,No,Bank transfer (automatic),97.4,4679.81,No
C0627-4307,Female,1,Yes,No,10,Yes,No,Fiber optic,No,Yes,Yes,No,Yes,No,Month-to-month,No,Mailed check,112.94,1133.12,Yes
C0628-5544,Female,0,No,No,17,Yes,No,Fiber optic,Yes,Yes,Yes,No,No,Yes,Two year,Yes,Bank transfer (automatic),103.67,1781.85,No
C0629-4297,Male,1,Yes,Yes,6,Yes,Yes,Fiber optic,No,No,Yes,No,Yes,No,Month-to-month,Yes,Electronic check,115.32,667.02,Yes
C0630-7631,Male,0,No,No,13,Yes,No,No,No internet service,No internet service,No internet service,No internet service,No internet service,No internet service,Month-to-month,Yes,Credit card (automatic),36.54,431.72,No
C0631-3947,Male,0,No,No,55,Yes,Yes,Fiber optic,No,No,Yes,No,Yes,Yes,One year,No,Mailed check,116.39,6420.47,No
C0632-4904,Female,0,Yes,No,14,Yes,No,DSL,No,Yes,No,Yes,No,Yes,Month-to-month,Yes,Electronic check,86.3,1208.95,Yes
C0633-4414,Male,0,Yes,Yes,44,Yes,No,DSL,Yes,No,No,No,No,Yes,Month-to-month,Yes,Mailed check,86.43,3821.03,No
C0634-2646,Male,1,No,Yes,16,Yes,Yes,Fiber optic,No,Yes,Yes,Yes,Yes,Yes,One year,No,Bank transfer (automatic),124.36,1988.49,No
C0635-7171,Female,1,Yes,No,47,Yes,Yes,Fiber optic,No,No,No,No,No,No,Two year,No,Electronic check,77.97,3646.7,No
C0636-3118,Female,1,No,No,9,Yes,Yes,DSL,No,No,No,No,No,Yes,Month-to-month,Yes,Electronic check,60.66,545.42,Yes
C0637-3671,Female,1,No,No,8,Yes,No,Fiber optic,No,No,Yes,No,Yes,Yes,One year,Yes,Mailed check,105.99,844.36,Yes
C0638-8133,Male,0,Yes,Yes,72,Yes,No,No,No internet service,No internet service,No internet service,No internet service,No internet service,No internet service,Month-to-month,No,Mailed check,55.92,4019.64,No
C0639-9538,Male,0,No,No,10,Yes,No,No,No internet service,No internet service,No internet service,No internet service,No internet service,No internet service,Month-to-month,Yes,Mailed check,34.87,377.81,No
C0640-7036,Male,1,No,Yes,56,Yes,No,DSL,No,Yes,No,No,No,No,Month-to-month,Yes,Mailed check,83.56,4689.32,No
C0641-9246,Male,0,Yes,No,38,Yes,No,Fiber optic,No,No,Yes,No,No,No,Month-to-month,Yes,Credit card (automatic),89.25,3379.99,No
C0642-8686,Male,0,No,No,13,Yes,No,Fiber optic,No,No,No,No,No,No,Two year,Yes,Electronic check,94.05,1216.5,No
C0643-5327,Female,0,No,No,13,No,No phone service,DSL,No,Yes,Yes,No,No,No,One year,Yes,Credit card (automatic),54.04,721.98,No
C0644-7931,Male,0,No,No,20,Yes,Yes,DSL,No,Yes,No,No,Yes,Yes,Month-to-month,Yes,Electronic check,83.0,1655.1,No
C0645-3954,Female,0,Yes,Yes,57,Yes,No,No,No internet service,No internet service,No internet service,No internet service,No internet service,No internet service,Month-to-month,No,Bank transfer (automatic),38.15,2181.8,No
C0646-5144,Male,0,Yes,Yes,17,Yes,Yes,No,No internet service,No internet service,No internet service,No internet service,No internet service,No internet service,Month-to-month,No,Mailed check,47.72,829.77,No
C0647-5818,Male,0,No,No,44,Yes,Yes,No,No internet service,No internet service,No internet service,No internet service,No internet service,No internet service,Two year,Yes,Bank transfer (automatic),47.79,2139.11,No
C0648-9643,Male,0,No,No,35,Yes,No,No,No internet service,No internet service,No internet service,No internet service,No internet service,No internet service,Two year,No,Mailed check,46.67,1623.99,No
C0649-8636,Female,0,Yes,No,36,No,No phone service,Fiber optic,No,Yes,No,Yes,Yes,No,Two year,No,Credit card (automatic),93.36,3377.58,No
C0650-5402,Male,0,No,No,72,Yes,No,Fiber optic,No,No,No,No,No,Yes,Month-to-month,No,Electronic check,105.38,7589.15,No
C0651-6872,Male,0,No,No,41,Yes,No,Fiber optic,No,Yes,No,Yes,Yes,No,Two year,Yes,Bank transfer (automatic),119.31,4895.89,No
C0652-2821,Male,0,Yes,Yes,35,Yes,Yes,DSL,No,Yes,No,No,No,No,One year,Yes,Mailed check,79.72,2794.92,No
C0653-8238,Male,0,No,No,4,Yes,No,DSL,No,No,Yes,No,Yes,No,Month-to-month,Yes,Electronic check,64.52,267.13,Yes
C0654-5976,Female,0,No,No,69,Yes,No,Fiber optic,No,Yes,Yes,No,No,No,Month-to-month,Yes,Electronic check,98.43,6826.25,No
C0655-5793,Female,0,No,No,48,No,No phone service,DSL,Yes,Yes,No,No,No,Yes,Month-to-month,Yes,Credit card (automatic),69.95,3361.62,No
C0656-7895,Female,0,No,No,34,Yes,Yes,No,No internet service,No internet service,No internet service,No internet service,No internet service,No internet service,Month-to-month,Yes,Mailed check,47.0,1617.35,No
C0657-6695,Male,0,No,No,20,Yes,Yes,Fiber optic,Yes,Yes,No,No,No,Yes,Month-to-month,No,Electronic check,130.85,2611.04,Yes
C0658-1652,Female,0,No,No,4,Yes,No,No,No internet service,No internet service,No internet service,No internet service,No internet service,No internet service,Month-to-month,No,Mailed check,48.61,199.37,Yes
C0659-3593,Male,0,No,No,40,No,No phone service,Fiber optic,Yes,No,Yes,Yes,No,No,One year,Yes,Electronic check,94.1,3730.94,No
C0660-2590,Female,0,Yes,No,26,No,No phone service,Fiber optic,No,No,No,Yes,Yes,No,Month-to-month,Yes,Credit card (automatic),84.14,2146.94,No
C0661-7613,Male,0,Yes,No,72,Yes,Yes,DSL,No,No,No,No,Yes,Yes,Month-to-month,No,Mailed check,84.6,6132.73,No
C0662-1316,Female,0,No,No,44,Yes,No,DSL,No,No,No,No,Yes,Yes,One year,Yes,Bank transfer (automatic),85.02,3759.77,No
C0663-2821,Male,0,No,No,29,Yes,No,Fiber optic,Yes,No,Yes,No,No,Yes,Month-to-month,Yes,Electronic check,108.66,3138.86,No
C0664-6376,Female,0,Yes,No,72,Yes,No,DSL,Yes,No,No,No,No,Yes,Month-to-month,Yes,Credit card (automatic),70.07,5053.91,Yes
C0665-7252,Female,0,Yes,Yes,26,Yes,Yes,No,No internet service,No internet service,No internet service,No internet service,No internet service,No internet service,Two year,Yes,Mailed check,55.27,1451.6,No
C0666-5529,Male,0,Yes,Yes,72,Yes,No,DSL,No,Yes,Yes,Yes,Yes,Yes,Month-to-month,No,Mailed check,84.51,6096.32,No
C0667-8745,Female,0,No,No,3,Yes,No,No,No internet service,No internet service,No internet service,No internet service,No internet service,No internet service,Month-to-month,Yes,Credit card (automatic),32.4,56.75,Yes
C0668-9269,Female,0,No,No,72,Yes,No,Fiber optic,No,No,No,No,No,Yes,Month-to-month,Yes,Mailed check,91.74,6585.12,Yes
C0669-2188,Female,0,No,No,57,Yes,Yes,Fiber optic,No,Yes,Yes,Yes,Yes,Yes,Month-to-month,Yes,Bank transfer (automatic),123.44,7030.83,No
C0670-9571,Male,0,Yes,Yes,12,Yes,Yes,No,No internet service,No internet service,No internet service,No internet service,No internet service,No internet service,Month-to-month,Yes,Electronic check,38.61,449.03,Yes
C0671-6528,Female,0,No,No,72,Yes,No,Fiber optic,No,Yes,Yes,Yes,No,Yes,Two year,Yes,Mailed check,117.38,8444.56,No
C0672-6725,Female,0,Yes,No,2,Yes,No,DSL,No,No,Yes,Yes,No,Yes,One year,No,Mailed check,82.15,144.97,No
C0673-1855,Male,0,Yes,No,8,No,No phone service,DSL,Yes,No,Yes,Yes,No,Yes,Month-to-month,Yes,Mailed check,76.93,629.57,Yes
C0674-6596,Male,0,Yes,Yes,39,No,No phone service,DSL,No,Yes,Yes,No,Yes,Yes,Month-to-month,No,Electronic check,73.7,2877.43,No
C0675-7530,Female,0,No,No,69,No,No phone service,Fiber optic,No,No,No,No,Yes,Yes,Month-to-month,Yes,Electronic check,82.54,5682.92,Yes
C0676-6226,Female,0,No,No,34,No,No phone service,Fiber optic,No,No,No,No,Yes,No,One year,Yes,Mailed check,79.88,2710.94,No
C0677-1760,Female,0,Yes,Yes,4,Yes,Yes,No,No internet service,No internet service,No internet service,No internet service,No internet service,No internet service,Month-to-month,Yes,Electronic check,38.26,155.16,Yes
C0678-5708,Female,1,Yes,No,13,Yes,No,DSL,Yes,Yes,No,No,Yes,No,Month-to-month,Yes,Electronic check,69.97,935.24,No
C0679-9422,Male,0,No,No,16,Yes,Yes,DSL,No,Yes,Yes,No,Yes,No,Two year,Yes,Credit card (automatic),99.79,1587.83,No
C0680-7510,Female,0,Yes,Yes,38,Yes,No,DSL,No,Yes,Yes,Yes,No,No,Month-to-month,No,Credit card (automatic),84.46,3215.72,No
C0681-2236,Male,1,No,No,24,Yes,No,No,No internet service,No internet service,No internet service,No internet service,No internet service,No internet service,One year,No,Electronic check,41.85,989.8,No
C0682-9638,Male,0,Yes,Yes,65,Yes,No,No,No internet service,No internet service,No internet service,No internet service,No internet service,No internet service,Month-to-month,No,Credit card (automatic),18.25,1162.16,No
C0683-9628,Female,0,Yes,No,4,Yes,No,Fiber optic,Yes,Yes,Yes,No,No,Yes,Month-to-month,Yes,Electronic check,111.24,476.99,Yes
C0684-2524,Female,0,Yes,No,44,Yes,No,Fiber optic,Yes,Yes,Yes,Yes,No,No,One year,No,Electronic check,114.52,5025.61,No
C0685-8207,Female,0,No,No,8,No,No phone service,No,No internet service,No internet service,No internet service,No internet service,No internet service,No internet service,One year,Yes,Electronic check,19.13,130.72,Yes
C0686-4660,Male,0,Yes,No,72,Yes,Yes,Fiber optic,Yes,No,No,Yes,Yes,No,One year,No,Bank transfer (automatic),125.21,9019.72,No
C0687-6342,Male,0,Yes,Yes,44,Yes,No,No,No internet service,No internet service,No internet service,No internet service,No internet service,No internet service,Month-to-month,Yes,Mailed check,32.9,1432.11,No
C0688-5006,Female,0,No,No,24,Yes,No,No,No internet service,No internet service,No internet service,No internet service,No internet service,No internet service,Month-to-month,No,Credit card (automatic),21.16,514.24,No
C0689-8042,Female,0,Yes,Yes,19,Yes,Yes,Fiber optic,No,Yes,No,No,No,Yes,One year,No,Bank transfer (automatic),102.44,1926.13,No
C0690-9968,Male,0,No,No,36,Yes,Yes,Fiber optic,Yes,No,Yes,No,Yes,No,One year,Yes,Electronic check,114.23,4135.44,No
C0691-8155,Female,0,Yes,Yes,63,Yes,No,DSL,No,No,No,No,Yes,Yes,Two year,Yes,Bank transfer (automatic),82.23,5173.1,No
C0692-9381,Female,0,No,No,35,Yes,No,DSL,No,Yes,No,No,Yes,Yes,One year,No,Credit card (automatic),88.77,3103.22,No
C0693-9513,Female,0,Yes,Yes,24,Yes,No,No,No internet service,No internet service,No internet service,No internet service,No internet service,No internet service,Month-to-month,No,Electronic check,28.62,704.73,No
C0694-1810,Male,0,No,No,10,Yes,Yes,DSL,Yes,No,No,No,No,No,Month-to-month,No,Mailed check,87.95,894.22,Yes
C0695-3280,Male,0,No,No,23,Yes,No,DSL,Yes,No,Yes,No,No,Yes,One year,Yes,Bank transfer (automatic),73.65,1700.43,No
C0696-7495,Female,0,No,Yes,64,Yes,Yes,No,No internet service,No internet service,No internet service,No internet service,No internet service,No internet service,Month-to-month,Yes,Bank transfer (automatic),65.93,4249.82,No
C0697-6310,Female,0,No,Yes,50,Yes,Yes,DSL,No,No,No,No,No,Yes,Month-to-month,No,Credit card (automatic),78.22,3917.96,Yes
C0698-1451,Female,0,Yes,Yes,70,Yes,Yes,Fiber optic,No,Yes,No,Yes,No,Yes,Month-to-month,Yes,Bank transfer (automatic),107.49,7496.22,No
C0699-1855,Male,0,Yes,No,10,Yes,No,Fiber optic,No,Yes,Yes,Yes,Yes,Yes,Month-to-month,No,Electronic check,119.35,1193.81,No
C0700-5684,Female,1,No,No,4,Yes,Yes,DSL,No,No,No,Yes,No,Yes,Month-to-month,Yes,Mailed check,79.0,314.77,No
C0701-6544,Female,0,No,No,46,Yes,Yes,DSL,No,No,Yes,No,No,Yes,Month-to-month,Yes,Mailed check,79.54,3636.93,Yes
C0702-2509,Female,0,No,Yes,6,Yes,No,DSL,No,No,No,No,No,Yes,Two year,No,Mailed check,77.81,478.29,No
C0703-2541,Male,0,No,No,70,Yes,Yes,DSL,Yes,Yes,No,No,No,No,Two year,No,Electronic check,95.33,6649.51,No
C0704-2163,Female,0,No,No,48,Yes,Yes,DSL,No,No,No,Yes,No,No,Two year,Yes,Mailed check,77.04,3693.59,No
C0705-6083,Male,0,No,No,34,Yes,Yes,No,No internet service,No internet service,No internet service,No internet service,No internet service,No internet service,One year,No,Mailed check,44.37,1492.87,No
C0706-1070,Male,0,No,No,8,Yes,Yes,No,No internet service,No internet service,No internet service,No internet service,No internet service,No internet service,Month-to-month,Yes,Bank transfer (automatic),36.09,303.51,Yes
C0707-6151,Male,1,No,No,26,No,No phone service,DSL,Yes,Yes,Yes,No,No,Yes,Month-to-month,Yes,Credit card (automatic),81.41,2088.61,No
C0708-5282,Female,0,Yes,No,23,Yes,Yes,Fiber optic,Yes,No,Yes,Yes,No,Yes,One year,Yes,Electronic check,119.66,2757.6,No
C0709-5193,Female,1,No,No,35,No,No phone service,Fiber optic,Yes,No,Yes,No,No,Yes,Month-to-month,Yes,Credit card (automatic),96.69,3405.97,Yes
C0710-7112,Female,1,No,No,72,Yes,No,Fiber optic,No,No,Yes,Yes,No,Yes,Month-to-month,Yes,Mailed check,110.49,7936.94,No
C0711-5703,Female,0,Yes,No,10,Yes,Yes,No,No internet service,No internet service,No internet service,No internet service,No internet service,No internet service,Two year,Yes,Electronic check,41.8,421.43,No
C0712-7549,Male,1,No,No,20,Yes,No,DSL,Yes,No,No,No,No,Yes,One year,Yes,Credit card (automatic),70.07,1373.53,No
C0713-7874,Female,0,No,No,24,No,No phone service,No,No internet service,No internet service,No internet service,No internet service,No internet service,No internet service,Month-to-month,Yes,Mailed check,31.64,743.78,Yes
C0714-9280,Female,0,Yes,No,72,Yes,No,DSL,No,No,No,Yes,Yes,Yes,One year,No,Electronic check,89.98,6461.81,No
C0715-8192,Male,0,No,Yes,29,Yes,Yes,Fiber optic,No,Yes,Yes,No,No,Yes,One year,Yes,Electronic check,116.61,3417.2,Yes
C0716-5658,Female,0,Yes,No,44,Yes,No,No,No internet service,No internet service,No internet service,No internet service,No internet service,No internet service,Two year,No,Electronic check,46.44,2028.04,No
C0717-5428,Female,0,Yes,Yes,72,Yes,No,Fiber optic,No,Yes,No,No,Yes,No,One year,No,Credit card (automatic),103.47,7437.55,No
C0718-3121,Male,1,No,No,34,Yes,No,Fiber optic,No,Yes,No,No,No,Yes,Month-to-month,Yes,Electronic check,98.84,3363.68,No
C0719-6395,Male,0,No,No,20,Yes,No,DSL,No,No,No,No,Yes,Yes,One year,Yes,Electronic check,67.06,1329.89,No
C0720-2252,Male,0,No,Yes,67,Yes,No,Fiber optic,No,No,Yes,No,No,Yes,One year,Yes,Credit card (automatic),91.49,6147.68,No
C0721-9380,Female,0,Yes,No,72,No,No phone service,DSL,No,Yes,No,No,Yes,Yes,Month-to-month,Yes,Credit card (automatic),72.55,5224.66,No
C0722-8604,Male,0,No,No,41,Yes,Yes,Fiber optic,Yes,No,No,No,No,Yes,One year,Yes,Bank transfer (automatic),105.21,4310.34,Yes
C0723-2077,Male,0,Yes,Yes,14,Yes,Yes,DSL,No,No,No,Yes,Yes,Yes,Month-to-month,Yes,Bank transfer (automatic),86.3,1202.45,No
C0724-8072,Female,0,No,No,18,Yes,No,Fiber optic,Yes,No,Yes,No,No,No,Two year,Yes,Mailed check,107.58,1917.98,No
C0725-2053,Female,1,Yes,Yes,72,Yes,No,Fiber optic,No,No,Yes,No,Yes,No,Two year,Yes,Electronic check,99.04,7151.34,No
C0726-7490,Male,0,No,No,47,Yes,Yes,DSL,No,Yes,Yes,No,Yes,No,Month-to-month,No,Electronic check,90.12,4246.28,No
C0727-1789,Female,0,Yes,No,21,Yes,Yes,Fiber optic,Yes,No,Yes,No,Yes,No,Month-to-month,No,Credit card (automatic),105.68,2250.37,No
C0728-5393,Female,0,Yes,Yes,3,Yes,Yes,DSL,Yes,Yes,Yes,No,No,No,Month-to-month,No,Bank transfer (automatic),84.38,270.07,No
C0729-6920,Male,0,Yes,Yes,48,Yes,No,Fiber optic,No,Yes,No,No,No,Yes,Month-to-month,Yes,Mailed check,101.86,4880.74,No
C0730-7558,Male,1,No,No,42,Yes,Yes,No,No internet service,No internet service,No internet service,No internet service,No internet service,No internet service,Month-to-month,Yes,Credit card (automatic),45.06,1882.99,No
C0731-4767,Female,0,No,No,48,No,No phone service,Fiber optic,No,No,Yes,Yes,No,No,Month-to-month,Yes,Mailed check,78.8,3810.34,Yes
C0732-9293,Male,0,No,No,12,Yes,No,Fiber optic,No,No,No,Yes,No,No,Month-to-month,Yes,Electronic check,107.31,1284.88,No
C0733-7968,Male,0,Yes,Yes,20,No,No phone service,No,No internet service,No internet service,No internet service,No internet service,No internet service,No internet service,One year,Yes,Electronic check,18.25,365.48,Yes
C0734-2874,Male,1,Yes,Yes,60,Yes,No,Fiber optic,No,Yes,Yes,No,No,No,Month-to-month,Yes,Electronic check,104.64,6274.48,No
C0735-7040,Female,0,No,No,20,Yes,Yes,No,No internet service,No internet service,No internet service,No internet service,No internet service,No internet service,Month-to-month,Yes,Bank transfer (automatic),35.63,712.19,No
C0736-7574,Female,0,Yes,Yes,5,Yes,Yes,DSL,No,No,No,No,Yes,No,Month-to-month,Yes,Credit card (automatic),78.38,396.49,No
C0737-4002,Male,0,No,Yes,11,Yes,No,Fiber optic,No,No,Yes,No,No,Yes,Month-to-month,No,Credit card (automatic),99.85,1120.73,No
C0738-7643,Female,0,No,Yes,54,Yes,No,Fiber optic,No,Yes,No,No,Yes,No,Month-to-month,No,Mailed check,97.33,5302.63,No
C0739-9084,Male,0,No,Yes,23,Yes,No,Fiber optic,No,No,No,No,No,No,Two year,Yes,Electronic check,104.6,2403.43,No
C0740-8353,Male,0,No,No,9,Yes,No,DSL,No,No,Yes,No,No,No,Month-to-month,No,Credit card (automatic),70.14,628.31,No
C0741-7862,Female,0,Yes,No,39,Yes,Yes,DSL,No,No,Yes,No,Yes,Yes,Two year,No,Credit card (automatic),95.89,3740.22,No
C0742-6709,Male,1,Yes,No,15,Yes,No,Fiber optic,Yes,No,No,No,No,No,Month-to-month,No,Bank transfer (automatic),99.34,1501.17,No
C0743-3434,Male,0,No,No,22,Yes,No,No,No internet service,No internet service,No internet service,No internet service,No internet service,No internet service,Month-to-month,Yes,Credit card (automatic),36.51,798.99,No
C0744-8156,Male,1,Yes,No,31,Yes,Yes,Fiber optic,No,Yes,No,No,Yes,No,Two year,Yes,Mailed check,109.57,3370.41,No
C0745-4277,Male,0,No,No,71,Yes,Yes,No,No internet service,No internet service,No internet service,No internet service,No internet service,No internet service,Month-to-month,Yes,Bank transfer (automatic),52.19,3679.6,Yes
C0746-5789,Male,0,No,No,31,Yes,Yes,Fiber optic,Yes,No,No,No,No,Yes,Month-to-month,No,Mailed check,98.9,3093.25,No
C0747-3829,Male,0,Yes,No,19,Yes,No,No,No internet service,No internet service,No internet service,No internet service,No internet service,No internet service,Month-to-month,No,Bank transfer (automatic),50.25,945.2,No
C0748-3816,Male,0,No,Yes,37,Yes,No,DSL,Yes,No,No,No,No,No,Two year,Yes,Electronic check,74.78,2749.91,No
C0749-2418,Male,0,Yes,No,39,Yes,No,No,No internet service,No internet service,No internet service,No internet service,No internet service,No internet service,Month-to-month,Yes,Credit card (automatic),49.81,1982.79,No
C0750-9650,Female,0,No,No,17,Yes,Yes,No,No internet service,No internet service,No internet service,No internet service,No internet service,No internet service,Month-to-month,No,Credit card (automatic),51.06,878.29,No
C0751-2329,Female,0,Yes,No,23,Yes,Yes,No,No internet service,No internet service,No internet service,No internet service,No internet service,No internet service,Two year,Yes,Bank transfer (automatic),31.63,719.51,No
C0752-1776,Female,0,No,No,26,Yes,Yes,No,No internet service,No internet service,No internet service,No internet service,No internet service,No internet service,One year,Yes,Electronic check,38.81,988.46,No
C0753-9424,Male,0,Yes,No,62,Yes,No,No,No internet service,No internet service,No internet service,No internet service,No internet service,No internet service,One year,Yes,Bank transfer (automatic),34.59,2167.52,No
C0754-5994,Female,1,Yes,No,1,Yes,Yes,DSL,No,Yes,No,Yes,No,Yes,Month-to-month,No,Bank transfer (automatic),81.96,58.56,No
C0755-4940,Male,0,Yes,Yes,36,Yes,No,No,No internet service,No internet service,No internet service,No internet service,No internet service,No internet service,One year,Yes,Electronic check,36.33,1283.74,No
C0756-7636,Female,0,Yes,Yes,51,No,No phone service,DSL,No,Yes,Yes,No,Yes,No,One year,Yes,Electronic check,56.23,2874.7,No
C0757-4449,Female,0,No,Yes,61,Yes,Yes,No,No internet service,No internet service,No internet service,No internet service,No internet service,No internet service,Month-to-month,Yes,Electronic check,43.28,2619.85,Yes
C0758-2151,Female,0,Yes,No,5,Yes,Yes,Fiber optic,No,No,Yes,No,Yes,No,One year,No,Mailed check,102.78,494.26,Yes
C0759-7566,Male,0,Yes,Yes,5,Yes,Yes,DSL,Yes,No,No,No,No,Yes,Two year,No,Electronic check,85.19,433.42,No
C0760-2583,Male,0,Yes,No,15,Yes,Yes,DSL,No,Yes,Yes,No,No,Yes,Month-to-month,Yes,Electronic check,103.23,1554.4,No
C0761-5976,Male,0,Yes,Yes,45,Yes,No,DSL,No,No,Yes,No,No,Yes,Month-to-month,No,Electronic check,72.72,3245.11,Yes
C0762-9540,Male,0,Yes,No,55,Yes,No,Fiber optic,No,No,No,No,Yes,Yes,Month-to-month,No,Credit card (automatic),103.43,5698.89,Yes
C0763-9424,Female,0,Yes,No,4,Yes,Yes,Fiber optic,No,No,No,No,Yes,No,Month-to-month,Yes,Electronic check,95.52,352.26,Yes
C0764-4246,Male,0,No,Yes,32,Yes,Yes,Fiber optic,No,Yes,No,Yes,No,No,One year,Yes,Mailed check,114.05,3652.58,No
C0765-8021,Female,1,No,No,53,Yes,Yes,Fiber optic,No,Yes,No,No,No,Yes,Month-to-month,No,Electronic check,104.51,5517.42,Yes
C0766-6513,Female,0,No,No,18,Yes,No,DSL,No,Yes,No,Yes,Yes,No,Month-to-month,No,Credit card (automatic),89.04,1610.24,No
C0767-5313,Male,0,Yes,Yes,34,Yes,No,Fiber optic,No,No,No,No,Yes,No,Month-to-month,Yes,Mailed check,79.39,2700.03,No
C0768-2259,Male,0,No,No,7,Yes,Yes,Fiber optic,No,No,No,No,Yes,No,Month-to-month,No,Electronic check,92.03,634.39,No
C0769-4386,Female,0,No,Yes,41,No,No phone service,Fiber optic,Yes,Yes,No,No,Yes,No,One year,No,Bank transfer (automatic),92.78,3791.14,No
C0770-6866,Male,0,No,Yes,22,No,No phone service,DSL,No,Yes,Yes,Yes,No,Yes,Month-to-month,No,Electronic check,82.8,1822.5,No
C0771-9878,Female,0,Yes,Yes,20,Yes,Yes,Fiber optic,No,No,No,No,No,No,Month-to-month,No,Bank transfer (automatic),103.53,2059.83,No
C0772-1044,Male,0,Yes,Yes,32,Yes,Yes,No,No internet service,No internet service,No internet service,No internet service,No internet service,No internet service,Month-to-month,Yes,Mailed check,47.64,1510.47,Yes
C0773-7459,Male,0,Yes,No,3,Yes,No,No,No internet service,No internet service,No internet service,No internet service,No internet service,No internet service,Month-to-month,Yes,Electronic check,32.58,93.01,Yes
C0774-8616,Male,0,Yes,No,15,Yes,Yes,DSL,Yes,No,No,Yes,Yes,Yes,One year,Yes,Mailed check,90.71,1372.96,Yes
C0775-9559,Male,1,No,No,53,Yes,Yes,No,No internet service,No internet service,No internet service,No internet service,No internet service,No internet service,One year,Yes,Electronic check,44.45,2331.78,No
C0776-4813,Male,0,Yes,Yes,4,Yes,No,DSL,No,No,No,No,No,Yes,Month-to-month,Yes,Credit card (automatic),63.11,241.31,Yes
C0777-2066,Female,0,Yes,Yes,4,Yes,No,DSL,No,Yes,Yes,No,Yes,Yes,Month-to-month,No,Bank transfer (automatic),88.94,376.04,Yes
C0778-3438,Male,0,Yes,Yes,17,No,No phone service,DSL,No,No,No,No,Yes,No,One year,Yes,Mailed check,55.3,932.04,No
C0779-8653,Female,0,Yes,No,25,Yes,Yes,Fiber optic,No,No,Yes,No,Yes,No,Month-to-month,Yes,Mailed check,104.92,2663.98,No
C0780-8900,Female,0,Yes,Yes,31,No,No phone service,No,No internet service,No internet service,No internet service,No internet service,No internet service,No internet service,Month-to-month,No,Electronic check,18.25,585.93,No
C0781-6733,Male,1,Yes,No,72,Yes,No,No,No internet service,No internet service,No internet service,No internet service,No internet service,No internet service,One year,Yes,Mailed check,35.98,2580.49,No
C0782-2104,Male,0,No,No,32,Yes,Yes,Fiber optic,No,No,Yes,No,No,No,Month-to-month,Yes,Credit card (automatic),106.2,3382.59,Yes
C0783-2097,Female,0,Yes,Yes,35,Yes,Yes,Fiber optic,Yes,No,Yes,No,No,Yes,Month-to-month,Yes,Mailed check,114.04,4003.03,No
C0784-5303,Female,0,No,No,61,Yes,Yes,DSL,No,Yes,Yes,Yes,Yes,Yes,Month-to-month,Yes,Credit card (automatic),117.36,7195.75,No
C0785-6293,Male,0,No,No,11,Yes,No,No,No internet service,No internet service,No internet service,No internet service,No internet service,No internet service,One year,Yes,Electronic check,43.93,466.64,No
C0786-1291,Female,0,No,Yes,36,Yes,Yes,DSL,Yes,No,No,No,Yes,No,Month-to-month,Yes,Mailed check,96.5,3501.13,No
C0787-7174,Female,1,No,No,44,Yes,Yes,DSL,Yes,Yes,Yes,No,Yes,No,Two year,No,Electronic check,103.75,4582.25,No
C0788-5900,Female,0,Yes,No,40,Yes,Yes,No,No internet service,No internet service,No internet service,No internet service,No internet service,No internet service,Month-to-month,Yes,Electronic check,58.18,2311.24,No
C0789-1110,Female,0,No,No,31,Yes,No,DSL,No,No,Yes,Yes,No,Yes,Month-to-month,Yes,Electronic check,87.26,2730.58,Yes
C0790-1861,Male,0,No,No,29,Yes,Yes,DSL,No,Yes,Yes,Yes,No,No,Month-to-month,Yes,Electronic check,97.82,2836.95,Yes
C0791-5088,Male,0,No,No,9,Yes,No,No,No internet service,No internet service,No internet service,No internet service,No internet service,No internet service,One year,Yes,Electronic check,24.79,232.63,No
C0792-7502,Male,0,Yes,Yes,19,Yes,No,DSL,Yes,No,No,Yes,Yes,No,One year,No,Electronic check,88.79,1686.57,No
C0793-8427,Female,0,No,No,72,Yes,Yes,DSL,No,No,Yes,Yes,No,No,Month-to-month,Yes,Electronic check,91.65,6569.4,No
C0794-4881,Male,0,Yes,No,15,No,No phone service,Fiber optic,No,No,Yes,Yes,Yes,Yes,One year,No,Electronic check,99.01,1471.04,No
C0795-3657,Male,0,No,No,27,Yes,No,DSL,No,No,Yes,No,No,Yes,Month-to-month,Yes,Bank transfer (automatic),85.58,2319.8,Yes
C0796-9713,Female,0,Yes,Yes,25,No,No phone service,No,No internet service,No internet service,No internet service,No internet service,No internet service,No internet service,Two year,Yes,Mailed check,20.37,528.87,No
C0797-5126,Female,1,Yes,Yes,36,Yes,No,Fiber optic,No,No,Yes,No,Yes,No,Month-to-month,No,Mailed check,100.95,3626.43,No
C0798-3838,Female,0,No,No,25,Yes,No,Fiber optic,No,No,No,No,Yes,No,Month-to-month,No,Mailed check,105.25,2621.73,No
C0799-4980,Male,0,No,No,22,Yes,No,DSL,Yes,No,Yes,No,Yes,No,One year,Yes,Bank transfer (automatic),77.04,1717.21,No
C0800-1108,Male,0,No,No,52,Yes,Yes,DSL,Yes,No,Yes,No,No,Yes,Month-to-month,No,Mailed check,99.95,5232.99,No
C0801-3717,Female,0,No,No,32,Yes,No,No,No internet service,No internet service,No internet service,No internet service,No internet service,No internet service,One year,Yes,Bank transfer (automatic),37.52,1214.82,Yes
C0802-5639,Female,0,No,No,29,Yes,Yes,DSL,Yes,No,No,Yes,No,No,Month-to-month,Yes,Credit card (automatic),90.13,2610.87,Yes
C0803-9265,Female,0,Yes,No,16,Yes,Yes,DSL,No,No,No,No,Yes,Yes,Month-to-month,Yes,Mailed check,82.54,1331.94,No
C0804-7643,Male,0,No,No,19,Yes,Yes,DSL,Yes,No,Yes,Yes,Yes,Yes,Month-to-month,No,Credit card (automatic),112.56,2147.15,Yes
C0805-8030,Female,0,Yes,Yes,33,Yes,Yes,Fiber optic,No,No,Yes,No,No,Yes,Month-to-month,Yes,Electronic check,101.94,3375.37,Yes
C0806-5903,Female,0,Yes,No,56,Yes,Yes,No,No internet service,No internet service,No internet service,No internet service,No internet service,No internet service,Month-to-month,Yes,Mailed check,42.63,2404.88,No
C0807-1995,Female,0,No,No,70,Yes,No,DSL,No,Yes,Yes,No,No,No,Month-to-month,No,Electronic check,80.87,5670.68,No
C0808-4517,Male,0,Yes,Yes,35,Yes,No,DSL,Yes,No,No,Yes,No,No,One year,Yes,Credit card (automatic),72.32,2564.7,No
C0809-9972,Female,0,No,No,72,Yes,Yes,No,No internet service,No internet service,No internet service,No internet service,No internet service,No internet service,Month-to-month,No,Mailed check,54.32,3916.39,Yes
C0810-1397,Male,0,Yes,No,21,Yes,Yes,DSL,No,Yes,No,No,No,No,Month-to-month,Yes,Bank transfer (automatic),88.07,1837.63,Yes
C0811-8911,Male,0,Yes,No,20,No,No phone service,Fiber optic,No,Yes,No,No,No,No,Two year,Yes,Credit card (automatic),70.08,1418.64,No
C0812-7159,Male,0,Yes,No,64,No,No phone service,Fiber optic,No,Yes,Yes,Yes,Yes,Yes,Month-to-month,Yes,Mailed check,108.42,6940.59,No
C0813-3554,Female,0,No,No,30,Yes,Yes,Fiber optic,No,Yes,Yes,No,No,No,Two year,Yes,Mailed check,105.55,3175.32,No
C0814-8001,Female,0,No,No,16,Yes,No,DSL,Yes,Yes,Yes,Yes,No,No,Month-to-month,Yes,Mailed check,105.0,1694.43,No
C0815-8531,Female,1,Yes,Yes,26,Yes,Yes,No,No internet service,No internet service,No internet service,No internet service,No internet service,No internet service,Two year,No,Credit card (automatic),28.03,747.13,No
C0816-1388,Male,0,Yes,No,10,No,No phone service,DSL,No,No,No,No,Yes,No,One year,No,Mailed check,58.25,553.95,No
C0817-1957,Male,0,Yes,No,23,Yes,No,Fiber optic,No,No,Yes,No,Yes,No,Month-to-month,No,Electronic check,108.72,2509.98,No
C0818-6991,Male,0,Yes,No,9,Yes,Yes,Fiber optic,No,No,No,No,Yes,No,Month-to-month,Yes,Electronic check,97.6,868.18,No
C0819-9990,Male,0,No,No,10,Yes,No,No,No internet service,No internet service,No internet service,No internet service,No internet service,No internet service,Month-to-month,Yes,Mailed check,41.18,411.25,Yes
C0820-1215,Male,0,No,No,33,Yes,Yes,Fiber optic,No,Yes,Yes,Yes,No,Yes,Month-to-month,No,Bank transfer (automatic),118.95,3887.48,No
C0821-6990,Female,0,Yes,Yes,2,Yes,No,Fiber optic,No,Yes,Yes,No,No,No,Month-to-month,Yes,Mailed check,96.71,207.2,No
C0822-2228,Male,0,Yes,Yes,9,No,No phone service,DSL,No,No,Yes,Yes,Yes,No,One year,Yes,Mailed check,73.85,678.83,No
C0823-6850,Male,0,No,No,13,Yes,No,Fiber optic,No,No,Yes,No,No,No,One year,Yes,Mailed check,106.83,1406.68,No
C0824-6609,Female,0,Yes,Yes,18,Yes,Yes,Fiber optic,No,Yes,Yes,No,No,Yes,Month-to-month,No,Credit card (automatic),109.92,1982.61,Yes
C0825-1813,Male,0,Yes,Yes,42,Yes,No,Fiber optic,Yes,Yes,Yes,No,No,No,One year,Yes,Electronic check,117.18,4904.9,No
C0826-7125,Female,0,No,No,18,Yes,Yes,Fiber optic,No,Yes,Yes,Yes,Yes,Yes,Month-to-month,Yes,Credit card (automatic),138.36,2462.07,No
C0827-9072,Female,0,Yes,No,72,No,No phone service,No,No internet service,No internet service,No internet service,No internet service,No internet service,No internet service,Month-to-month,Yes,Electronic check,18.25,1331.11,Yes
C0828-8770,Female,0,Yes,No,15,Yes,Yes,DSL,No,Yes,Yes,Yes,No,No,Month-to-month,Yes,Mailed check,88.75,1345.41,No
C0829-1260,Female,0,Yes,Yes,2,Yes,Yes,No,No internet service,No internet service,No internet service,No internet service,No internet service,No internet service,Month-to-month,Yes,Bank transfer (automatic),38.24,77.46,No
C0830-3213,Female,0,No,No,9,Yes,No,Fiber optic,No,Yes,No,No,No,Yes,Month-to-month,No,Mailed check,102.67,922.65,Yes
C0831-3167,Female,0,Yes,Yes,32,Yes,No,DSL,No,No,No,No,Yes,Yes,Month-to-month,Yes,Electronic check,73.07,2355.34,No
C0832-5079,Male,0,No,No,10,No,No phone service,Fiber optic,No,No,No,No,No,Yes,Month-to-month,No,Electronic check,75.0,729.48,Yes
C0833-2287,Female,0,Yes,Yes,14,Yes,No,Fiber optic,No,Yes,No,No,No,Yes,Two year,No,Credit card (automatic),109.28,1523.21,Yes
C0834-8688,Female,0,Yes,Yes,64,Yes,No,Fiber optic,No,Yes,No,No,No,No,One year,Yes,Mailed check,98.86,6350.47,No
C0835-7990,Male,1,No,No,72,Yes,Yes,Fiber optic,Yes,No,No,No,No,Yes,Two year,Yes,Bank transfer (automatic),104.76,7517.1,No
C0836-8274,Female,1,Yes,Yes,6,Yes,No,Fiber optic,No,No,Yes,Yes,No,No,Month-to-month,Yes,Electronic check,109.28,669.51,Yes
C0837-2783,Female,0,Yes,No,21,Yes,No,Fiber optic,No,Yes,Yes,No,No,No,Two year,Yes,Credit card (automatic),109.38,2280.65,No
C0838-1131,Female,0,Yes,Yes,32,Yes,Yes,Fiber optic,Yes,Yes,No,No,Yes,Yes,Month-to-month,No,Bank transfer (automatic),131.78,4207.66,No
C0839-9194,Male,0,No,Yes,54,Yes,Yes,DSL,No,No,No,No,No,No,Month-to-month,Yes,Bank transfer (automatic),79.89,4311.12,No
C0840-3599,Female,0,Yes,Yes,18,Yes,No,No,No internet service,No internet service,No internet service,No internet service,No internet service,No internet service,Month-to-month,Yes,Bank transfer (automatic),28.5,518.36,Yes
C0841-6905,Male,0,No,No,31,No,No phone service,DSL,No,No,No,No,Yes,Yes,Month-to-month,Yes,Electronic check,65.53,2032.7,Yes
C0842-9184,Female,0,Yes,Yes,61,Yes,No,Fiber optic,No,No,No,No,No,Yes,Month-to-month,No,Credit card (automatic),92.35,5641.88,No
C0843-1325,Female,0,Yes,Yes,27,Yes,Yes,Fiber optic,Yes,Yes,Yes,No,Yes,Yes,One year,Yes,Credit card (automatic),128.17,3472.43,No
C0844-1049,Male,0,Yes,Yes,1,Yes,Yes,No,No internet service,No internet service,No internet service,No internet service,No internet service,No internet service,Month-to-month,No,Electronic check,45.89,30.97,Yes
C0845-1048,Male,0,Yes,No,21,Yes,Yes,Fiber optic,No,No,No,No,No,Yes,Month-to-month,Yes,Bank transfer (automatic),103.4,2166.75,Yes
C0846-2406,Female,0,No,No,12,Yes,No,DSL,No,Yes,Yes,No,Yes,No,One year,Yes,Bank transfer (automatic),71.37,852.01,Yes
C0847-1464,Female,0,Yes,Yes,13,Yes,No,DSL,No,No,Yes,No,No,Yes,Month-to-month,Yes,Mailed check,82.84,1094.06,No
C0848-8379,Male,1,No,No,14,Yes,No,Fiber optic,Yes,Yes,No,Yes,Yes,Yes,Month-to-month,No,Credit card (automatic),123.89,1728.81,No
C0849-6452,Female,0,Yes,Yes,2,Yes,Yes,Fiber optic,No,Yes,No,Yes,No,Yes,Month-to-month,No,Electronic check,118.54,215.23,No
C0850-9819,Female,0,No,No,72,Yes,Yes,Fiber optic,Yes,No,Yes,Yes,Yes,No,Month-to-month,Yes,Electronic check,112.39,8084.32,Yes
C0851-8212,Male,0,Yes,No,56,Yes,No,No,No internet service,No internet service,No internet service,No internet service,No internet service,No internet service,Month-to-month,No,Mailed check,31.32,1771.58,No
C0852-9667,Female,0,No,Yes,72,Yes,Yes,Fiber optic,Yes,No,Yes,Yes,No,Yes,Month-to-month,Yes,Electronic check,120.79,8703.33,No
C0853-3146,Male,0,Yes,No,72,Yes,Yes,No,No internet service,No internet service,No internet service,No internet service,No internet service,No internet service,Month-to-month,No,Electronic check,48.84,3524.66,No
C0854-3589,Male,0,No,No,30,Yes,No,DSL,No,No,Yes,No,Yes,No,Two year,Yes,Mailed check,85.61,2549.52,Yes
C0855-8643,Male,1,No,No,16,Yes,No,No,No internet service,No internet service,No internet service,No internet service,No internet service,No internet service,Two year,Yes,Mailed check,32.46,543.04,No
C0856-3203,Female,0,No,No,38,Yes,No,DSL,Yes,Yes,No,No,No,No,Two year,Yes,Mailed check,85.31,3250.94,Yes
C0857-1515,Female,0,Yes,Yes,39,Yes,Yes,No,No internet service,No internet service,No internet service,No internet service,No internet service,No internet service,Month-to-month,No,Credit card (automatic),40.82,1598.93,No
C0858-7021,Female,0,No,No,16,Yes,Yes,DSL,No,Yes,Yes,Yes,Yes,No,Month-to-month,No,Bank transfer (automatic),97.14,1548.42,No
C0859-8207,Female,1,Yes,No,16,Yes,No,Fiber optic,No,No,No,No,Yes,No,One year,Yes,Credit card (automatic),93.74,1525.12,Yes
C0860-9712,Male,0,Yes,Yes,24,Yes,Yes,Fiber optic,Yes,No,Yes,No,No,No,One year,Yes,Electronic check,105.85,2515.75,No
C0861-9349,Male,1,No,No,14,Yes,No,Fiber optic,No,Yes,No,No,No,Yes,Month-to-month,No,Mailed check,104.55,1437.03,No
C0862-2081,Male,0,No,No,39,Yes,No,No,No internet service,No internet service,No internet service,No internet service,No internet service,No internet service,One year,Yes,Electronic check,32.36,1251.67,No
C0863-7948,Male,0,Yes,No,7,Yes,Yes,Fiber optic,No,No,No,Yes,No,No,Two year,No,Bank transfer (automatic),106.84,742.27,No
C0864-8614,Male,0,No,No,47,Yes,No,DSL,No,No,No,No,No,No,Month-to-month,No,Credit card (automatic),65.57,3081.84,No
C0865-7282,Female,0,No,No,69,Yes,Yes,Fiber optic,No,Yes,Yes,No,Yes,No,Two year,Yes,Bank transfer (automatic),106.76,7372.57,No
C0866-8377,Female,0,Yes,Yes,72,Yes,Yes,DSL,Yes,No,No,No,No,Yes,Month-to-month,No,Electronic check,94.01,6786.26,No
C0867-8540,Female,1,Yes,Yes,72,Yes,No,DSL,Yes,No,No,No,Yes,No,Month-to-month,Yes,Electronic check,82.06,5909.17,No
C0868-5018,Male,0,No,No,40,Yes,Yes,DSL,No,No,Yes,No,No,Yes,Month-to-month,Yes,Electronic check,88.75,3542.17,No
C0869-1361,Female,0,Yes,No,6,No,No phone service,Fiber optic,No,No,No,No,No,Yes,One year,Yes,Bank transfer (automatic),70.5,419.04,No
C0870-5105,Male,1,Yes,Yes,29,No,No phone service,No,No internet service,No internet service,No internet service,No internet service,No internet service,No internet service,Month-to-month,No,Mailed check,18.25,542.52,No
C0871-2815,Female,1,Yes,No,72,Yes,No,DSL,No,No,Yes,Yes,Yes,No,Month-to-month,No,Electronic check,88.77,6382.5,No
C0872-2023,Male,1,No,No,72,Yes,Yes,No,No internet service,No internet service,No internet service,No internet service,No internet service,No internet service,Month-to-month,Yes,Bank transfer (automatic),67.26,4841.21,No
C0873-2124,Male,1,Yes,Yes,20,No,No phone service,No,No internet service,No internet service,No internet service,No internet service,No internet service,No internet service,Month-to-month,Yes,Credit card (automatic),18.25,356.26,No
C0874-7275,Female,0,Yes,Yes,3,Yes,Yes,Fiber optic,No,No,Yes,No,Yes,No,Month-to-month,Yes,Mailed check,117.37,361.96,No
C0875-5540,Female,1,Yes,No,38,Yes,Yes,Fiber optic,No,Yes,No,Yes,No,No,Month-to-month,Yes,Electronic check,101.16,3854.63,No
C0876-5858,Female,0,Yes,No,6,Yes,No,No,No internet service,No internet service,No internet service,No internet service,No internet service,No internet service,Month-to-month,No,Bank transfer (automatic),42.77,273.48,Yes
C0877-7705,Female,0,No,No,37,Yes,No,Fiber optic,No,Yes,No,No,Yes,No,Two year,Yes,Bank transfer (automatic),93.68,3464.31,No
C0878-5933,Female,0,No,No,41,Yes,No,No,No internet service,No internet service,No internet service,No internet service,No internet service,No internet service,Two year,Yes,Bank transfer (automatic),43.02,1763.25,No
C0879-6669,Male,0,No,No,72,Yes,No,Fiber optic,No,No,Yes,No,Yes,No,Two year,No,Mailed check,111.5,8009.47,No
C0880-1774,Female,0,No,Yes,3,No,No phone service,DSL,No,No,Yes,No,Yes,No,Month-to-month,No,Bank transfer (automatic),59.4,151.12,Yes
C0881-8659,Female,1,Yes,Yes,54,Yes,Yes,Fiber optic,No,No,No,Yes,Yes,Yes,Month-to-month,No,Electronic check,120.86,6520.18,No
C0882-5038,Male,0,No,No,24,Yes,No,DSL,Yes,Yes,No,No,Yes,No,One year,Yes,Mailed check,87.9,2105.83,No
C0883-2396,Male,0,No,No,72,Yes,Yes,DSL,Yes,No,No,No,Yes,Yes,Two year,Yes,Credit card (automatic),87.98,6331.75,No
C0884-8319,Female,0,No,No,51,Yes,No,DSL,Yes,No,No,No,Yes,Yes,Month-to-month,Yes,Bank transfer (automatic),84.99,4351.86,No
C0885-7610,Male,0,No,No,31,Yes,No,Fiber optic,Yes,Yes,No,Yes,Yes,No,Two year,Yes,Electronic check,120.19,3704.35,No
C0886-1477,Female,0,Yes,No,12,Yes,Yes,DSL,No,No,Yes,No,Yes,No,Month-to-month,Yes,Mailed check,97.37,1141.55,No
C0887-2737,Female,0,No,No,27,Yes,No,DSL,No,No,No,Yes,Yes,No,One year,No,Credit card (automatic),74.39,1979.46,Yes
C0888-1141,Female,0,Yes,Yes,64,Yes,No,DSL,No,No,No,No,Yes,Yes,Month-to-month,Yes,Credit card (automatic),82.78,5291.07,No
C0889-3436,Female,0,No,No,27,Yes,Yes,Fiber optic,No,No,No,No,No,No,Month-to-month,Yes,Electronic check,93.22,2543.84,Yes
C0890-1899,Female,0,Yes,Yes,26,Yes,No,DSL,Yes,Yes,Yes,No,Yes,Yes,Month-to-month,Yes,Credit card (automatic),104.96,2749.63,No
C0891-7388,Male,0,No,No,27,Yes,Yes,No,No internet service,No internet service,No internet service,No internet service,No internet service,No internet service,Month-to-month,No,Electronic check,51.71,1414.02,No
C0892-5702,Female,0,No,No,16,Yes,Yes,No,No internet service,No internet service,No internet service,No internet service,No internet service,No internet service,One year,Yes,Mailed check,45.04,711.27,No
C0893-9820,Female,0,No,No,10,Yes,No,Fiber optic,No,No,Yes,Yes,No,Yes,One year,Yes,Mailed check,112.37,1103.78,No
C0894-7744,Female,0,Yes,No,12,Yes,Yes,DSL,Yes,No,Yes,Yes,Yes,No,Month-to-month,Yes,Mailed check,89.12,1077.29,No
C0895-6503,Female,0,No,No,29,Yes,Yes,Fiber optic,No,Yes,No,No,Yes,Yes,One year,No,Electronic check,121.53,3553.51,No
C0896-5583,Female,0,No,No,56,Yes,No,DSL,No,No,No,Yes,Yes,Yes,Month-to-month,No,Electronic check,89.01,4981.49,Yes
C0897-1490,Male,0,No,No,33,Yes,No,No,No internet service,No internet service,No internet service,No internet service,No internet service,No internet service,Month-to-month,No,Electronic check,46.31,1514.09,No
C0898-1631,Male,0,No,No,65,Yes,Yes,DSL,No,No,Yes,No,Yes,Yes,Month-to-month,Yes,Bank transfer (automatic),79.31,5146.87,No
C0899-6546,Male,0,No,No,72,Yes,No,DSL,No,Yes,Yes,Yes,No,Yes,Month-to-month,Yes,Mailed check,92.17,6629.72,No
C0900-1039,Female,0,No,No,72,Yes,Yes,DSL,No,No,Yes,No,Yes,Yes,Month-to-month,Yes,Electronic check,84.3,6099.79,No
C0901-1381,Male,0,Yes,No,72,Yes,Yes,No,No internet service,No internet service,No internet service,No internet service,No internet service,No internet service,Two year,No,Credit card (automatic),36.65,2637.28,No
C0902-2972,Male,0,Yes,Yes,6,No,No phone service,DSL,No,No,No,Yes,No,Yes,Two year,No,Electronic check,42.98,277.42,No
C0903-8956,Male,1,No,No,44,Yes,No,DSL,Yes,Yes,No,No,Yes,Yes,Month-to-month,Yes,Mailed check,95.03,4192.74,No
C0904-5129,Female,0,No,Yes,19,Yes,Yes,DSL,No,No,Yes,No,No,No,Month-to-month,No,Electronic check,75.23,1439.42,Yes
C0905-7385,Male,0,Yes,Yes,13,No,No phone service,No,No internet service,No internet service,No internet service,No internet service,No internet service,No internet service,One year,No,Electronic check,18.88,266.06,No
C0906-4703,Female,1,Yes,No,23,Yes,Yes,Fiber optic,No,Yes,No,No,No,Yes,Month-to-month,No,Electronic check,111.03,2575.66,No
C0907-2557,Male,0,Yes,No,72,Yes,No,No,No internet service,No internet service,No internet service,No internet service,No internet service,No internet service,Month-to-month,Yes,Bank transfer (automatic),41.39,2975.94,No
C0908-4340,Female,0,No,No,64,Yes,No,No,No internet service,No internet service,No internet service,No internet service,No internet service,No internet service,Two year,Yes,Electronic check,43.0,2733.13,No
C0909-1825,Male,1,No,No,30,Yes,Yes,Fiber optic,No,Yes,No,No,No,No,Two year,Yes,Mailed check,113.43,3399.08,No
C0910-7931,Female,0,No,Yes,49,Yes,Yes,DSL,No,No,No,Yes,No,Yes,Two year,Yes,Mailed check,86.51,4232.09,No
C0911-2651,Male,0,Yes,Yes,39,Yes,Yes,No,No internet service,No internet service,No internet service,No internet service,No internet service,No internet service,Month-to-month,Yes,Credit card (automatic),43.19,1707.84,No
C0912-4387,Female,0,Yes,Yes,23,Yes,No,Fiber optic,Yes,Yes,No,No,Yes,No,Month-to-month,Yes,Credit card (automatic),99.75,2301.87,No
C0913-9819,Male,0,No,No,14,Yes,No,Fiber optic,No,No,No,No,No,Yes,One year,Yes,Credit card (automatic),98.96,1357.5,No
C0914-6327,Female,0,Yes,Yes,27,Yes,No,Fiber optic,Yes,No,No,No,Yes,No,Month-to-month,Yes,Bank transfer (automatic),95.57,2567.13,No
C0915-5126,Male,0,Yes,No,52,No,No phone service,Fiber optic,Yes,No,No,Yes,Yes,No,One year,Yes,Bank transfer (automatic),90.5,4697.26,Yes
C0916-5886,Male,1,Yes,Yes,72,Yes,No,No,No internet service,No internet service,No internet service,No internet service,No internet service,No internet service,Month-to-month,No,Electronic check,53.94,3897.68,No
C0917-8055,Female,0,No,No,44,Yes,No,No,No internet service,No internet service,No internet service,No internet service,No internet service,No internet service,Two year,Yes,Electronic check,25.72,1122.84,No
C0918-3290,Female,0,No,No,17,No,No phone service,Fiber optic,Yes,No,Yes,No,No,Yes,Month-to-month,No,Mailed check,79.95,1377.58,No
C0919-6727,Male,0,Yes,No,11,Yes,Yes,DSL,No,No,No,No,Yes,Yes,Month-to-month,No,Credit card (automatic),87.77,946.01,No
C0920-8853,Female,0,Yes,No,38,No,No phone service,No,No internet service,No internet service,No internet service,No internet service,No internet service,No internet service,Two year,Yes,Electronic check,18.25,660.46,No
C0921-6151,Female,0,No,No,3,Yes,No,DSL,No,No,No,No,Yes,Yes,Month-to-month,Yes,Mailed check,88.63,269.0,Yes
C0922-5018,Male,0,Yes,Yes,72,Yes,No,Fiber optic,No,No,No,No,Yes,Yes,Month-to-month,No,Bank transfer (automatic),94.02,6738.55,No
C0923-2306,Female,0,Yes,Yes,43,Yes,No,DSL,No,Yes,No,No,Yes,No,Two year,No,Bank transfer (automatic),78.39,3366.58,No
C0924-3234,Female,1,Yes,Yes,72,Yes,No,Fiber optic,No,No,No,No,No,Yes,One year,Yes,Mailed check,98.45,7091.73,Yes
C0925-9513,Female,0,Yes,No,61,Yes,Yes,Fiber optic,No,Yes,No,Yes,Yes,No,One year,No,Electronic check,106.2,6496.17,No
C0926-5870,Female,0,No,No,43,Yes,No,Fiber optic,Yes,Yes,No,No,Yes,Yes,Month-to-month,Yes,Electronic check,116.34,5015.76,Yes
C0927-3711,Female,0,No,No,41,Yes,No,No,No internet service,No internet service,No internet service,No internet service,No internet service,No internet service,Two year,Yes,Electronic check,48.83,1981.89,No
C0928-4764,Female,0,Yes,No,54,Yes,Yes,No,No internet service,No internet service,No internet service,No internet service,No internet service,No internet service,One year,No,Mailed check,49.99,2681.7,No
C0929-6201,Female,0,No,No,21,Yes,No,Fiber optic,No,No,No,No,Yes,No,One year,No,Electronic check,91.9,1908.38,No
C0930-5837,Female,0,Yes,No,30,Yes,Yes,DSL,No,No,No,No,Yes,No,Two year,Yes,Mailed check,85.49,2554.74,No
C0931-7297,Female,0,No,No,56,Yes,No,Fiber optic,No,Yes,No,Yes,Yes,Yes,Month-to-month,Yes,Electronic check,97.51,5483.24,Yes
C0932-3317,Female,1,Yes,Yes,6,Yes,No,Fiber optic,No,No,No,No,Yes,Yes,One year,No,Electronic check,97.39,634.4,Yes
C0933-6842,Female,0,Yes,Yes,29,Yes,Yes,Fiber optic,No,No,Yes,Yes,Yes,Yes,Two year,No,Mailed check,111.88,3248.95,No
C0934-4983,Male,1,No,No,26,Yes,No,No,No internet service,No internet service,No internet service,No internet service,No internet service,No internet service,Month-to-month,No,Credit card (automatic),39.78,1031.77,No
C0935-9464,Female,1,No,No,3,No,No phone service,Fiber optic,No,No,No,No,No,Yes,Month-to-month,No,Credit card (automatic),75.53,221.12,No
C0936-2421,Male,0,No,Yes,46,Yes,No,DSL,No,Yes,No,Yes,No,No,Two year,Yes,Credit card (automatic),71.69,3285.24,No
C0937-2335,Male,0,No,No,35,Yes,No,Fiber optic,Yes,No,Yes,Yes,No,Yes,Month-to-month,Yes,Electronic check,124.14,4311.73,Yes
C0938-5154,Male,1,No,No,29,Yes,Yes,DSL,No,Yes,Yes,No,Yes,Yes,Month-to-month,No,Mailed check,85.0,2487.08,No
C0939-5574,Male,1,No,No,65,Yes,Yes,DSL,Yes,No,Yes,No,Yes,Yes,Month-to-month,Yes,Electronic check,113.92,7412.81,No
C0940-7217,Female,1,Yes,Yes,57,Yes,Yes,Fiber optic,No,No,No,No,No,No,Month-to-month,No,Electronic check,103.92,5918.33,Yes
C0941-4635,Male,0,Yes,Yes,60,Yes,Yes,DSL,No,Yes,Yes,Yes,No,No,Month-to-month,Yes,Mailed check,94.71,5690.21,No
C0942-9222,Female,0,No,No,27,Yes,Yes,Fiber optic,No,No,No,No,No,Yes,One year,Yes,Electronic check,98.61,2668.81,No
C0943-5267,Male,1,No,No,20,Yes,No,No,No internet service,No internet service,No internet service,No internet service,No internet service,No internet service,One year,No,Electronic check,35.76,733.03,No
C0944-2163,Female,1,No,No,34,Yes,Yes,DSL,Yes,Yes,No,No,Yes,Yes,Month-to-month,No,Bank transfer (automatic),103.34,3519.34,Yes
C0945-2072,Female,0,Yes,No,42,No,No phone service,Fiber optic,Yes,Yes,No,No,Yes,Yes,Month-to-month,No,Mailed check,90.62,3803.72,No
C0946-9759,Female,1,Yes,Yes,51,No,No phone service,Fiber optic,No,No,No,No,Yes,Yes,One year,Yes,Credit card (automatic),80.67,4115.45,No
C0947-2206,Female,0,Yes,No,13,Yes,Yes,Fiber optic,No,No,No,No,No,No,Two year,Yes,Electronic check,98.4,1265.9,No
C0948-9529,Female,1,No,No,40,No,No phone service,No,No internet service,No internet service,No internet service,No internet service,No internet service,No internet service,Two year,No,Bank transfer (automatic),22.47,881.87,No
C0949-3502,Male,0,Yes,No,70,Yes,Yes,No,No internet service,No internet service,No internet service,No internet service,No internet service,No internet service,One year,Yes,Bank transfer (automatic),56.61,3976.58,No
C0950-1840,Female,1,No,No,14,Yes,No,DSL,Yes,Yes,Yes,No,Yes,No,Month-to-month,No,Credit card (automatic),104.57,1496.52,Yes
C0951-3742,Male,0,Yes,No,3,Yes,Yes,Fiber optic,No,No,No,No,Yes,No,One year,Yes,Credit card (automatic),102.18,291.19,No
C0952-6531,Female,0,Yes,Yes,1,Yes,Yes,DSL,No,No,No,No,No,Yes,Month-to-month,No,Credit card (automatic),67.26,40.07,No
C0953-4850,Male,0,No,No,20,Yes,No,DSL,No,No,No,No,No,Yes,Two year,Yes,Bank transfer (automatic),71.7,1408.59,No
C0954-8069,Female,0,Yes,Yes,10,Yes,No,Fiber optic,No,No,No,Yes,Yes,No,One year,Yes,Credit card (automatic),112.42,1114.9,No
C0955-6498,Female,0,No,No,45,Yes,Yes,DSL,No,No,Yes,Yes,Yes,Yes,Month-to-month,Yes,Credit card (automatic),100.0,4487.73,Yes
C0956-4606,Female,1,Yes,Yes,39,Yes,No,Fiber optic,No,Yes,No,Yes,Yes,No,Month-to-month,Yes,Electronic check,121.64,4759.08,Yes
C0957-6711,Male,0,No,No,4,No,No phone service,Fiber optic,Yes,No,Yes,No,Yes,No,Month-to-month,No,Electronic check,79.03,335.88,No
C0958-9742,Male,1,No,No,68,Yes,No,Fiber optic,No,No,Yes,No,No,No,Month-to-month,Yes,Bank transfer (automatic),98.24,6709.48,No
C0959-4705,Female,0,No,No,16,Yes,No,No,No internet service,No internet service,No internet service,No internet service,No internet service,No internet service,Month-to-month,Yes,Credit card (automatic),41.23,683.05,No
C0960-2380,Female,0,Yes,No,12,Yes,Yes,No,No internet service,No internet service,No internet service,No internet service,No internet service,No internet service,Two year,Yes,Electronic check,59.68,726.17,Yes
C0961-4678,Male,0,Yes,No,37,Yes,No,Fiber optic,Yes,Yes,Yes,No,No,Yes,Month-to-month,Yes,Bank transfer (automatic),116.36,4287.21,No
C0962-8560,Male,0,No,No,19,Yes,No,Fiber optic,No,No,Yes,No,Yes,No,Month-to-month,No,Mailed check,105.41,2007.5,No
C0963-2958,Female,0,No,No,35,Yes,Yes,DSL,No,No,No,No,Yes,Yes,One year,Yes,Mailed check,92.4,3222.41,No
C0964-9541,Female,0,No,No,25,Yes,No,DSL,No,Yes,No,No,No,Yes,Month-to-month,No,Credit card (automatic),70.31,1720.07,No
C0965-6294,Female,1,No,No,72,No,No phone service,DSL,No,No,No,No,No,No,Month-to-month,Yes,Electronic check,40.22,2895.35,No
C0966-6413,Male,0,No,No,35,Yes,Yes,No,No internet service,No internet service,No internet service,No internet service,No internet service,No internet service,One year,No,Credit card (automatic),48.58,1691.42,No
C0967-3853,Male,1,No,No,23,Yes,No,Fiber optic,No,No,Yes,No,No,No,Month-to-month,Yes,Electronic check,96.35,2195.68,No
C0968-9283,Female,0,No,No,28,Yes,Yes,Fiber optic,Yes,Yes,No,No,No,Yes,Month-to-month,Yes,Electronic check,114.63,3201.05,No
C0969-1324,Female,0,No,No,63,Yes,No,Fiber optic,No,Yes,No,No,No,No,Month-to-month,Yes,Mailed check,98.13,6214.89,No
C0970-3687,Female,0,No,No,13,Yes,Yes,Fiber optic,Yes,No,Yes,Yes,Yes,Yes,Month-to-month,Yes,Mailed check,132.23,1736.24,Yes
C0971-4765,Male,0,No,No,47,Yes,No,No,No internet service,No internet service,No internet service,No internet service,No internet service,No internet service,Month-to-month,No,Electronic check,45.6,2174.89,Yes
C0972-5295,Female,0,No,No,30,No,No phone service,DSL,Yes,Yes,No,No,No,No,Month-to-month,No,Credit card (automatic),54.65,1641.83,No
C0973-5266,Female,0,Yes,No,30,Yes,No,No,No internet service,No internet service,No internet service,No internet service,No internet service,No internet service,Two year,No,Electronic check,40.38,1183.3,No
C0974-2331,Female,0,Yes,No,10,Yes,Yes,Fiber optic,No,Yes,No,No,Yes,Yes,Month-to-month,No,Electronic check,113.9,1108.45,Yes
C0975-3030,Female,0,No,Yes,20,No,No phone service,DSL,No,No,Yes,No,Yes,Yes,Month-to-month,Yes,Credit card (automatic),61.81,1213.85,No
C0976-1857,Male,0,No,No,17,Yes,No,Fiber optic,No,No,No,No,No,No,Month-to-month,Yes,Electronic check,98.18,1707.79,Yes
C0977-6151,Female,0,Yes,No,30,Yes,Yes,Fiber optic,No,No,No,No,Yes,No,One year,Yes,Mailed check,110.59,3320.94,No
C0978-4157,Female,0,No,No,7,Yes,No,DSL,No,No,Yes,No,Yes,Yes,Month-to-month,Yes,Mailed check,86.81,612.72,No
C0979-6091,Male,1,No,No,2,Yes,Yes,DSL,No,No,Yes,No,Yes,No,Month-to-month,Yes,Electronic check,82.6,165.14,Yes
C0980-6306,Female,0,No,Yes,19,Yes,No,Fiber optic,No,No,No,No,No,Yes,Two year,Yes,Bank transfer (automatic),105.46,2011.08,No
C0981-7317,Female,0,No,No,64,No,No phone service,Fiber optic,No,No,Yes,Yes,Yes,No,Month-to-month,No,Credit card (automatic),103.5,6604.36,Yes
C0982-5922,Male,0,Yes,No,43,Yes,No,Fiber optic,Yes,No,Yes,No,No,Yes,Two year,Yes,Mailed check,97.46,4184.4,No
C0983-6830,Male,0,Yes,Yes,27,Yes,No,Fiber optic,No,Yes,No,No,No,No,Month-to-month,Yes,Mailed check,90.05,2399.02,Yes
C0984-6283,Female,0,Yes,Yes,11,Yes,No,Fiber optic,Yes,Yes,Yes,No,No,Yes,Two year,Yes,Credit card (automatic),111.59,1233.68,No
C0985-6871,Female,1,No,No,15,Yes,Yes,No,No internet service,No internet service,No internet service,No internet service,No internet service,No internet service,One year,No,Electronic check,44.16,671.13,No
C0986-6549,Male,0,Yes,Yes,24,Yes,Yes,No,No internet service,No internet service,No internet service,No internet service,No internet service,No internet service,One year,Yes,Mailed check,42.79,1013.95,No
C0987-3845,Female,0,No,No,9,No,No phone service,DSL,No,Yes,No,No,No,Yes,Month-to-month,No,Mailed check,57.78,485.1,No
C0988-3216,Male,0,No,No,41,No,No phone service,DSL,No,Yes,Yes,No,Yes,No,Month-to-month,No,Electronic check,71.21,2913.82,No
C0989-8086,Male,0,No,No,40,Yes,Yes,Fiber optic,No,No,No,No,Yes,No,Month-to-month,Yes,Bank transfer (automatic),100.5,4035.69,Yes
C0990-4083,Female,0,No,No,18,Yes,Yes,DSL,No,No,No,Yes,No,No,Month-to-month,Yes,Bank transfer (automatic),76.53,1355.07,No
C0991-5941,Male,0,No,No,25,Yes,No,No,No internet service,No internet service,No internet service,No internet service,No internet service,No internet service,One year,Yes,Mailed check,37.03,909.02,No
C0992-2772,Female,1,No,Yes,25,Yes,No,DSL,No,Yes,No,Yes,No,Yes,Month-to-month,Yes,Mailed check,87.87,2195.26,No
C0993-4882,Male,0,Yes,No,38,Yes,Yes,DSL,Yes,No,No,No,No,Yes,Month-to-month,No,Electronic check,87.76,3336.06,No
C0994-5766,Female,0,Yes,Yes,12,Yes,No,No,No internet service,No internet service,No internet service,No internet service,No internet service,No internet service,Month-to-month,Yes,Mailed check,40.44,494.42,No
C0995-6633,Female,0,No,No,72,Yes,Yes,DSL,No,No,Yes,No,No,Yes,Two year,Yes,Bank transfer (automatic),86.63,6262.23,No
C0996-5736,Male,0,Yes,Yes,7,Yes,Yes,DSL,Yes,Yes,No,Yes,Yes,No,Month-to-month,No,Bank transfer (automatic),96.32,659.59,No
C0997-4245,Male,0,No,No,13,No,No phone service,No,No internet service,No internet service,No internet service,No internet service,No internet service,No internet service,One year,No,Bank transfer (automatic),20.48,246.65,No
C0998-9654,Female,0,Yes,Yes,33,Yes,No,DSL,No,No,No,No,Yes,Yes,Two year,Yes,Bank transfer (automatic),66.53,2187.01,No
C0999-5614,Male,1,No,Yes,72,No,No phone service,Fiber optic,No,Yes,No,Yes,No,Yes,Month-to-month,No,Bank transfer (automatic),93.46,6710.44,No
C1000-8273,Female,0,Yes,No,17,Yes,Yes,Fiber optic,No,Yes,No,No,Yes,No,Month-to-month,Yes,Credit card (automatic),117.12,1975.8,Yes
C1001-7629,Female,1,No,Yes,11,Yes,Yes,DSL,No,Yes,Yes,No,No,No,Two year,Yes,Mailed check,78.27,858.46,No
C1002-6024,Female,0,Yes,Yes,22,Yes,No,DSL,No,Yes,Yes,No,Yes,No,One year,Yes,Electronic check,93.38,2042.86,No
C1003-8976,Female,0,No,No,48,Yes,No,DSL,Yes,No,Yes,Yes,No,No,Month-to-month,No,Electronic check,97.65,4705.75,Yes
C1004-2154,Male,1,Yes,Yes,49,Yes,No,Fiber optic,No,Yes,Yes,No,No,No,Month-to-month,Yes,Mailed check,95.03,4635.08,No
C1005-9288,Male,0,No,No,43,Yes,No,No,No internet service,No internet service,No internet service,No internet service,No internet service,No internet service,Month-to-month,Yes,Mailed check,40.1,1722.21,No
C1006-8651,Male,0,Yes,Yes,72,Yes,Yes,Fiber optic,No,No,No,No,No,Yes,One year,No,Electronic check,99.9,7166.74,No
C1007-5532,Female,0,No,No,50,No,No phone service,Fiber optic,No,No,No,No,No,No,Month-to-month,No,Bank transfer (automatic),66.58,3333.81,No
C1008-7599,Male,0,No,Yes,57,Yes,No,Fiber optic,No,Yes,No,No,Yes,No,Two year,Yes,Electronic check,97.75,5576.3,No
C1009-5681,Female,1,No,No,62,No,No phone service,Fiber optic,Yes,Yes,Yes,No,Yes,Yes,Month-to-month,Yes,Electronic check,93.05,5802.32,No
C1010-3418,Male,0,No,Yes,9,Yes,Yes,Fiber optic,Yes,No,Yes,No,Yes,Yes,Month-to-month,No,Mailed check,135.36,1235.35,No
C1011-8198,Male,1,No,No,24,Yes,Yes,No,No internet service,No internet service,No internet service,No internet service,No internet service,No internet service,Month-to-month,No,Bank transfer (automatic),45.5,1064.05,Yes
C1012-3213,Male,0,No,No,13,No,No phone service,Fiber optic,Yes,No,Yes,No,No,Yes,Month-to-month,Yes,Electronic check,89.88,1177.34,No
C1013-3829,Male,0,Yes,No,14,Yes,Yes,Fiber optic,Yes,No,No,No,No,No,Two year,Yes,Electronic check,108.59,1516.96,No
C1014-5673,Female,0,No,No,20,Yes,Yes,DSL,No,No,Yes,No,Yes,Yes,Month-to-month,Yes,Bank transfer (automatic),98.18,1972.94,Yes
C1015-8535,Male,0,Yes,No,37,Yes,No,Fiber optic,No,No,Yes,No,No,Yes,One year,No,Mailed check,98.07,3615.41,No
C1016-4454,Male,1,No,No,72,Yes,No,Fiber optic,No,Yes,No,No,No,Yes,Month-to-month,No,Credit card (automatic),98.28,7090.4,Yes
C1017-5446,Female,0,Yes,No,46,Yes,No,Fiber optic,Yes,Yes,Yes,No,Yes,Yes,Month-to-month,Yes,Credit card (automatic),120.94,5562.42,Yes
C1018-1374,Male,0,Yes,Yes,40,Yes,No,No,No internet service,No internet service,No internet service,No internet service,No internet service,No internet service,Month-to-month,Yes,Electronic check,46.51,1850.55,No
C1019-2042,Female,0,No,Yes,20,No,No phone service,DSL,No,No,No,No,No,No,Month-to-month,No,Electronic check,41.71,816.03,No
C1020-1503,Female,0,Yes,No,72,Yes,Yes,Fiber optic,No,Yes,Yes,No,Yes,Yes,Two year,Yes,Electronic check,119.4,8574.59,No
C1021-1648,Male,1,Yes,No,6,Yes,Yes,No,No internet service,No internet service,No internet service,No internet service,No internet service,No internet service,Month-to-month,Yes,Mailed check,41.39,233.56,No
C1022-8815,Male,0,Yes,No,51,Yes,No,DSL,No,Yes,Yes,Yes,Yes,Yes,Month-to-month,Yes,Electronic check,100.31,5108.63,No
C1023-8577,Female,0,No,No,3,Yes,Yes,Fiber optic,Yes,No,Yes,Yes,No,No,Month-to-month,No,Electronic check,119.63,374.09,Yes
C1024-8396,Male,0,Yes,No,31,Yes,No,DSL,No,Yes,No,Yes,No,No,One year,Yes,Bank transfer (automatic),100.47,3135.88,No
C1025-1500,Male,0,Yes,Yes,62,Yes,No,Fiber optic,No,No,No,Yes,Yes,Yes,Month-to-month,Yes,Electronic check,99.83,6170.06,No
C1026-1698,Female,1,No,No,29,Yes,No,No,No internet service,No internet service,No internet service,No internet service,No internet service,No internet service,Two year,Yes,Bank transfer (automatic),29.14,836.72,No
C1027-3525,Female,0,No,No,72,Yes,Yes,Fiber optic,No,No,Yes,No,No,Yes,One year,No,Credit card (automatic),122.49,8803.26,No
C1028-6087,Female,0,Yes,Yes,11,Yes,No,Fiber optic,No,No,No,No,Yes,Yes,One year,No,Electronic check,84.41,904.07,No
C1029-4006,Male,0,No,No,1,Yes,Yes,Fiber optic,Yes,Yes,No,No,No,Yes,Month-to-month,No,Credit card (automatic),124.81,127.1,Yes
C1030-5387,Female,0,Yes,No,7,Yes,Yes,DSL,Yes,Yes,Yes,No,Yes,No,Month-to-month,No,Electronic check,95.2,684.77,No
C1031-2556,Male,1,No,No,21,Yes,No,DSL,No,Yes,No,Yes,No,No,Two year,Yes,Credit card (automatic),77.89,1649.57,No
C1032-7576,Male,0,Yes,No,37,Yes,No,Fiber optic,No,Yes,Yes,No,No,Yes,Month-to-month,Yes,Mailed check,107.83,3991.73,No
C1033-3824,Male,0,Yes,Yes,15,Yes,Yes,No,No internet service,No internet service,No internet service,No internet service,No internet service,No internet service,One year,No,Bank transfer (automatic),57.81,871.01,No
C1034-1598,Female,0,Yes,No,32,Yes,Yes,Fiber optic,No,No,No,No,Yes,No,One year,Yes,Electronic check,100.23,3198.26,Yes
C1035-7683,Female,1,No,No,43,Yes,No,Fiber optic,No,Yes,Yes,No,Yes,Yes,Two year,Yes,Mailed check,122.49,5267.98,No
C1036-9124,Male,1,Yes,Yes,12,Yes,No,DSL,No,No,Yes,Yes,No,Yes,Month-to-month,Yes,Bank transfer (automatic),82.35,970.9,No
C1037-1132,Male,0,No,No,12,Yes,No,DSL,Yes,No,No,No,No,No,Two year,No,Mailed check,65.74,817.21,No
C1038-4929,Female,0,No,Yes,5,Yes,Yes,DSL,Yes,No,Yes,No,Yes,Yes,Month-to-month,No,Electronic check,95.91,506.05,Yes
C1039-8443,Male,0,No,No,72,Yes,No,No,No internet service,No internet service,No internet service,No internet service,No internet service,No internet service,One year,Yes,Electronic check,34.31,2459.01,No
C1040-7354,Male,0,No,No,72,Yes,Yes,Fiber optic,No,No,No,Yes,Yes,No,One year,Yes,Electronic check,99.49,7173.81,No
C1041-8708,Male,0,Yes,No,31,Yes,Yes,No,No internet service,No internet service,No internet service,No internet service,No internet service,No internet service,Month-to-month,Yes,Credit card (automatic),43.68,1359.26,No
C1042-4736,Female,0,Yes,No,8,Yes,No,DSL,Yes,No,Yes,Yes,Yes,No,Month-to-month,No,Credit card (automatic),103.6,837.55,Yes
C1043-4349,Male,1,Yes,No,72,Yes,Yes,Fiber optic,No,Yes,Yes,Yes,No,Yes,Month-to-month,Yes,Electronic check,129.96,9346.86,No
C1044-7381,Male,0,No,No,12,Yes,No,DSL,No,No,Yes,No,Yes,No,Month-to-month,Yes,Electronic check,78.68,918.27,No
C1045-2382,Male,0,Yes,Yes,6,Yes,No,No,No internet service,No internet service,No internet service,No internet service,No internet service,No internet service,Month-to-month,No,Bank transfer (automatic),41.16,266.9,Yes
C1046-3154,Female,0,No,No,12,Yes,No,DSL,No,Yes,No,No,Yes,No,Month-to-month,No,Mailed check,76.14,932.61,Yes
C1047-6406,Male,0,No,No,10,Yes,Yes,DSL,No,Yes,No,No,No,No,Month-to-month,Yes,Credit card (automatic),80.65,802.12,Yes
C1048-7015,Female,0,No,Yes,8,Yes,Yes,DSL,Yes,Yes,Yes,No,No,Yes,Month-to-month,Yes,Electronic check,103.96,800.08,Yes
C1049-2076,Male,0,No,No,15,No,No phone service,DSL,Yes,Yes,No,No,No,No,Month-to-month,Yes,Electronic check,48.25,703.44,No
C1050-5574,Female,1,Yes,No,29,Yes,Yes,DSL,Yes,No,No,No,Yes,No,One year,No,Electronic check,90.83,2643.75,Yes
C1051-4283,Female,0,Yes,No,50,Yes,No,No,No internet service,No internet service,No internet service,No internet service,No internet service,No internet service,Month-to-month,No,Mailed check,41.7,2083.97,No
C1052-5515,Female,1,No,No,22,Yes,No,No,No internet service,No internet service,No internet service,No internet service,No internet service,No internet service,One year,Yes,Electronic check,32.73,708.01,No
C1053-9624,Female,0,Yes,No,22,Yes,No,Fiber optic,No,No,No,Yes,Yes,No,Two year,Yes,Electronic check,97.88,2149.34,No
C1054-1689,Female,0,No,No,22,Yes,Yes,No,No internet service,No internet service,No internet service,No internet service,No internet service,No internet service,Two year,No,Bank transfer (automatic),53.79,1174.14,No
C1055-9958,Female,0,No,No,6,Yes,No,Fiber optic,No,No,No,Yes,No,No,Month-to-month,Yes,Bank transfer (automatic),104.14,651.82,Yes
C1056-5045,Male,1,Yes,Yes,49,Yes,Yes,No,No internet service,No internet service,No internet service,No internet service,No internet service,No internet service,Month-to-month,No,Electronic check,42.89,2068.53,No
C1057-7948,Female,0,Yes,Yes,63,Yes,No,DSL,No,No,Yes,No,No,No,Month-to-month,Yes,Mailed check,77.04,4865.67,No
C1058-4819,Male,0,Yes,Yes,72,Yes,No,Fiber optic,No,Yes,Yes,No,No,No,Month-to-month,Yes,Electronic check,114.0,8203.15,No
C1059-3798,Female,0,Yes,Yes,19,Yes,Yes,DSL,Yes,Yes,No,No,No,Yes,Month-to-month,No,Mailed check,95.64,1824.69,Yes
C1060-7934,Male,0,No,No,72,Yes,Yes,No,No internet service,No internet service,No internet service,No internet service,No internet service,No internet service,Month-to-month,No,Electronic check,35.94,2586.45,No
C1061-7188,Female,0,No,Yes,54,No,No phone service,DSL,Yes,No,No,No,No,No,Two year,No,Mailed check,48.26,2617.05,No
C1062-2296,Male,0,Yes,Yes,9,Yes,No,DSL,No,No,Yes,Yes,No,Yes,Month-to-month,Yes,Electronic check,74.29,680.9,No
C1063-7347,Female,0,No,No,12,No,No phone service,DSL,Yes,No,No,No,Yes,Yes,Month-to-month,Yes,Mailed check,76.04,889.5,No
C1064-7776,Female,0,Yes,Yes,30,Yes,No,Fiber optic,No,Yes,Yes,No,Yes,No,Month-to-month,Yes,Bank transfer (automatic),125.36,3764.17,No
C1065-4490,Male,0,No,No,22,Yes,Yes,Fiber optic,No,No,No,No,No,Yes,Month-to-month,Yes,Bank transfer (automatic),106.17,2322.33,Yes
C1066-9329,Male,0,No,No,7,Yes,No,Fiber optic,No,No,Yes,No,Yes,Yes,Month-to-month,No,Bank transfer (automatic),101.97,682.89,Yes
C1067-6767,Female,0,Yes,No,30,No,No phone service,No,No internet service,No internet service,No internet service,No internet service,No internet service,No internet service,Month-to-month,Yes,Credit card (automatic),25.19,772.6,Yes
C1068-4002,Male,0,No,Yes,30,Yes,Yes,Fiber optic,No,Yes,No,No,Yes,No,One year,No,Credit card (automatic),102.94,3118.82,No
C1069-1096,Female,1,No,No,54,Yes,No,Fiber optic,No,No,No,No,No,No,Two year,Yes,Mailed check,103.23,5571.35,No
C1070-7073,Female,0,Yes,No,16,Yes,Yes,Fiber optic,No,No,No,No,No,No,One year,No,Credit card (automatic),89.51,1413.17,No
C1071-2881,Female,0,Yes,No,13,Yes,Yes,No,No internet service,No internet service,No internet service,No internet service,No internet service,No internet service,Two year,Yes,Bank transfer (automatic),47.37,632.96,No
C1072-7807,Male,1,No,No,5,Yes,Yes,Fiber optic,Yes,No,No,No,No,No,One year,Yes,Mailed check,110.22,534.04,No
C1073-5725,Female,0,Yes,Yes,34,Yes,No,DSL,Yes,Yes,No,No,Yes,Yes,Month-to-month,Yes,Electronic check,94.35,3178.76,Yes
C1074-5200,Female,0,Yes,No,31,Yes,No,Fiber optic,No,Yes,No,No,No,Yes,Two year,Yes,Electronic check,87.78,2700.75,No
C1075-2473,Female,0,Yes,Yes,72,Yes,No,Fiber optic,No,Yes,No,Yes,No,Yes,Month-to-month,Yes,Mailed check,112.78,8156.37,No
C1076-7402,Male,0,No,No,51,Yes,No,No,No internet service,No internet service,No internet service,No internet service,No internet service,No internet service,One year,No,Credit card (automatic),31.52,1628.39,No
C1077-2492,Female,0,Yes,Yes,17,Yes,Yes,Fiber optic,No,Yes,Yes,Yes,No,Yes,Month-to-month,Yes,Mailed check,125.92,2155.33,Yes
C1078-4759,Male,0,No,No,28,Yes,Yes,Fiber optic,No,Yes,Yes,Yes,No,No,Month-to-month,No,Credit card (automatic),107.14,2992.58,Yes
C1079-8525,Male,0,Yes,Yes,7,Yes,No,Fiber optic,No,No,Yes,No,No,No,Month-to-month,Yes,Mailed check,96.81,654.22,Yes
C1080-9282,Male,0,Yes,No,19,Yes,Yes,Fiber optic,Yes,Yes,No,Yes,Yes,No,Month-to-month,No,Credit card (automatic),129.08,2442.86,Yes
C1081-9901,Male,1,No,No,32,Yes,No,DSL,No,Yes,No,No,No,No,One year,No,Electronic check,80.42,2576.63,No
C1082-9621,Female,0,Yes,No,72,Yes,Yes,No,No internet service,No internet service,No internet service,No internet service,No internet service,No internet service,Two year,Yes,Bank transfer (automatic),52.77,3826.82,No
C1083-6003,Female,0,No,No,10,Yes,Yes,DSL,No,No,No,No,No,No,Two year,No,Electronic check,85.06,847.87,No
C1084-2804,Male,0,Yes,No,72,Yes,No,DSL,No,No,No,No,Yes,Yes,Two year,Yes,Credit card (automatic),84.12,6058.31,No
C1085-8550,Female,0,No,No,34,Yes,Yes,Fiber optic,No,No,Yes,Yes,No,Yes,Two year,Yes,Electronic check,114.85,3885.96,No
C1086-8213,Female,0,Yes,No,50,Yes,No,DSL,No,No,No,Yes,No,No,Two year,No,Electronic check,73.12,3635.15,No
C1087-9911,Female,0,No,Yes,27,Yes,Yes,DSL,No,No,No,Yes,Yes,Yes,One year,Yes,Mailed check,99.99,2670.91,No
C1088-6857,Male,1,Yes,Yes,14,Yes,Yes,No,No internet service,No internet service,No internet service,No internet service,No internet service,No internet service,One year,No,Mailed check,33.31,421.05,Yes
C1089-2274,Male,0,No,No,71,Yes,Yes,Fiber optic,No,Yes,Yes,No,No,Yes,Month-to-month,Yes,Electronic check,101.12,7184.78,No
C1090-5525,Female,0,Yes,Yes,18,Yes,No,No,No internet service,No internet service,No internet service,No internet service,No internet service,No internet service,Two year,Yes,Credit card (automatic),40.51,772.9,No
C1091-5033,Male,0,Yes,Yes,48,No,No phone service,DSL,No,No,Yes,No,Yes,No,Month-to-month,Yes,Electronic check,76.13,3677.27,Yes
C1092-8585,Male,0,No,No,7,Yes,No,DSL,Yes,No,No,No,No,No,Month-to-month,No,Electronic check,80.93,575.51,Yes
C1093-4532,Male,0,Yes,Yes,10,Yes,Yes,DSL,No,No,Yes,No,Yes,No,Month-to-month,No,Electronic check,84.65,861.87,No
C1094-3957,Male,0,Yes,Yes,3,Yes,Yes,DSL,No,No,No,No,No,Yes,Month-to-month,No,Bank transfer (automatic),88.03,266.19,Yes
C1095-1720,Male,0,No,No,24,No,No phone service,Fiber optic,No,No,No,Yes,No,Yes,One year,Yes,Electronic check,79.79,1924.87,No
C1096-8518,Female,0,No,No,34,Yes,Yes,No,No internet service,No internet service,No internet service,No internet service,No internet service,No internet service,Month-to-month,Yes,Electronic check,39.64,1362.07,No
C1097-7797,Male,0,No,No,28,Yes,Yes,Fiber optic,No,Yes,Yes,No,No,No,Month-to-month,Yes,Electronic check,99.72,2792.99,No
C1098-1371,Female,0,No,No,5,Yes,No,Fiber optic,No,Yes,Yes,Yes,Yes,Yes,One year,Yes,Electronic check,122.06,577.53,No
C1099-4903,Female,0,Yes,Yes,10,Yes,Yes,Fiber optic,No,Yes,Yes,No,No,No,One year,Yes,Mailed check,103.78,1054.84,No
C1100-5316,Male,0,Yes,No,49,Yes,No,DSL,No,No,No,No,No,No,Month-to-month,Yes,Mailed check,71.98,3514.02,No
C1101-5223,Male,0,No,No,16,No,No phone service,DSL,No,Yes,Yes,Yes,No,Yes,One year,No,Electronic check,60.67,957.28,No
C1102-9269,Female,0,Yes,Yes,29,Yes,No,Fiber optic,No,No,No,No,Yes,No,One year,No,Electronic check,100.39,2906.45,No
C1103-2355,Male,0,Yes,No,15,Yes,No,DSL,No,Yes,Yes,No,No,Yes,Month-to-month,No,Credit card (automatic),79.28,1189.96,No
C1104-3756,Female,0,Yes,No,45,Yes,Yes,Fiber optic,Yes,No,Yes,No,Yes,Yes,Month-to-month,No,Electronic check,125.54,5664.66,No
C1105-2628,Female,0,Yes,No,15,Yes,Yes,Fiber optic,Yes,Yes,No,No,Yes,No,Month-to-month,Yes,Electronic check,111.77,1699.1,No
C1106-3196,Female,0,Yes,Yes,23,Yes,Yes,DSL,No,Yes,No,No,Yes,No,One year,No,Electronic check,94.79,2186.73,No
C1107-9163,Male,0,Yes,No,60,Yes,Yes,DSL,No,No,No,No,No,No,Two year,No,Electronic check,70.98,4273.32,No
C1108-9465,Female,0,No,No,28,Yes,No,Fiber optic,No,No,Yes,Yes,No,No,Two year,Yes,Bank transfer (automatic),108.16,3029.2,No
C1109-1401,Female,0,No,No,11,No,No phone service,Fiber optic,No,No,No,No,Yes,No,One year,Yes,Bank transfer (automatic),77.12,831.26,No
C1110-6688,Male,1,No,No,39,Yes,Yes,Fiber optic,No,No,No,No,Yes,No,Month-to-month,No,Mailed check,110.66,4340.88,No
C1111-3095,Female,0,Yes,Yes,5,Yes,Yes,DSL,No,Yes,Yes,No,Yes,No,Month-to-month,No,Credit card (automatic),90.04,429.82,No
C1112-2732,Male,1,Yes,No,11,Yes,Yes,No,No internet service,No internet service,No internet service,No internet service,No internet service,No internet service,One year,No,Credit card (automatic),57.53,611.63,No
C1113-3628,Female,1,No,No,6,Yes,Yes,Fiber optic,Yes,No,No,No,No,No,Month-to-month,Yes,Bank transfer (automatic),98.92,592.22,No
C1114-2749,Female,0,Yes,Yes,46,Yes,Yes,No,No internet service,No internet service,No internet service,No internet service,No internet service,No internet service,One year,No,Electronic check,46.84,2152.02,Yes
C1115-5411,Male,0,Yes,No,37,Yes,Yes,Fiber optic,No,No,Yes,No,Yes,Yes,Two year,Yes,Mailed check,116.34,4306.77,No
C1116-9959,Female,0,No,No,42,Yes,No,Fiber optic,Yes,No,Yes,Yes,No,No,Month-to-month,No,Electronic check,115.04,4861.0,No
C1117-6277,Female,0,No,No,33,Yes,Yes,Fiber optic,Yes,Yes,No,No,No,No,Month-to-month,No,Mailed check,121.81,4015.36,No
C1118-7508,Female,0,Yes,Yes,70,Yes,Yes,DSL,Yes,No,No,Yes,Yes,Yes,One year,No,Electronic check,100.62,7026.48,No
C1119-5439,Female,0,No,Yes,32,Yes,No,Fiber optic,No,Yes,Yes,No,Yes,No,Month-to-month,No,Electronic check,116.77,3743.91,Yes
C1120-1125,Female,0,No,No,16,Yes,Yes,Fiber optic,Yes,No,Yes,No,Yes,No,Month-to-month,No,Electronic check,108.35,1763.41,No
C1121-1756,Female,0,No,Yes,12,Yes,Yes,Fiber optic,No,Yes,Yes,No,No,Yes,One year,Yes,Mailed check,119.31,1447.72,No
C1122-3419,Male,0,Yes,No,32,Yes,No,No,No internet service,No internet service,No internet service,No internet service,No internet service,No internet service,Month-to-month,Yes,Mailed check,51.05,1635.81,No
C1123-3192,Female,0,No,Yes,65,Yes,No,Fiber optic,No,No,No,No,No,No,Month-to-month,Yes,Bank transfer (automatic),88.72,5764.89,Yes
C1124-8564,Female,1,No,No,7,Yes,Yes,DSL,No,Yes,Yes,No,No,Yes,Two year,Yes,Electronic check,97.11,695.5,No
C1125-8591,Female,0,Yes,No,41,Yes,No,DSL,No,Yes,Yes,No,No,Yes,Month-to-month,No,Credit card (automatic),94.94,3870.59,No
C1126-8686,Male,0,No,No,23,Yes,No,DSL,No,No,Yes,No,No,Yes,Month-to-month,Yes,Credit card (automatic),74.84,1713.68,Yes
C1127-6737,Male,1,No,No,58,Yes,Yes,No,No internet service,No internet service,No internet service,No internet service,No internet service,No internet service,Two year,Yes,Electronic check,62.82,3627.18,Yes
C1128-6005,Male,0,Yes,Yes,4,Yes,Yes,DSL,No,No,Yes,No,Yes,Yes,Month-to-month,Yes,Bank transfer (automatic),92.11,397.26,Yes
C1129-6841,Female,0,Yes,Yes,72,Yes,No,No,No internet service,No internet service,No internet service,No internet service,No internet service,No internet service,Month-to-month,Yes,Credit card (automatic),40.99,2988.28,No
C1130-4660,Male,0,Yes,Yes,22,Yes,Yes,Fiber optic,No,Yes,Yes,No,No,Yes,Two year,No,Mailed check,104.09,2314.36,Yes
C1131-7031,Female,0,No,No,3,Yes,Yes,No,No internet service,No internet service,No internet service,No internet service,No internet service,No internet service,Month-to-month,Yes,Mailed check,54.89,160.67,No
C1132-8149,Male,1,Yes,No,7,No,No phone service,Fiber optic,Yes,Yes,No,Yes,No,No,Month-to-month,No,Electronic check,91.39,612.36,Yes
C1133-7865,Female,0,No,No,72,Yes,Yes,No,No internet service,No internet service,No internet service,No internet service,No internet service,No internet service,One year,Yes,Credit card (automatic),44.99,3242.14,No
C1134-6523,Female,0,Yes,No,41,Yes,Yes,Fiber optic,No,Yes,Yes,No,No,No,Month-to-month,Yes,Bank transfer (automatic),102.2,4179.34,Yes
C1135-1522,Male,0,No,Yes,20,Yes,No,DSL,No,Yes,No,No,No,No,Two year,No,Credit card (automatic),87.84,1756.53,No
C1136-7523,Female,0,No,No,72,Yes,No,Fiber optic,Yes,No,No,No,No,No,One year,Yes,Electronic check,99.31,7152.56,No
C1137-4299,Female,0,No,No,31,Yes,No,DSL,Yes,Yes,No,Yes,Yes,No,One year,No,Electronic check,106.81,3335.08,Yes
C1138-7692,Female,0,No,No,55,Yes,No,DSL,No,No,Yes,Yes,No,Yes,Month-to-month,Yes,Bank transfer (automatic),88.41,4864.68,Yes
C1139-5855,Male,0,Yes,No,10,Yes,Yes,DSL,No,Yes,No,No,No,Yes,Month-to-month,No,Electronic check,89.61,902.34,Yes
C1140-8929,Male,0,Yes,Yes,19,Yes,Yes,DSL,No,No,Yes,No,Yes,Yes,Month-to-month,Yes,Credit card (automatic),96.36,1854.56,Yes
C1141-4045,Male,0,No,No,31,No,No phone service,Fiber optic,No,Yes,Yes,No,Yes,Yes,One year,Yes,Mailed check,91.24,2834.13,No
C1142-9381,Male,1,Yes,Yes,17,Yes,No,Fiber optic,Yes,No,No,No,Yes,Yes,One year,Yes,Electronic check,105.38,1782.29,No
C1143-8599,Female,0,No,Yes,69,Yes,Yes,No,No internet service,No internet service,No internet service,No internet service,No internet service,No internet service,Month-to-month,Yes,Credit card (automatic),46.76,3207.22,No
C1144-3979,Female,0,No,No,40,No,No phone service,Fiber optic,Yes,Yes,Yes,No,No,Yes,Month-to-month,No,Electronic check,110.49,4427.08,No
C1145-5342,Female,0,No,No,7,Yes,Yes,Fiber optic,Yes,Yes,No,Yes,Yes,Yes,Month-to-month,No,Electronic check,113.24,806.16,Yes
C1146-5781,Female,0,Yes,No,21,Yes,No,Fiber optic,No,No,No,No,Yes,Yes,Month-to-month,No,Credit card (automatic),112.07,2360.69,No
C1147-7916,Female,0,No,No,12,Yes,Yes,Fiber optic,No,Yes,Yes,No,Yes,No,Two year,Yes,Mailed check,109.5,1322.17,No
C1148-7201,Female,1,Yes,No,41,Yes,No,Fiber optic,No,Yes,Yes,No,No,No,Two year,Yes,Credit card (automatic),101.33,4186.03,No
C1149-8667,Female,0,No,No,17,No,No phone service,No,No internet service,No internet service,No internet service,No internet service,No internet service,No internet service,One year,Yes,Credit card (automatic),18.25,314.03,No
C1150-4328,Male,1,No,No,3,Yes,Yes,DSL,No,Yes,No,Yes,No,Yes,One year,No,Credit card (automatic),99.41,296.16,Yes
C1151-5542,Female,1,No,No,36,No,No phone service,DSL,No,No,Yes,Yes,No,Yes,One year,Yes,Mailed check,77.75,2821.34,No
C1152-4877,Male,0,No,No,16,Yes,Yes,Fiber optic,No,No,No,No,Yes,No,Month-to-month,No,Mailed check,108.88,1742.68,Yes
C1153-9185,Female,0,Yes,No,72,Yes,No,DSL,Yes,Yes,Yes,No,Yes,No,One year,No,Electronic check,86.54,6227.85,No
C1154-3744,Male,0,No,No,8,Yes,No,DSL,No,Yes,Yes,No,No,No,Month-to-month,Yes,Electronic check,80.98,661.83,Yes
C1155-6283,Male,0,No,No,13,Yes,Yes,DSL,Yes,Yes,Yes,No,Yes,Yes,Month-to-month,No,Bank transfer (automatic),114.96,1480.4,No
C1156-2081,Male,0,Yes,Yes,21,Yes,Yes,DSL,No,Yes,No,No,No,Yes,One year,No,Credit card (automatic),89.91,1860.34,Yes
C1157-8651,Female,0,No,No,37,Yes,Yes,DSL,No,No,No,No,No,Yes,Month-to-month,Yes,Mailed check,86.18,3203.72,No
C1158-4457,Female,1,No,No,59,Yes,No,DSL,No,No,No,Yes,Yes,No,Two year,Yes,Bank transfer (automatic),87.86,5216.02,No
C1159-4064,Male,0,No,No,19,Yes,Yes,No,No internet service,No internet service,No internet service,No internet service,No internet service,No internet service,Month-to-month,No,Mailed check,42.0,832.3,No
C1160-6245,Male,0,No,No,31,Yes,No,No,No internet service,No internet service,No internet service,No internet service,No internet service,No internet service,Month-to-month,Yes,Bank transfer (automatic),38.22,1173.95,Yes
C1161-5488,Female,0,Yes,Yes,5,Yes,No,DSL,No,No,Yes,Yes,No,Yes,Month-to-month,Yes,Electronic check,89.3,444.28,Yes
C1162-8630,Male,0,No,No,13,No,No phone service,DSL,No,Yes,No,No,Yes,No,Month-to-month,Yes,Electronic check,65.52,820.19,No
C1163-5782,Female,0,Yes,Yes,18,Yes,Yes,No,No internet service,No internet service,No internet service,No internet service,No internet service,No internet service,Month-to-month,No,Electronic check,47.28,847.87,Yes
C1164-5652,Female,0,No,Yes,20,Yes,Yes,Fiber optic,No,Yes,Yes,No,No,Yes,Month-to-month,No,Electronic check,104.91,2149.97,No
C1165-1944,Female,0,Yes,Yes,45,Yes,No,Fiber optic,Yes,Yes,No,No,Yes,Yes,Month-to-month,Yes,Electronic check,116.48,5232.42,No
C1166-1197,Male,1,No,Yes,72,Yes,No,Fiber optic,No,No,No,No,No,No,Month-to-month,No,Bank transfer (automatic),86.6,6269.07,Yes
C1167-4586,Male,0,Yes,No,14,Yes,No,DSL,No,No,No,No,Yes,Yes,Month-to-month,No,Credit card (automatic),74.27,1016.4,No
C1168-9982,Female,1,Yes,No,41,Yes,Yes,DSL,No,No,No,No,Yes,No,Month-to-month,Yes,Electronic check,72.36,2970.76,No
C1169-9255,Male,0,Yes,Yes,69,Yes,Yes,Fiber optic,No,Yes,Yes,No,No,Yes,Two year,No,Electronic check,108.36,7479.59,No
C1170-6660,Male,0,No,No,66,Yes,No,Fiber optic,No,Yes,No,No,Yes,No,Two year,No,Credit card (automatic),98.49,6517.93,No
C1171-6676,Female,0,Yes,No,10,No,No phone service,No,No internet service,No internet service,No internet service,No internet service,No internet service,No internet service,Month-to-month,Yes,Electronic check,18.25,175.56,Yes
C1172-4523,Male,0,Yes,Yes,63,Yes,No,DSL,No,No,No,No,No,No,One year,No,Bank transfer (automatic),62.77,3922.47,No
C1173-2597,Male,1,Yes,Yes,7,Yes,Yes,DSL,No,No,Yes,No,Yes,No,Two year,Yes,Credit card (automatic),84.6,618.62,No
C1174-1076,Male,0,Yes,Yes,7,Yes,Yes,No,No internet service,No internet service,No internet service,No internet service,No internet service,No internet service,Month-to-month,Yes,Bank transfer (automatic),36.76,241.47,No
C1175-4049,Female,0,No,No,28,Yes,Yes,No,No internet service,No internet service,No internet service,No internet service,No internet service,No internet service,Two year,Yes,Electronic check,28.11,769.99,No
C1176-3847,Male,0,No,No,18,Yes,Yes,DSL,Yes,No,Yes,No,Yes,Yes,One year,Yes,Credit card (automatic),111.46,1996.1,No
C1177-2724,Female,0,Yes,Yes,72,Yes,Yes,DSL,No,No,Yes,No,No,No,Month-to-month,Yes,Bank transfer (automatic),82.48,5918.27,No
C1178-3332,Female,0,Yes,No,3,Yes,No,Fiber optic,Yes,Yes,No,Yes,Yes,Yes,Month-to-month,Yes,Mailed check,117.41,335.63,Yes
C1179-1223,Male,0,Yes,No,28,Yes,Yes,DSL,No,Yes,Yes,No,Yes,Yes,Two year,Yes,Bank transfer (automatic),101.05,2827.91,No
C1180-6471,Male,1,Yes,No,56,No,No phone service,No,No internet service,No internet service,No internet service,No internet service,No internet service,No internet service,Month-to-month,Yes,Credit card (automatic),30.62,1730.89,No
C1181-9346,Male,0,Yes,No,3,Yes,Yes,DSL,Yes,No,No,No,Yes,Yes,Month-to-month,Yes,Bank transfer (automatic),105.25,311.49,No
C1182-7216,Male,0,Yes,No,19,Yes,No,DSL,No,No,Yes,No,Yes,No,Month-to-month,No,Bank transfer (automatic),66.11,1234.69,Yes
C1183-5033,Male,0,Yes,No,55,Yes,Yes,Fiber optic,No,Yes,No,No,No,Yes,Month-to-month,No,Credit card (automatic),108.64,5949.74,Yes
C1184-4781,Male,0,Yes,No,26,Yes,No,Fiber optic,No,No,No,Yes,Yes,Yes,Month-to-month,Yes,Electronic check,111.31,2912.04,No
C1185-3767,Female,1,No,No,26,Yes,Yes,No,No internet service,No internet service,No internet service,No internet service,No internet service,No internet service,Month-to-month,Yes,Bank transfer (automatic),57.22,1471.53,Yes
C1186-2281,Male,0,Yes,Yes,60,Yes,Yes,Fiber optic,No,No,No,No,No,Yes,One year,Yes,Bank transfer (automatic),94.71,5691.36,No
C1187-6385,Female,0,No,No,38,Yes,No,DSL,No,No,Yes,Yes,No,No,Month-to-month,Yes,Credit card (automatic),78.68,2983.52,Yes
C1188-6098,Female,0,No,No,13,Yes,No,Fiber optic,No,No,No,No,No,Yes,Two year,Yes,Mailed check,87.88,1150.52,No
C1189-1065,Male,1,No,No,72,Yes,No,DSL,No,Yes,Yes,Yes,No,Yes,Two year,Yes,Credit card (automatic),90.06,6496.14,No
C1190-4739,Male,0,Yes,No,22,Yes,Yes,DSL,Yes,No,Yes,No,No,No,Month-to-month,Yes,Electronic check,87.53,1931.93,No
C1191-3501,Female,1,No,No,7,Yes,Yes,DSL,No,No,No,No,Yes,No,Two year,Yes,Bank transfer (automatic),73.2,503.37,No
C1192-2532,Male,0,No,No,27,Yes,Yes,DSL,Yes,No,No,No,No,No,One year,No,Electronic check,76.88,2076.21,Yes
C1193-7326,Male,1,No,Yes,24,No,No phone service,Fiber optic,Yes,No,No,No,No,No,Month-to-month,No,Electronic check,75.73,1810.59,No
C1194-5731,Female,0,No,No,37,Yes,No,Fiber optic,No,Yes,No,No,No,No,Month-to-month,No,Credit card (automatic),102.12,3797.69,Yes
C1195-6703,Male,0,Yes,No,43,Yes,No,DSL,No,No,No,No,No,No,Month-to-month,No,Mailed check,58.58,2527.94,Yes
C1196-7420,Female,0,No,No,5,Yes,Yes,Fiber optic,No,Yes,No,No,No,No,Two year,Yes,Bank transfer (automatic),106.0,502.43,No
C1197-9835,Male,0,No,Yes,21,Yes,No,DSL,No,No,No,Yes,No,No,Month-to-month,Yes,Bank transfer (automatic),71.16,1509.36,Yes
C1198-8224,Male,1,Yes,No,39,Yes,No,Fiber optic,No,No,Yes,Yes,No,No,One year,Yes,Bank transfer (automatic),108.13,4223.45,No
C1199-6582,Male,1,Yes,No,26,Yes,No,Fiber optic,No,No,No,Yes,Yes,No,Two year,No,Mailed check,89.21,2281.75,No
C1200-8910,Male,0,No,No,16,Yes,No,DSL,No,No,No,No,No,No,Two year,No,Bank transfer (automatic),57.23,903.21,No
C1201-5297,Male,1,Yes,No,48,Yes,Yes,No,No internet service,No internet service,No internet service,No internet service,No internet service,No internet service,Two year,No,Electronic check,40.21,1948.95,No
C1202-9861,Male,0,No,No,48,No,No phone service,Fiber optic,No,Yes,No,Yes,Yes,Yes,Month-to-month,No,Bank transfer (automatic),85.44,4105.26,Yes
C1203-7852,Female,0,Yes,No,32,Yes,Yes,No,No internet service,No internet service,No internet service,No internet service,No internet service,No internet service,Month-to-month,Yes,Electronic check,46.98,1525.51,Yes
C1204-6857,Female,0,No,No,37,Yes,Yes,No,No internet service,No internet service,No internet service,No internet service,No internet service,No internet service,Month-to-month,No,Electronic check,45.69,1700.29,Yes
C1205-9129,Female,0,Yes,No,21,Yes,No,DSL,Yes,Yes,Yes,Yes,No,No,Month-to-month,Yes,Electronic check,95.66,2014.54,Yes
C1206-5635,Male,0,No,No,29,Yes,No,No,No internet service,No internet service,No internet service,No internet service,No internet service,No internet service,Two year,No,Mailed check,39.05,1142.25,No
C1207-7485,Male,0,No,No,22,Yes,Yes,Fiber optic,No,No,Yes,Yes,No,Yes,One year,No,Mailed check,132.59,2910.5,No
C1208-3562,Female,0,No,No,36,Yes,No,Fiber optic,No,Yes,Yes,Yes,No,Yes,Two year,Yes,Bank transfer (automatic),121.75,4400.8,No
C1209-9667,Female,0,Yes,Yes,17,Yes,Yes,No,No internet service,No internet service,No internet service,No internet service,No internet service,No internet service,Month-to-month,Yes,Mailed check,50.49,860.53,No
C1210-6609,Male,0,Yes,Yes,17,Yes,Yes,Fiber optic,Yes,Yes,No,No,Yes,No,Month-to-month,Yes,Bank transfer (automatic),115.63,1969.73,No
C1211-8037,Male,0,Yes,Yes,22,Yes,No,Fiber optic,Yes,Yes,Yes,No,Yes,Yes,Month-to-month,No,Electronic check,136.16,3018.77,No
C1212-5146,Female,0,Yes,No,37,Yes,Yes,Fiber optic,Yes,No,No,No,No,Yes,Month-to-month,Yes,Electronic check,107.74,4001.84,No
C1213-8800,Male,0,No,No,41,Yes,No,No,No internet service,No internet service,No internet service,No internet service,No internet service,No internet service,One year,No,Credit card (automatic),42.68,1757.87,No
C1214-1667,Male,0,Yes,No,72,Yes,Yes,No,No internet service,No internet service,No internet service,No internet service,No internet service,No internet service,One year,Yes,Electronic check,43.48,3119.6,No
C1215-2026,Male,0,Yes,Yes,8,Yes,Yes,DSL,Yes,Yes,Yes,Yes,Yes,Yes,One year,Yes,Mailed check,116.89,927.98,No
C1216-5563,Male,0,No,No,2,No,No phone service,Fiber optic,No,No,Yes,Yes,No,No,Month-to-month,Yes,Mailed check,86.05,172.32,No
C1217-7590,Male,0,Yes,No,48,Yes,No,DSL,No,Yes,Yes,No,Yes,No,Month-to-month,Yes,Credit card (automatic),93.33,4450.61,No
C1218-8282,Male,0,Yes,No,27,Yes,Yes,No,No internet service,No internet service,No internet service,No internet service,No internet service,No internet service,Month-to-month,No,Bank transfer (automatic),37.57,1025.88,No
C1219-4960,Male,0,No,No,3,Yes,Yes,DSL,No,Yes,No,No,No,Yes,Month-to-month,No,Electronic check,88.24,258.41,Yes
C1220-6846,Male,1,Yes,No,22,Yes,Yes,DSL,No,No,Yes,No,No,Yes,Month-to-month,Yes,Credit card (automatic),79.31,1750.59,No
C1221-5977,Female,0,No,No,59,Yes,Yes,Fiber optic,No,Yes,Yes,No,Yes,No,Month-to-month,No,Electronic check,114.21,6727.81,Yes
C1222-9652,Female,1,No,No,17,Yes,Yes,Fiber optic,No,Yes,No,No,Yes,Yes,Month-to-month,Yes,Credit card (automatic),117.79,2028.74,No
C1223-6886,Female,1,Yes,Yes,31,Yes,Yes,Fiber optic,Yes,No,No,Yes,No,Yes,Two year,Yes,Credit card (automatic),119.3,3675.49,No
C1224-4751,Male,0,No,No,13,Yes,Yes,Fiber optic,No,No,No,No,No,No,Two year,Yes,Electronic check,95.7,1201.24,No
C1225-9727,Female,0,No,No,9,No,No phone service,Fiber optic,Yes,Yes,No,No,No,No,Month-to-month,Yes,Mailed check,74.37,686.72,Yes
C1226-1965,Male,0,Yes,Yes,52,Yes,Yes,DSL,No,No,Yes,No,Yes,Yes,One year,No,Credit card (automatic),100.26,5187.09,No
C1227-9860,Female,0,No,No,15,Yes,No,DSL,No,Yes,No,No,Yes,No,Month-to-month,Yes,Bank transfer (automatic),65.86,971.14,No
C1228-2385,Female,0,Yes,Yes,20,Yes,Yes,Fiber optic,No,Yes,No,No,Yes,No,Month-to-month,Yes,Bank transfer (automatic),112.5,2215.82,Yes
C1229-3593,Female,1,No,Yes,27,Yes,No,Fiber optic,Yes,No,No,Yes,Yes,Yes,Month-to-month,No,Credit card (automatic),116.97,3176.91,Yes
C1230-8392,Male,0,No,No,13,Yes,No,Fiber optic,No,No,No,No,Yes,Yes,Month-to-month,No,Electronic check,102.5,1346.01,No
C1231-7603,Female,0,Yes,No,72,Yes,Yes,Fiber optic,No,Yes,No,No,No,No,Two year,No,Credit card (automatic),113.77,8206.94,No
C1232-9732,Male,0,Yes,No,47,Yes,No,Fiber optic,No,Yes,No,Yes,Yes,Yes,Month-to-month,No,Credit card (automatic),117.69,5552.35,No
C1233-7749,Male,0,Yes,Yes,6,Yes,Yes,DSL,No,No,Yes,No,Yes,No,Month-to-month,Yes,Electronic check,101.21,620.82,Yes
C1234-6732,Male,0,No,No,56,Yes,No,DSL,No,Yes,No,No,No,No,Two year,Yes,Electronic check,83.76,4684.37,No
C1235-4118,Female,1,No,No,32,Yes,No,Fiber optic,No,No,Yes,No,No,Yes,Month-to-month,No,Credit card (automatic),97.33,3117.68,No
C1236-1042,Male,0,Yes,Yes,35,Yes,No,DSL,Yes,No,No,No,No,Yes,One year,No,Bank transfer (automatic),79.25,2787.42,No
C1237-2114,Male,0,Yes,Yes,23,Yes,No,No,No internet service,No internet service,No internet service,No internet service,No internet service,No internet service,Month-to-month,Yes,Electronic check,34.55,801.46,No
C1238-3679,Female,0,No,Yes,20,Yes,No,No,No internet service,No internet service,No internet service,No internet service,No internet service,No internet service,Month-to-month,Yes,Credit card (automatic),48.38,955.29,No
C1239-1368,Female,0,Yes,No,56,Yes,Yes,Fiber optic,No,Yes,No,No,No,Yes,Month-to-month,No,Mailed check,114.42,6408.36,Yes
C1240-5573,Male,0,Yes,No,9,Yes,No,DSL,Yes,Yes,No,No,No,Yes,Two year,No,Mailed check,77.37,698.74,No
C1241-7995,Male,0,Yes,Yes,66,Yes,No,DSL,No,Yes,Yes,No,Yes,Yes,Month-to-month,No,Bank transfer (automatic),100.04,6618.56,No
C1242-9668,Female,0,No,No,29,Yes,Yes,Fiber optic,No,Yes,No,No,No,No,Month-to-month,Yes,Mailed check,103.92,3017.94,No
C1243-5406,Female,0,Yes,Yes,5,No,No phone service,No,No internet service,No internet service,No internet service,No internet service,No internet service,No internet service,Month-to-month,Yes,Credit card (automatic),25.21,130.59,Yes
C1244-8874,Female,1,No,No,4,Yes,No,DSL,No,No,Yes,No,Yes,Yes,Month-to-month,Yes,Bank transfer (automatic),75.85,290.54,No
C1245-9868,Male,0,No,No,13,Yes,No,DSL,No,Yes,Yes,No,Yes,Yes,One year,No,Electronic check,92.33,1207.49,No
C1246-8737,Female,0,Yes,No,16,Yes,Yes,Fiber optic,Yes,Yes,Yes,No,Yes,Yes,Two year,No,Electronic check,134.35,2143.04,No
C1247-5184,Female,0,No,No,4,Yes,No,Fiber optic,No,No,No,No,Yes,No,Month-to-month,Yes,Bank transfer (automatic),90.57,371.83,No
C1248-3927,Female,1,Yes,No,39,No,No phone service,Fiber optic,No,Yes,Yes,No,Yes,No,Month-to-month,No,Credit card (automatic),92.86,3619.08,Yes
C1249-9800,Female,0,Yes,Yes,43,No,No phone service,Fiber optic,Yes,Yes,No,No,Yes,No,Month-to-month,Yes,Mailed check,84.97,3639.98,No
C1250-3176,Female,0,No,No,42,Yes,No,No,No internet service,No internet service,No internet service,No internet service,No internet service,No internet service,Month-to-month,Yes,Bank transfer (automatic),39.58,1658.51,No
C1251-4703,Female,0,Yes,Yes,52,Yes,No,Fiber optic,No,No,Yes,No,No,No,Month-to-month,Yes,Electronic check,101.54,5270.82,No
C1252-1666,Male,0,No,No,17,Yes,No,DSL,Yes,Yes,Yes,Yes,No,No,Month-to-month,No,Mailed check,95.89,1623.1,Yes
C1253-8142,Male,0,No,Yes,34,Yes,No,Fiber optic,No,No,Yes,No,No,Yes,One year,Yes,Credit card (automatic),90.72,3082.87,No
C1254-6847,Female,0,Yes,No,51,Yes,Yes,Fiber optic,Yes,No,Yes,No,No,Yes,Month-to-month,No,Bank transfer (automatic),128.57,6556.4,No
C1255-1763,Female,0,No,No,39,Yes,No,DSL,No,Yes,No,No,No,Yes,Two year,No,Electronic check,85.88,3323.46,No
C1256-2997,Female,0,No,No,31,Yes,No,No,No internet service,No internet service,No internet service,No internet service,No internet service,No internet service,Month-to-month,Yes,Electronic check,40.65,1281.4,Yes
C1257-5998,Male,0,Yes,No,68,Yes,Yes,Fiber optic,No,No,Yes,No,Yes,No,One year,Yes,Bank transfer (automatic),124.99,8490.83,No
C1258-5863,Female,0,No,No,19,Yes,No,Fiber optic,Yes,Yes,No,Yes,No,No,Month-to-month,Yes,Electronic check,108.65,2091.5,Yes
C1259-8217,Female,0,No,No,19,No,No phone service,No,No internet service,No internet service,No internet service,No internet service,No internet service,No internet service,One year,No,Electronic check,24.34,470.88,No
C1260-3394,Male,0,Yes,No,29,Yes,No,Fiber optic,No,No,No,Yes,No,Yes,Two year,Yes,Mailed check,87.15,2508.13,No
C1261-9321,Female,0,Yes,Yes,29,Yes,No,No,No internet service,No internet service,No internet service,No internet service,No internet service,No internet service,Month-to-month,Yes,Electronic check,50.18,1440.19,Yes
C1262-4999,Female,0,Yes,No,28,Yes,No,Fiber optic,No,No,Yes,No,Yes,No,Month-to-month,Yes,Electronic check,108.04,3030.6,No
C1263-8402,Female,0,Yes,No,5,Yes,No,Fiber optic,No,No,No,No,Yes,Yes,One year,No,Electronic check,114.5,555.85,No
C1264-3145,Female,0,Yes,Yes,57,No,No phone service,DSL,No,No,No,No,No,Yes,Two year,Yes,Electronic check,47.32,2715.68,No
C1265-1332,Male,0,No,No,34,Yes,No,Fiber optic,No,No,No,No,No,No,One year,No,Mailed check,105.17,3585.49,No
C1266-1495,Male,1,No,No,1,Yes,No,Fiber optic,No,No,No,No,No,Yes,Month-to-month,Yes,Bank transfer (automatic),101.38,139.95,No
C1267-4353,Female,1,No,No,3,Yes,No,No,No internet service,No internet service,No internet service,No internet service,No internet service,No internet service,Month-to-month,No,Electronic check,44.95,143.13,No
C1268-9577,Female,0,Yes,No,67,Yes,No,No,No internet service,No internet service,No internet service,No internet service,No internet service,No internet service,One year,Yes,Electronic check,31.2,2074.58,No
C1269-1438,Female,0,Yes,No,15,Yes,No,DSL,No,Yes,Yes,No,Yes,No,Month-to-month,Yes,Bank transfer (automatic),90.32,1367.26,Yes
C1270-4320,Male,0,Yes,Yes,27,Yes,No,Fiber optic,No,No,No,No,No,No,One year,Yes,Mailed check,90.73,2451.38,No
C1271-1983,Female,0,Yes,Yes,9,No,No phone service,DSL,Yes,Yes,No,Yes,Yes,Yes,Month-to-month,Yes,Electronic check,81.22,731.57,Yes
C1272-9383,Female,0,No,No,72,Yes,No,Fiber optic,No,No,Yes,No,No,No,Month-to-month,Yes,Electronic check,98.82,7123.55,No
C1273-7077,Male,1,Yes,No,24,Yes,Yes,DSL,Yes,No,Yes,No,Yes,No,Month-to-month,Yes,Credit card (automatic),81.58,1943.55,No
C1274-7863,Female,1,No,No,16,Yes,Yes,Fiber optic,No,Yes,No,No,No,No,One year,Yes,Electronic check,110.96,1783.94,No
C1275-7418,Female,0,Yes,Yes,54,Yes,Yes,Fiber optic,Yes,Yes,No,Yes,Yes,Yes,Month-to-month,No,Mailed check,124.52,6734.37,No
C1276-6912,Female,0,No,No,8,No,No phone service,No,No internet service,No internet service,No internet service,No internet service,No internet service,No internet service,Month-to-month,No,Electronic check,18.25,151.58,No
C1277-7962,Male,0,No,No,59,Yes,No,Fiber optic,No,No,No,No,No,No,One year,No,Mailed check,86.24,5055.3,No
C1278-1073,Male,0,No,No,22,Yes,No,DSL,No,Yes,Yes,Yes,No,Yes,Month-to-month,Yes,Electronic check,93.14,2050.8,Yes
C1279-8788,Male,0,No,No,46,Yes,Yes,Fiber optic,No,No,No,No,No,No,Month-to-month,No,Electronic check,85.17,3893.73,No
C1280-7658,Female,1,No,No,32,Yes,Yes,Fiber optic,No,No,No,No,Yes,Yes,Two year,Yes,Bank transfer (automatic),98.2,3120.31,No
C1281-7654,Male,1,No,Yes,20,Yes,Yes,Fiber optic,No,No,No,Yes,No,Yes,One year,No,Electronic check,107.17,2124.36,No
C1282-4540,Male,0,Yes,No,4,No,No phone service,DSL,No,Yes,Yes,No,Yes,No,Month-to-month,Yes,Credit card (automatic),52.79,207.53,No
C1283-8207,Female,0,Yes,No,28,Yes,Yes,No,No internet service,No internet service,No internet service,No internet service,No internet service,No internet service,Month-to-month,Yes,Bank transfer (automatic),38.0,1059.24,Yes
C1284-4435,Female,0,No,No,12,Yes,No,DSL,Yes,Yes,No,No,No,Yes,Month-to-month,No,Electronic check,90.45,1111.51,Yes
C1285-1440,Female,0,Yes,Yes,28,Yes,Yes,DSL,No,No,No,Yes,No,No,One year,No,Mailed check,77.27,2178.44,No
C1286-9169,Male,0,No,No,50,Yes,No,Fiber optic,No,No,No,No,Yes,Yes,Month-to-month,Yes,Mailed check,99.92,5016.99,No
C1287-3110,Female,0,Yes,No,39,Yes,No,DSL,No,Yes,Yes,Yes,Yes,Yes,Month-to-month,No,Electronic check,111.74,4372.84,Yes
C1288-1916,Female,0,No,No,0,Yes,No,Fiber optic,No,No,Yes,No,No,Yes,One year,Yes,Electronic check,82.04,,Yes
C1289-6596,Male,0,Yes,Yes,18,No,No phone service,DSL,No,No,No,No,No,No,One year,Yes,Bank transfer (automatic),41.15,728.4,No
C1290-3102,Female,0,No,No,14,No,No phone service,Fiber optic,No,Yes,No,No,No,No,Two year,Yes,Electronic check,76.22,1022.1,No
C1291-8722,Male,0,Yes,No,16,No,No phone service,Fiber optic,Yes,No,Yes,No,Yes,No,One year,Yes,Mailed check,92.34,1477.28,No
C1292-4993,Female,0,Yes,Yes,30,Yes,No,Fiber optic,No,Yes,No,Yes,No,No,Two year,Yes,Electronic check,91.08,2757.59,No
C1293-1040,Female,0,No,No,16,Yes,Yes,DSL,No,No,Yes,No,No,No,Month-to-month,Yes,Electronic check,82.81,1325.97,No
C1294-9564,Male,0,Yes,No,11,Yes,No,Fiber optic,Yes,No,No,Yes,Yes,No,Month-to-month,Yes,Electronic check,105.68,1143.27,No
C1295-5631,Male,0,Yes,No,6,Yes,Yes,Fiber optic,Yes,No,No,No,No,Yes,Month-to-month,Yes,Bank transfer (automatic),121.06,712.47,Yes
C1296-3366,Female,0,No,No,18,Yes,No,Fiber optic,No,No,Yes,No,Yes,Yes,Month-to-month,Yes,Credit card (automatic),115.88,2093.96,Yes
C1297-7094,Male,0,No,No,47,Yes,Yes,DSL,No,Yes,Yes,No,Yes,Yes,Two year,Yes,Electronic check,98.88,4639.14,No
C1298-5774,Male,0,Yes,No,49,Yes,Yes,Fiber optic,No,Yes,No,Yes,No,No,One year,Yes,Electronic check,109.77,5394.97,No
C1299-1266,Female,0,No,No,33,Yes,No,Fiber optic,No,No,No,No,No,Yes,Month-to-month,Yes,Credit card (automatic),97.26,3223.48,Yes
C1300-7836,Male,0,Yes,No,2,Yes,No,DSL,Yes,Yes,Yes,No,No,No,Month-to-month,No,Bank transfer (automatic),87.45,170.71,No
C1301-4611,Female,0,Yes,Yes,30,Yes,No,Fiber optic,No,Yes,Yes,No,Yes,Yes,One year,Yes,Electronic check,115.59,3448.63,No
C1302-7297,Male,0,No,No,72,Yes,No,Fiber optic,No,Yes,Yes,Yes,No,Yes,Month-to-month,No,Credit card (automatic),114.19,8231.28,No
C1303-9059,Female,0,Yes,No,7,Yes,Yes,No,No internet service,No internet service,No internet service,No internet service,No internet service,No internet service,One year,No,Electronic check,61.66,420.35,No
C1304-6494,Female,0,Yes,No,17,Yes,Yes,DSL,No,No,Yes,No,No,No,Two year,No,Electronic check,86.92,1486.3,No
C1305-7043,Male,0,Yes,Yes,47,Yes,No,Fiber optic,No,Yes,No,No,No,No,One year,Yes,Credit card (automatic),97.46,4591.18,No
C1306-3291,Male,0,No,No,2,Yes,No,No,No internet service,No internet service,No internet service,No internet service,No internet service,No internet service,Month-to-month,No,Electronic check,42.85,76.74,Yes
C1307-3138,Female,1,No,No,17,Yes,No,Fiber optic,Yes,No,Yes,No,No,No,One year,Yes,Electronic check,96.25,1663.42,No
C1308-4734,Male,1,Yes,Yes,72,No,No phone service,No,No internet service,No internet service,No internet service,No internet service,No internet service,No internet service,One year,Yes,Electronic check,18.25,1309.51,Yes
C1309-8674,Female,0,No,No,72,Yes,No,Fiber optic,No,Yes,Yes,No,No,Yes,Two year,Yes,Electronic check,100.04,7219.4,No
C1310-5717,Male,0,No,No,72,Yes,No,No,No internet service,No internet service,No internet service,No internet service,No internet service,No internet service,Month-to-month,Yes,Bank transfer (automatic),37.7,2728.13,No
C1311-4131,Male,0,Yes,Yes,18,Yes,Yes,Fiber optic,No,No,No,No,No,Yes,One year,No,Credit card (automatic),94.9,1703.34,No
C1312-8015,Male,0,No,No,67,Yes,No,DSL,No,Yes,No,Yes,No,Yes,One year,No,Credit card (automatic),83.43,5569.92,Yes
C1313-8679,Male,0,Yes,No,31,Yes,No,Fiber optic,Yes,No,No,No,Yes,No,Month-to-month,No,Credit card (automatic),100.1,3103.66,No
C1314-9121,Male,0,Yes,No,11,Yes,No,DSL,Yes,No,Yes,No,No,No,Month-to-month,No,Bank transfer (automatic),74.12,828.94,Yes
C1315-3690,Male,1,Yes,Yes,14,Yes,No,Fiber optic,No,Yes,No,No,No,Yes,Month-to-month,Yes,Electronic check,108.76,1519.4,No
C1316-7386,Male,0,Yes,Yes,36,Yes,No,Fiber optic,No,No,Yes,No,No,No,Two year,No,Mailed check,113.62,4084.44,No
C1317-6312,Female,0,No,Yes,2,Yes,No,Fiber optic,No,No,No,No,No,No,Month-to-month,No,Electronic check,75.92,159.7,Yes
C1318-5040,Male,1,No,No,22,Yes,Yes,DSL,No,No,No,No,No,No,Month-to-month,No,Bank transfer (automatic),79.28,1748.81,Yes
C1319-4572,Male,0,No,Yes,28,Yes,No,DSL,No,No,Yes,No,Yes,No,Month-to-month,No,Bank transfer (automatic),78.33,2180.39,No
C1320-2030,Female,0,Yes,No,42,Yes,No,DSL,No,No,No,No,No,Yes,Month-to-month,No,Mailed check,62.83,2614.42,No
C1321-3473,Male,0,Yes,Yes,3,Yes,No,Fiber optic,No,No,No,No,Yes,No,Month-to-month,Yes,Bank transfer (automatic),88.91,276.94,No
C1322-5946,Male,1,Yes,Yes,22,Yes,No,DSL,No,Yes,Yes,No,No,Yes,Month-to-month,No,Bank transfer (automatic),87.06,1902.44,Yes
C1323-8978,Female,0,Yes,Yes,52,Yes,No,DSL,No,No,Yes,No,No,Yes,Month-to-month,No,Electronic check,79.48,4124.82,No
C1324-8796,Female,0,No,No,72,Yes,Yes,No,No internet service,No internet service,No internet service,No internet service,No internet service,No internet service,Month-to-month,No,Credit card (automatic),48.74,3527.47,Yes
C1325-2688,Female,0,No,No,11,Yes,Yes,Fiber optic,No,No,Yes,No,Yes,Yes,Month-to-month,Yes,Electronic check,110.42,1259.57,Yes
C1326-7113,Male,0,No,No,66,Yes,No,Fiber optic,No,Yes,No,No,No,No,One year,Yes,Electronic check,80.46,5345.38,No
C1327-1763,Male,0,No,No,50,Yes,Yes,Fiber optic,No,No,Yes,Yes,No,Yes,Two year,Yes,Bank transfer (automatic),117.78,5889.43,No
C1328-7074,Male,0,Yes,Yes,72,Yes,Yes,DSL,Yes,No,No,No,Yes,Yes,Month-to-month,No,Mailed check,102.43,7400.37,No
C1329-4077,Male,0,Yes,Yes,2,Yes,Yes,Fiber optic,No,No,No,No,Yes,No,Month-to-month,Yes,Bank transfer (automatic),93.52,163.29,Yes
C1330-5048,Female,0,Yes,No,44,Yes,Yes,Fiber optic,No,Yes,No,No,Yes,No,Month-to-month,No,Bank transfer (automatic),115.68,5085.62,No
C1331-7458,Male,0,No,No,65,Yes,No,DSL,No,Yes,No,No,Yes,Yes,Month-to-month,No,Bank transfer (automatic),87.4,5673.96,Yes
C1332-4823,Female,0,Yes,No,25,Yes,Yes,Fiber optic,Yes,No,Yes,No,Yes,No,Month-to-month,No,Bank transfer (automatic),127.91,3187.76,Yes
C1333-8266,Female,0,Yes,No,19,Yes,No,No,No internet service,No internet service,No internet service,No internet service,No internet service,No internet service,Two year,No,Electronic check,41.81,797.85,No
C1334-5801,Female,0,No,No,28,Yes,Yes,DSL,No,No,No,No,Yes,No,Month-to-month,Yes,Credit card (automatic),94.65,2656.85,No
C1335-9987,Male,0,Yes,Yes,61,Yes,No,DSL,No,Yes,No,No,No,No,Month-to-month,Yes,Electronic check,81.45,4962.38,Yes
C1336-6743,Female,0,No,No,12,Yes,No,Fiber optic,No,No,Yes,No,No,No,Two year,Yes,Mailed check,80.35,967.21,No
C1337-3666,Female,0,Yes,No,11,Yes,Yes,DSL,No,No,No,No,Yes,Yes,One year,Yes,Bank transfer (automatic),82.47,891.53,No
C1338-7976,Female,0,No,No,1,Yes,No,Fiber optic,No,No,No,Yes,No,Yes,Month-to-month,Yes,Electronic check,88.18,40.81,No
C1339-4671,Female,0,Yes,Yes,23,Yes,No,DSL,No,Yes,No,Yes,Yes,No,One year,Yes,Mailed check,96.32,2217.59,No
C1340-5806,Male,0,No,No,5,Yes,Yes,DSL,Yes,Yes,No,No,No,Yes,One year,Yes,Electronic check,92.14,467.97,No
C1341-2231,Male,0,No,No,23,No,No phone service,Fiber optic,No,Yes,No,No,No,No,Two year,Yes,Electronic check,77.9,1807.51,No
C1342-2073,Male,0,Yes,Yes,9,Yes,Yes,No,No internet service,No internet service,No internet service,No internet service,No internet service,No internet service,Month-to-month,No,Mailed check,31.98,266.01,No
C1343-6173,Male,1,No,No,15,Yes,No,Fiber optic,No,Yes,Yes,No,Yes,Yes,Month-to-month,Yes,Credit card (automatic),102.62,1515.21,No
C1344-2680,Male,0,No,No,17,No,No phone service,No,No internet service,No internet service,No internet service,No internet service,No internet service,No internet service,One year,Yes,Credit card (automatic),18.25,274.66,No
C1345-9977,Male,0,No,Yes,29,Yes,No,DSL,No,No,Yes,No,Yes,Yes,Two year,Yes,Electronic check,84.96,2470.07,No
C1346-8700,Female,0,No,No,32,Yes,Yes,DSL,Yes,No,No,No,No,Yes,One year,Yes,Bank transfer (automatic),80.16,2552.42,No
C1347-7307,Male,0,No,No,20,Yes,Yes,Fiber optic,Yes,Yes,No,Yes,No,Yes,Month-to-month,Yes,Electronic check,122.49,2438.63,No
C1348-7611,Male,0,Yes,Yes,17,Yes,No,DSL,No,Yes,Yes,No,No,No,Two year,No,Electronic check,80.11,1371.94,No
C1349-6356,Male,0,Yes,Yes,15,Yes,No,Fiber optic,No,Yes,Yes,Yes,No,No,Month-to-month,Yes,Bank transfer (automatic),112.2,1707.32,Yes
C1350-1542,Female,0,Yes,No,4,Yes,Yes,No,No internet service,No internet service,No internet service,No internet service,No internet service,No internet service,Month-to-month,No,Credit card (automatic),43.5,165.19,No
C1351-4530,Female,0,No,No,61,Yes,No,DSL,No,No,No,No,No,No,Month-to-month,Yes,Mailed check,71.67,4386.45,No
C1352-5461,Male,0,No,No,11,Yes,No,No,No internet service,No internet service,No internet service,No internet service,No internet service,No internet service,Two year,Yes,Electronic check,44.03,492.69,Yes
C1353-9236,Male,0,No,No,26,Yes,Yes,Fiber optic,No,No,No,No,No,No,Month-to-month,Yes,Electronic check,108.35,2842.89,No
C1354-2975,Female,0,Yes,No,7,Yes,No,DSL,No,Yes,No,No,Yes,Yes,Two year,Yes,Electronic check,98.78,697.78,Yes
C1355-5471,Male,1,No,No,43,No,No phone service,Fiber optic,No,No,Yes,No,Yes,Yes,Month-to-month,No,Electronic check,85.96,3684.81,No
C1356-4096,Female,0,No,No,27,Yes,No,Fiber optic,No,No,Yes,Yes,Yes,No,Month-to-month,Yes,Credit card (automatic),99.36,2671.81,Yes
C1357-2209,Male,0,Yes,Yes,34,Yes,No,Fiber optic,No,Yes,No,No,No,Yes,One year,Yes,Mailed check,99.6,3411.99,No
C1358-1927,Female,0,No,No,6,No,No phone service,Fiber optic,Yes,No,No,No,Yes,Yes,Month-to-month,No,Mailed check,92.53,588.31,Yes
C1359-4288,Female,0,Yes,No,35,No,No phone service,Fiber optic,No,No,Yes,No,Yes,Yes,Month-to-month,Yes,Bank transfer (automatic),86.95,3027.91,No
C1360-1741,Male,0,No,No,2,Yes,No,Fiber optic,No,Yes,No,No,Yes,No,One year,Yes,Bank transfer (automatic),100.25,169.58,Yes
C1361-1604,Male,1,Yes,No,13,Yes,No,Fiber optic,No,Yes,Yes,Yes,No,No,Two year,No,Electronic check,109.8,1434.34,No
C1362-4157,Female,0,No,No,7,No,No phone service,DSL,No,Yes,Yes,No,No,Yes,One year,Yes,Mailed check,62.67,418.03,No
C1363-2817,Female,0,Yes,No,26,Yes,Yes,No,No internet service,No internet service,No internet service,No internet service,No internet service,No internet service,Month-to-month,No,Mailed check,40.4,1028.93,No
C1364-5992,Male,0,Yes,No,64,Yes,No,DSL,Yes,No,No,No,No,No,One year,No,Electronic check,64.06,4085.77,No
C1365-1159,Female,1,No,Yes,40,Yes,Yes,Fiber optic,Yes,Yes,No,Yes,No,No,One year,No,Electronic check,124.49,4969.76,No
C1366-3716,Male,0,No,No,72,Yes,No,Fiber optic,No,No,No,Yes,Yes,Yes,Month-to-month,Yes,Credit card (automatic),107.75,7730.1,Yes
C1367-5079,Male,0,Yes,Yes,27,Yes,Yes,DSL,No,No,Yes,Yes,No,No,Month-to-month,No,Electronic check,91.29,2477.97,No
C1368-9667,Male,0,Yes,No,44,Yes,Yes,Fiber optic,Yes,No,Yes,Yes,Yes,No,Month-to-month,Yes,Bank transfer (automatic),123.89,5447.05,No
C1369-6710,Female,0,No,No,55,Yes,Yes,DSL,Yes,No,No,No,No,No,Month-to-month,Yes,Bank transfer (automatic),74.4,4099.72,No
C1370-8925,Female,0,No,No,55,Yes,No,DSL,Yes,Yes,No,No,Yes,No,Month-to-month,Yes,Mailed check,82.67,4535.33,No
C1371-4089,Male,0,Yes,No,6,Yes,No,Fiber optic,Yes,Yes,No,No,No,Yes,Month-to-month,Yes,Electronic check,96.61,581.83,No
C1372-5046,Female,0,Yes,Yes,11,Yes,No,No,No internet service,No internet service,No internet service,No internet service,No internet service,No internet service,Two year,No,Credit card (automatic),40.12,439.25,No
C1373-4783,Male,1,Yes,Yes,50,Yes,No,DSL,No,Yes,Yes,No,No,No,Two year,Yes,Electronic check,93.0,4658.61,No
C1374-8985,Female,1,No,No,72,Yes,No,No,No internet service,No internet service,No internet service,No internet service,No internet service,No internet service,Month-to-month,Yes,Electronic check,39.9,2853.5,No
C1375-9631,Male,0,No,No,10,Yes,No,Fiber optic,No,No,No,Yes,No,No,Two year,Yes,Credit card (automatic),101.85,1033.48,No
C1376-9660,Female,0,No,Yes,12,Yes,Yes,Fiber optic,No,Yes,Yes,No,No,Yes,One year,Yes,Bank transfer (automatic),107.26,1286.13,No
C1377-7766,Male,0,Yes,No,39,Yes,Yes,No,No internet service,No internet service,No internet service,No internet service,No internet service,No internet service,Two year,Yes,Electronic check,30.43,1174.26,No
C1378-5527,Male,1,No,No,17,Yes,No,Fiber optic,Yes,No,No,No,Yes,Yes,Two year,No,Bank transfer (automatic),105.94,1804.16,No
C1379-5867,Female,0,Yes,No,53,Yes,Yes,Fiber optic,No,No,No,Yes,No,Yes,Month-to-month,Yes,Electronic check,130.33,6926.53,No
C1380-9823,Female,1,No,No,42,Yes,No,Fiber optic,No,No,Yes,No,Yes,Yes,Two year,Yes,Mailed check,95.05,4004.76,No
C1381-3560,Female,0,Yes,Yes,59,Yes,No,Fiber optic,Yes,No,No,No,Yes,No,Month-to-month,Yes,Credit card (automatic),110.9,6558.3,No
C1382-4120,Female,0,Yes,No,19,Yes,No,No,No internet service,No internet service,No internet service,No internet service,No internet service,No internet service,Two year,No,Electronic check,40.35,767.61,No
C1383-9072,Female,0,Yes,Yes,16,Yes,No,Fiber optic,Yes,No,No,No,Yes,No,One year,No,Bank transfer (automatic),106.45,1688.36,No
C1384-4476,Female,0,Yes,No,12,Yes,Yes,No,No internet service,No internet service,No internet service,No internet service,No internet service,No internet service,One year,Yes,Mailed check,47.66,568.83,No
C1385-3115,Male,1,Yes,No,72,Yes,Yes,Fiber optic,No,No,No,No,No,No,Month-to-month,Yes,Credit card (automatic),91.38,6580.06,No
C1386-6043,Male,0,No,No,6,Yes,Yes,Fiber optic,No,No,No,Yes,No,No,Month-to-month,Yes,Bank transfer (automatic),99.97,617.67,No
C1387-3927,Female,0,No,No,5,Yes,Yes,Fiber optic,No,Yes,No,No,Yes,No,Month-to-month,Yes,Electronic check,116.03,566.36,Yes
C1388-9016,Female,0,No,No,28,Yes,No,DSL,No,Yes,No,Yes,Yes,No,Month-to-month,Yes,Bank transfer (automatic),93.07,2624.66,No
C1389-9180,Female,1,No,No,15,Yes,No,Fiber optic,Yes,No,No,No,Yes,Yes,Month-to-month,Yes,Credit card (automatic),96.79,1468.6,No
C1390-3753,Male,0,Yes,Yes,56,No,No phone service,Fiber optic,No,Yes,No,No,No,No,Month-to-month,Yes,Mailed check,75.54,4252.61,No
C1391-5765,Female,0,No,No,5,Yes,No,Fiber optic,No,Yes,No,No,No,No,Two year,Yes,Electronic check,92.46,475.58,No
C1392-9854,Female,0,Yes,No,21,Yes,Yes,Fiber optic,Yes,No,No,No,No,No,Two year,No,Bank transfer (automatic),92.88,1949.99,No
C1393-7680,Female,0,Yes,No,3,Yes,Yes,No,No internet service,No internet service,No internet service,No internet service,No internet service,No internet service,Month-to-month,No,Mailed check,55.91,158.12,No
C1394-2940,Male,0,Yes,Yes,18,Yes,Yes,No,No internet service,No internet service,No internet service,No internet service,No internet service,No internet service,Two year,Yes,Credit card (automatic),43.07,799.06,No
C1395-6316,Female,1,Yes,No,27,Yes,No,DSL,No,Yes,Yes,No,Yes,Yes,One year,No,Credit card (automatic),94.05,2548.34,No
C1396-6578,Male,0,No,No,24,Yes,No,DSL,Yes,No,No,No,No,Yes,Two year,Yes,Electronic check,88.62,2101.11,No
C1397-6880,Female,0,Yes,No,22,Yes,Yes,No,No internet service,No internet service,No internet service,No internet service,No internet service,No internet service,One year,No,Electronic check,52.95,1185.82,No
C1398-1225,Female,0,Yes,No,43,Yes,Yes,DSL,No,Yes,Yes,No,Yes,Yes,One year,No,Electronic check,111.53,4796.4,No
C1399-3694,Female,0,No,No,9,Yes,Yes,No,No internet service,No internet service,No internet service,No internet service,No internet service,No internet service,Month-to-month,Yes,Mailed check,37.34,341.99,Yes
C1400-8690,Female,0,Yes,Yes,34,No,No phone service,Fiber optic,No,Yes,Yes,Yes,No,No,One year,No,Bank transfer (automatic),101.53,3484.09,No
C1401-3172,Male,1,No,No,22,Yes,Yes,Fiber optic,Yes,No,Yes,Yes,Yes,No,One year,No,Mailed check,119.41,2624.1,No
C1402-3696,Female,0,Yes,No,18,Yes,Yes,Fiber optic,No,Yes,No,Yes,Yes,Yes,Month-to-month,Yes,Electronic check,116.84,2070.2,Yes
C1403-3902,Female,0,No,No,37,Yes,No,Fiber optic,Yes,Yes,Yes,No,No,Yes,Month-to-month,Yes,Mailed check,120.27,4453.86,No
C1404-2596,Female,0,No,No,29,Yes,Yes,DSL,No,Yes,No,Yes,Yes,Yes,Two year,Yes,Electronic check,97.64,2822.68,No
C1405-2398,Male,0,Yes,No,36,Yes,No,DSL,No,No,No,No,No,Yes,Two year,No,Bank transfer (automatic),78.05,2805.15,No
C1406-4122,Female,0,No,Yes,72,Yes,Yes,Fiber optic,No,No,No,No,No,Yes,One year,Yes,Bank transfer (automatic),96.87,6962.34,No
C1407-8867,Male,1,Yes,No,21,Yes,Yes,Fiber optic,No,No,No,Yes,No,Yes,Month-to-month,No,Bank transfer (automatic),110.92,2301.58,No
C1408-1013,Male,0,Yes,Yes,6,Yes,Yes,DSL,No,Yes,Yes,Yes,Yes,No,Month-to-month,Yes,Credit card (automatic),114.28,696.99,Yes
C1409-3548,Male,0,No,No,10,Yes,No,DSL,No,Yes,Yes,No,Yes,Yes,Month-to-month,No,Electronic check,97.0,995.71,Yes
C1410-1545,Male,1,No,No,72,Yes,Yes,Fiber optic,No,No,Yes,No,No,No,Two year,Yes,Electronic check,102.25,7370.29,No
C1411-6052,Male,0,Yes,Yes,18,No,No phone service,Fiber optic,No,No,Yes,No,No,Yes,Month-to-month,No,Electronic check,84.57,1508.39,Yes
C1412-3255,Female,0,Yes,No,42,Yes,Yes,Fiber optic,No,Yes,No,No,Yes,No,Month-to-month,No,Credit card (automatic),91.48,3841.29,No
C1413-8126,Male,1,Yes,No,24,Yes,No,No,No internet service,No internet service,No internet service,No internet service,No internet service,No internet service,One year,Yes,Electronic check,36.21,913.05,No
C1414-6264,Male,1,No,No,8,Yes,Yes,Fiber optic,No,No,No,Yes,Yes,Yes,One year,Yes,Electronic check,107.04,868.01,No
C1415-8053,Female,0,No,No,29,Yes,No,Fiber optic,No,Yes,Yes,No,Yes,Yes,Two year,Yes,Electronic check,113.64,3296.72,No
C1416-6713,Female,0,Yes,No,12,Yes,No,Fiber optic,No,Yes,No,No,No,Yes,Month-to-month,No,Electronic check,92.78,1092.87,No
C1417-4945,Male,1,No,No,14,Yes,No,Fiber optic,Yes,No,No,No,No,No,Month-to-month,No,Bank transfer (automatic),97.1,1361.42,No
C1418-8747,Male,0,Yes,Yes,24,Yes,No,No,No internet service,No internet service,No internet service,No internet service,No internet service,No internet service,Month-to-month,Yes,Electronic check,22.05,522.27,No
C1419-5285,Male,0,No,No,4,Yes,No,DSL,No,Yes,No,No,No,Yes,Month-to-month,Yes,Credit card (automatic),78.32,326.18,No
C1420-9548,Female,1,No,No,42,Yes,No,Fiber optic,No,No,No,No,Yes,No,Month-to-month,Yes,Mailed check,105.46,4428.11,Yes
C1421-9951,Female,0,No,No,16,Yes,No,DSL,No,No,Yes,No,Yes,Yes,One year,Yes,Mailed check,93.6,1519.53,No
C1422-6300,Male,0,Yes,No,46,Yes,No,Fiber optic,No,No,Yes,No,No,No,Month-to-month,Yes,Electronic check,94.28,4360.73,Yes
C1423-7070,Female,0,Yes,No,45,No,No phone service,Fiber optic,No,No,Yes,No,No,No,Month-to-month,Yes,Electronic check,82.96,3703.96,No
C1424-3300,Male,0,Yes,No,21,Yes,No,DSL,No,Yes,No,Yes,Yes,No,Month-to-month,Yes,Mailed check,85.19,1796.64,No
C1425-8330,Male,0,No,No,27,Yes,Yes,Fiber optic,Yes,Yes,Yes,No,Yes,No,Two year,Yes,Electronic check,124.21,3379.24,No
C1426-7043,Female,0,No,No,34,Yes,Yes,Fiber optic,No,Yes,No,No,No,Yes,One year,Yes,Electronic check,102.6,3506.54,No
C1427-9122,Male,0,Yes,No,17,Yes,Yes,No,No internet service,No internet service,No internet service,No internet service,No internet service,No internet service,Month-to-month,Yes,Credit card (automatic),44.31,714.88,Yes
C1428-3402,Female,0,Yes,No,3,No,No phone service,No,No internet service,No internet service,No internet service,No internet service,No internet service,No internet service,Month-to-month,No,Bank transfer (automatic),26.25,110.83,No
C1429-8087,Female,0,Yes,Yes,29,Yes,No,Fiber optic,No,Yes,No,No,Yes,No,Month-to-month,No,Credit card (automatic),107.23,3085.02,Yes
C1430-5232,Female,0,No,No,55,Yes,Yes,DSL,No,Yes,Yes,No,No,No,Month-to-month,No,Mailed check,101.07,5528.42,No
C1431-2666,Male,0,No,No,12,Yes,No,No,No internet service,No internet service,No internet service,No internet service,No internet service,No internet service,Two year,No,Electronic check,44.94,510.38,No
C1432-2540,Male,0,Yes,No,48,Yes,No,No,No internet service,No internet service,No internet service,No internet service,No internet service,No internet service,Month-to-month,No,Credit card (automatic),29.96,1447.62,No
C1433-6058,Female,0,No,No,7,Yes,No,No,No internet service,No internet service,No internet service,No internet service,No internet service,No internet service,Month-to-month,Yes,Credit card (automatic),21.74,135.89,No
C1434-3874,Male,0,Yes,Yes,19,Yes,Yes,Fiber optic,No,No,Yes,No,No,Yes,Two year,No,Bank transfer (automatic),114.28,2158.07,No
C1435-1916,Male,0,No,Yes,22,Yes,Yes,No,No internet service,No internet service,No internet service,No internet service,No internet service,No internet service,One year,No,Bank transfer (automatic),51.2,1116.68,Yes
C1436-4843,Male,0,Yes,Yes,24,Yes,No,Fiber optic,No,No,Yes,No,Yes,Yes,Month-to-month,Yes,Credit card (automatic),109.26,2642.45,No
C1437-6875,Male,0,Yes,Yes,10,Yes,Yes,DSL,No,No,Yes,No,No,Yes,Month-to-month,No,Credit card (automatic),99.68,1008.81,Yes
C1438-3870,Male,0,No,No,7,Yes,No,Fiber optic,No,No,No,No,No,Yes,Month-to-month,Yes,Mailed check,96.7,654.44,No
C1439-9597,Male,0,No,No,20,Yes,Yes,DSL,No,No,Yes,Yes,No,Yes,One year,No,Bank transfer (automatic),101.8,2022.87,No
C1440-8015,Male,0,Yes,Yes,38,Yes,Yes,DSL,No,Yes,Yes,Yes,No,Yes,Two year,No,Electronic check,103.4,3902.27,Yes
C1441-5614,Female,0,No,No,12,Yes,Yes,DSL,No,Yes,No,No,No,Yes,Month-to-month,No,Electronic check,88.65,1051.54,No
C1442-9410,Female,0,No,No,22,Yes,Yes,Fiber optic,No,Yes,No,Yes,No,Yes,Month-to-month,No,Electronic check,126.51,2790.34,No
C1443-4896,Female,1,Yes,Yes,72,Yes,No,No,No internet service,No internet service,No internet service,No internet service,No internet service,No internet service,Month-to-month,Yes,Electronic check,55.08,3960.6,No
C1444-2256,Male,0,No,No,31,Yes,Yes,No,No internet service,No internet service,No internet service,No internet service,No internet service,No internet service,Month-to-month,Yes,Bank transfer (automatic),45.55,1392.37,Yes
C1445-1322,Male,0,No,No,20,Yes,Yes,No,No internet service,No internet service,No internet service,No internet service,No internet service,No internet service,One year,Yes,Electronic check,51.16,1038.2,No
C1446-9441,Male,0,Yes,No,23,Yes,No,DSL,No,No,No,No,Yes,Yes,Month-to-month,Yes,Mailed check,82.78,1904.57,No
C1447-9637,Female,0,No,No,72,Yes,Yes,Fiber optic,No,Yes,No,Yes,Yes,Yes,Two year,Yes,Bank transfer (automatic),122.19,8781.42,No
C1448-7652,Female,1,No,No,39,Yes,No,No,No internet service,No internet service,No internet service,No internet service,No internet service,No internet service,Month-to-month,No,Bank transfer (automatic),31.83,1267.01,Yes
C1449-1926,Female,0,Yes,Yes,12,Yes,No,Fiber optic,No,Yes,No,Yes,No,Yes,One year,Yes,Electronic check,117.79,1419.06,No
C1450-3642,Male,1,No,No,42,Yes,No,DSL,No,No,Yes,No,No,Yes,One year,Yes,Mailed check,91.13,3826.41,No
C1451-1369,Female,0,Yes,Yes,9,Yes,Yes,No,No internet service,No internet service,No internet service,No internet service,No internet service,No internet service,Month-to-month,Yes,Electronic check,46.48,425.46,No
C1452-1461,Female,0,No,No,27,Yes,No,Fiber optic,No,Yes,No,Yes,Yes,No,Two year,Yes,Bank transfer (automatic),105.84,2832.81,No
C1453-3214,Male,0,No,Yes,62,Yes,Yes,Fiber optic,No,No,Yes,No,No,Yes,One year,Yes,Bank transfer (automatic),118.7,7333.91,No
C1454-6148,Female,1,Yes,No,27,No,No phone service,DSL,No,No,Yes,No,Yes,Yes,One year,No,Mailed check,58.98,1579.49,Yes
C1455-1589,Male,0,No,Yes,8,Yes,Yes,No,No internet service,No internet service,No internet service,No internet service,No internet service,No internet service,One year,No,Mailed check,49.43,410.1,No
C1456-9860,Male,0,Yes,No,25,Yes,No,No,No internet service,No internet service,No internet service,No internet service,No internet service,No internet service,One year,Yes,Credit card (automatic),41.38,1023.63,No
C1457-5095,Female,0,No,No,62,Yes,No,No,No internet service,No internet service,No internet service,No internet service,No internet service,No internet service,Month-to-month,Yes,Credit card (automatic),39.02,2412.54,No
C1458-3374,Female,0,No,No,12,Yes,No,DSL,No,No,Yes,No,Yes,Yes,One year,No,Electronic check,94.84,1171.87,No
C1459-5644,Female,0,Yes,Yes,42,Yes,Yes,DSL,No,No,Yes,No,No,No,Two year,No,Bank transfer (automatic),83.1,3462.51,No
C1460-8110,Female,0,No,No,64,No,No phone service,No,No internet service,No internet service,No internet service,No internet service,No internet service,No internet service,One year,Yes,Mailed check,18.28,1184.96,No
C1461-3812,Female,0,Yes,Yes,34,Yes,Yes,No,No internet service,No internet service,No internet service,No internet service,No internet service,No internet service,Two year,No,Electronic check,42.01,1408.36,No
C1462-1427,Female,0,No,No,26,Yes,Yes,No,No internet service,No internet service,No internet service,No internet service,No internet service,No internet service,Two year,Yes,Mailed check,44.96,1184.92,No
C1463-1458,Female,0,No,No,13,Yes,Yes,Fiber optic,No,No,Yes,No,No,No,Month-to-month,No,Credit card (automatic),100.03,1287.47,Yes
C1464-8667,Male,0,No,No,14,Yes,Yes,DSL,No,No,No,Yes,Yes,Yes,One year,Yes,Credit card (automatic),92.26,1289.1,No
C1465-2004,Female,1,Yes,Yes,20,Yes,Yes,Fiber optic,No,No,Yes,Yes,No,Yes,Two year,No,Electronic check,122.94,2443.35,No
C1466-6719,Male,1,No,No,42,Yes,No,DSL,No,No,No,Yes,No,No,Month-to-month,Yes,Electronic check,67.06,2792.74,No
C1467-4460,Male,0,No,No,72,Yes,No,Fiber optic,Yes,Yes,No,No,Yes,No,Month-to-month,No,Mailed check,115.52,8298.45,Yes
C1468-7996,Female,0,No,No,12,Yes,No,DSL,No,No,No,No,No,Yes,Month-to-month,Yes,Electronic check,79.73,953.87,No
C1469-1544,Male,0,No,No,38,No,No phone service,Fiber optic,No,No,No,No,Yes,Yes,Two year,No,Credit card (automatic),94.57,3584.41,No
C1470-9079,Female,1,No,No,54,Yes,Yes,Fiber optic,Yes,Yes,Yes,No,Yes,Yes,Two year,No,Electronic check,136.12,7330.05,No
C1471-7283,Male,0,Yes,No,25,Yes,No,No,No internet service,No internet service,No internet service,No internet service,No internet service,No internet service,Two year,No,Credit card (automatic),41.02,1032.18,No
C1472-5043,Female,0,Yes,No,24,Yes,No,DSL,No,No,No,Yes,No,Yes,Month-to-month,Yes,Electronic check,85.69,2023.63,No
C1473-2862,Male,1,No,No,5,Yes,No,No,No internet service,No internet service,No internet service,No internet service,No internet service,No internet service,One year,Yes,Electronic check,43.24,218.52,No
C1474-9793,Male,0,Yes,No,29,Yes,No,DSL,No,No,No,Yes,No,Yes,Month-to-month,Yes,Bank transfer (automatic),85.95,2483.41,No
C1475-3718,Male,0,No,No,23,Yes,No,No,No internet service,No internet service,No internet service,No internet service,No internet service,No internet service,Two year,Yes,Bank transfer (automatic),28.08,654.72,Yes
C1476-5414,Female,0,No,Yes,18,Yes,No,Fiber optic,Yes,No,Yes,No,No,No,Two year,Yes,Credit card (automatic),94.59,1726.27,No
C1477-4546,Male,0,No,No,33,Yes,Yes,DSL,No,Yes,No,No,Yes,Yes,One year,No,Credit card (automatic),88.1,2896.86,No
C1478-3074,Male,0,No,No,9,Yes,No,No,No internet service,No internet service,No internet service,No internet service,No internet service,No internet service,Month-to-month,No,Credit card (automatic),50.17,445.31,No
C1479-4749,Male,1,No,No,11,Yes,No,DSL,No,No,No,Yes,Yes,No,Two year,Yes,Electronic check,61.36,684.11,No
C1480-2363,Male,0,No,No,29,Yes,Yes,Fiber optic,No,No,No,No,No,No,Two year,No,Bank transfer (automatic),105.33,3055.21,No
C1481-1014,Female,0,No,No,72,Yes,Yes,No,No internet service,No internet service,No internet service,No internet service,No internet service,No internet service,Two year,Yes,Electronic check,45.4,3281.49,Yes
C1482-3609,Female,0,Yes,Yes,21,Yes,Yes,Fiber optic,No,No,Yes,Yes,Yes,Yes,Month-to-month,No,Electronic check,124.79,2606.68,Yes
C1483-2008,Male,0,Yes,Yes,25,No,No phone service,Fiber optic,Yes,No,Yes,No,No,No,Month-to-month,Yes,Credit card (automatic),84.16,2113.03,No
C1484-4732,Male,0,Yes,No,25,Yes,No,Fiber optic,No,Yes,Yes,No,Yes,Yes,Month-to-month,Yes,Electronic check,99.92,2500.31,No
C1485-8764,Male,0,No,No,9,Yes,No,DSL,Yes,No,No,Yes,Yes,No,Month-to-month,No,Electronic check,81.43,738.28,Yes
C1486-2462,Male,0,Yes,No,19,Yes,Yes,Fiber optic,Yes,No,No,No,Yes,No,Two year,Yes,Credit card (automatic),113.87,2155.53,Yes
C1487-1011,Male,0,No,No,28,Yes,Yes,No,No internet service,No internet service,No internet service,No internet service,No internet service,No internet service,Month-to-month,Yes,Credit card (automatic),52.82,1472.91,No
C1488-1999,Male,0,No,Yes,28,Yes,Yes,Fiber optic,No,No,No,No,Yes,Yes,One year,Yes,Bank transfer (automatic),116.91,3256.45,No
C1489-5572,Female,0,Yes,Yes,35,Yes,No,DSL,No,No,No,No,No,No,Two year,Yes,Electronic check,65.8,2311.98,No
C1490-3473,Female,1,No,Yes,9,Yes,Yes,DSL,No,No,No,No,Yes,Yes,Month-to-month,Yes,Electronic check,97.99,882.38,Yes
C1491-5405,Female,0,Yes,No,14,Yes,Yes,Fiber optic,Yes,No,No,No,Yes,No,Month-to-month,Yes,Mailed check,109.58,1534.61,Yes
C1492-1263,Male,0,No,No,4,Yes,Yes,No,No internet service,No internet service,No internet service,No internet service,No internet service,No internet service,Month-to-month,No,Credit card (automatic),48.88,179.5,Yes
C1493-3997,Male,0,Yes,Yes,66,Yes,No,No,No internet service,No internet service,No internet service,No internet service,No internet service,No internet service,Month-to-month,Yes,Electronic check,42.91,2840.33,No
C1494-4690,Male,1,Yes,Yes,17,Yes,Yes,No,No internet service,No internet service,No internet service,No internet service,No internet service,No internet service,Month-to-month,Yes,Bank transfer (automatic),41.79,690.23,No
C1495-4881,Female,0,Yes,Yes,30,Yes,No,Fiber optic,No,No,No,Yes,Yes,Yes,One year,No,Mailed check,112.7,3391.36,No
C1496-5959,Male,0,No,No,24,Yes,No,Fiber optic,No,No,No,No,No,No,Month-to-month,No,Electronic check,86.36,2045.11,No
C1497-8024,Male,0,Yes,Yes,1,No,No phone service,Fiber optic,No,Yes,Yes,No,No,Yes,Month-to-month,Yes,Mailed check,87.49,119.53,Yes
C1498-5204,Male,0,No,No,7,Yes,No,DSL,No,Yes,Yes,No,Yes,No,Two year,Yes,Bank transfer (automatic),89.6,674.56,No
C1499-8569,Female,0,No,No,23,Yes,No,Fiber optic,No,No,No,No,No,No,Month-to-month,Yes,Credit card (automatic),93.05,2155.15,Yes
C1500-5767,Female,1,Yes,Yes,38,Yes,No,Fiber optic,No,No,No,No,Yes,No,Month-to-month,No,Electronic check,95.94,3644.67,Yes
C1501-3342,Female,0,Yes,No,35,Yes,No,No,No internet service,No internet service,No internet service,No internet service,No internet service,No internet service,Month-to-month,Yes,Bank transfer (automatic),37.88,1312.18,No
C1502-3060,Male,0,Yes,No,6,Yes,Yes,Fiber optic,Yes,Yes,No,No,Yes,Yes,One year,Yes,Bank transfer (automatic),127.87,751.71,No
C1503-3902,Male,0,No,No,9,Yes,Yes,Fiber optic,No,No,No,No,Yes,Yes,Month-to-month,No,Electronic check,111.7,1000.97,Yes
C1504-6376,Male,0,No,No,33,Yes,No,Fiber optic,No,Yes,No,No,Yes,Yes,Month-to-month,Yes,Bank transfer (automatic),102.76,3402.28,No
C1505-3182,Female,0,Yes,No,35,Yes,Yes,No,No internet service,No internet service,No internet service,No internet service,No internet service,No internet service,One year,No,Electronic check,54.04,1890.69,No
C1506-9226,Female,0,No,No,5,Yes,Yes,DSL,No,No,Yes,No,No,No,Month-to-month,Yes,Mailed check,74.57,425.96,No
C1507-5318,Male,0,No,No,33,Yes,Yes,Fiber optic,No,No,No,No,Yes,No,One year,Yes,Mailed check,111.73,3680.0,No
C1508-8768,Female,0,No,No,23,Yes,Yes,No,No internet service,No internet service,No internet service,No internet service,No internet service,No internet service,Two year,Yes,Mailed check,50.88,1164.21,No
C1509-7148,Male,0,Yes,Yes,19,Yes,Yes,Fiber optic,No,No,No,Yes,Yes,Yes,Month-to-month,Yes,Mailed check,121.5,2306.0,Yes
C1510-3999,Female,0,Yes,No,72,Yes,No,No,No internet service,No internet service,No internet service,No internet service,No internet service,No internet service,Two year,No,Electronic check,47.56,3428.96,No
C1511-3054,Male,0,Yes,No,21,Yes,Yes,No,No internet service,No internet service,No internet service,No internet service,No internet service,No internet service,Month-to-month,No,Credit card (automatic),49.2,1020.91,No
C1512-7694,Male,0,No,No,15,Yes,Yes,Fiber optic,No,No,No,No,No,No,Month-to-month,Yes,Credit card (automatic),114.77,1736.05,No
C1513-3976,Male,0,No,No,44,Yes,Yes,DSL,No,Yes,Yes,No,No,Yes,Month-to-month,Yes,Bank transfer (automatic),94.06,4110.25,No
C1514-3221,Female,0,Yes,No,43,Yes,No,Fiber optic,No,No,No,No,No,No,One year,No,Mailed check,72.54,3142.66,No
C1515-9372,Male,0,Yes,No,63,Yes,No,Fiber optic,No,Yes,Yes,Yes,Yes,No,One year,Yes,Bank transfer (automatic),113.55,7156.78,No
C1516-5343,Male,1,No,No,41,No,No phone service,Fiber optic,No,Yes,No,No,Yes,No,Two year,Yes,Bank transfer (automatic),94.07,3849.13,No
C1517-1437,Male,0,Yes,No,40,Yes,Yes,Fiber optic,No,Yes,No,No,No,No,Month-to-month,Yes,Mailed check,120.97,4860.41,No
C1518-5452,Female,0,No,Yes,25,Yes,No,Fiber optic,No,No,Yes,No,No,No,Two year,Yes,Mailed check,112.53,2820.66,No
C1519-5146,Male,1,Yes,Yes,9,Yes,Yes,DSL,No,No,Yes,No,Yes,Yes,Month-to-month,Yes,Electronic check,106.43,943.53,Yes
C1520-8774,Female,0,Yes,Yes,36,Yes,Yes,Fiber optic,Yes,Yes,No,No,Yes,Yes,One year,Yes,Bank transfer (automatic),125.01,4490.1,No
C1521-7403,Female,0,No,Yes,8,Yes,Yes,No,No internet service,No internet service,No internet service,No internet service,No internet service,No internet service,Month-to-month,Yes,Bank transfer (automatic),45.01,350.24,No
C1522-2722,Male,0,Yes,Yes,25,Yes,Yes,Fiber optic,No,Yes,Yes,No,No,Yes,Month-to-month,No,Credit card (automatic),133.33,3341.92,No
C1523-2353,Male,1,No,No,24,Yes,No,DSL,Yes,No,Yes,No,Yes,Yes,Month-to-month,Yes,Bank transfer (automatic),98.28,2368.09,No
C1524-6431,Female,0,Yes,No,25,Yes,Yes,Fiber optic,No,Yes,Yes,Yes,Yes,Yes,Month-to-month,Yes,Credit card (automatic),129.18,3222.92,No
C1525-1426,Female,0,Yes,No,3,Yes,Yes,DSL,No,No,Yes,Yes,Yes,Yes,Month-to-month,Yes,Bank transfer (automatic),109.11,329.72,No
C1526-3870,Male,0,No,No,17,Yes,No,DSL,Yes,No,Yes,No,Yes,No,Month-to-month,No,Mailed check,76.84,1360.69,No
C1527-2243,Male,0,Yes,Yes,72,No,No phone service,DSL,No,No,No,No,No,No,Two year,No,Credit card (automatic),38.66,2765.53,No
C1528-1185,Female,1,No,No,27,No,No phone service,Fiber optic,No,Yes,No,No,Yes,No,Two year,Yes,Electronic check,71.58,1928.36,No
C1529-9268,Male,0,No,No,52,Yes,Yes,DSL,No,No,No,Yes,Yes,Yes,Two year,Yes,Electronic check,95.78,4990.5,No
C1530-1808,Male,0,No,No,33,Yes,Yes,DSL,No,Yes,Yes,Yes,No,Yes,Month-to-month,No,Bank transfer (automatic),108.7,3609.86,No
C1531-1083,Male,1,Yes,No,72,No,No phone service,DSL,No,No,No,No,Yes,Yes,Month-to-month,No,Bank transfer (automatic),62.59,4505.0,No
C1532-9395,Female,0,Yes,No,33,Yes,Yes,No,No internet service,No internet service,No internet service,No internet service,No internet service,No internet service,Month-to-month,Yes,Credit card (automatic),35.84,1152.07,No
C1533-2694,Male,0,Yes,No,27,Yes,Yes,DSL,No,No,No,No,Yes,Yes,One year,No,Electronic check,89.7,2447.33,No
C1534-8348,Male,0,No,No,6,Yes,No,Fiber optic,Yes,No,Yes,Yes,Yes,No,Two year,No,Electronic check,111.71,690.48,No
C1535-1281,Male,0,Yes,Yes,7,Yes,Yes,DSL,No,Yes,Yes,Yes,Yes,No,Month-to-month,No,Credit card (automatic),92.43,643.09,No
C1536-2381,Male,0,Yes,No,14,Yes,Yes,No,No internet service,No internet service,No internet service,No internet service,No internet service,No internet service,One year,Yes,Credit card (automatic),37.25,529.22,No
C1537-1995,Female,0,No,No,21,Yes,No,DSL,No,Yes,Yes,Yes,No,No,Month-to-month,No,Bank transfer (automatic),94.92,2022.63,Yes
C1538-7355,Female,0,Yes,No,8,Yes,No,Fiber optic,Yes,Yes,No,No,Yes,No,One year,No,Electronic check,111.96,897.45,Yes
C1539-6580,Female,0,No,No,27,Yes,No,DSL,Yes,No,Yes,No,Yes,Yes,Two year,Yes,Mailed check,101.21,2739.32,No
C1540-5279,Female,0,Yes,No,26,Yes,Yes,Fiber optic,No,No,No,No,Yes,Yes,One year,Yes,Bank transfer (automatic),127.43,3317.95,No
C1541-3174,Female,1,No,No,72,Yes,No,DSL,No,No,No,No,No,No,One year,Yes,Electronic check,66.65,4785.28,Yes
C1542-1799,Female,0,No,No,72,Yes,No,DSL,No,Yes,No,No,Yes,No,Month-to-month,Yes,Credit card (automatic),89.35,6427.13,Yes
C1543-6122,Male,0,Yes,Yes,44,Yes,No,Fiber optic,No,No,No,No,No,Yes,Month-to-month,No,Electronic check,92.63,4095.02,No
C1544-3076,Male,0,No,No,45,Yes,No,No,No internet service,No internet service,No internet service,No internet service,No internet service,No internet service,Month-to-month,Yes,Bank transfer (automatic),37.4,1672.95,No
C1545-6311,Male,0,No,No,58,Yes,No,No,No internet service,No internet service,No internet service,No internet service,No internet service,No internet service,Two year,No,Credit card (automatic),41.07,2398.82,No
C1546-7186,Male,0,Yes,Yes,33,Yes,No,No,No internet service,No internet service,No internet service,No internet service,No internet service,No internet service,One year,Yes,Electronic check,39.23,1292.02,No
C1547-8644,Female,0,No,No,61,Yes,No,Fiber optic,No,Yes,Yes,No,No,Yes,Month-to-month,No,Electronic check,112.63,6864.68,No
C1548-5445,Female,0,No,No,6,Yes,Yes,Fiber optic,No,No,No,No,Yes,Yes,Month-to-month,Yes,Electronic check,99.93,630.48,Yes
C1549-1042,Female,1,No,No,49,Yes,Yes,No,No internet service,No internet service,No internet service,No internet service,No internet service,No internet service,Month-to-month,Yes,Electronic check,54.92,2691.74,Yes
C1550-3525,Female,0,No,Yes,8,Yes,Yes,DSL,No,No,No,Yes,Yes,No,Month-to-month,No,Electronic check,82.71,638.26,Yes
C1551-8679,Female,0,Yes,No,9,Yes,No,DSL,No,Yes,No,No,Yes,No,Month-to-month,Yes,Credit card (automatic),79.7,719.45,No
C1552-5798,Male,0,Yes,Yes,58,Yes,No,DSL,No,Yes,No,No,No,No,Two year,Yes,Mailed check,74.44,4284.56,No
C1553-6571,Male,0,Yes,No,13,Yes,Yes,No,No internet service,No internet service,No internet service,No internet service,No internet service,No internet service,Month-to-month,No,Electronic check,57.23,762.56,Yes
C1554-5119,Male,0,Yes,Yes,10,Yes,No,No,No internet service,No internet service,No internet service,No internet service,No internet service,No internet service,Two year,Yes,Electronic check,44.84,420.64,No
C1555-2464,Female,0,Yes,No,35,Yes,No,DSL,No,No,No,No,Yes,No,Month-to-month,Yes,Bank transfer (automatic),69.42,2417.16,Yes
C1556-9069,Male,0,Yes,No,12,No,No phone service,No,No internet service,No internet service,No internet service,No internet service,No internet service,No internet service,Month-to-month,Yes,Electronic check,18.25,249.77,No
C1557-7955,Male,0,Yes,Yes,10,Yes,No,Fiber optic,No,Yes,Yes,No,No,No,Two year,Yes,Electronic check,107.81,1074.13,No
C1558-9955,Female,0,No,No,5,Yes,Yes,Fiber optic,No,No,Yes,No,No,No,Month-to-month,Yes,Bank transfer (automatic),114.13,583.82,Yes
C1559-8698,Female,0,Yes,Yes,16,Yes,Yes,DSL,No,No,Yes,No,Yes,Yes,Two year,Yes,Mailed check,87.56,1395.35,No
C1560-3619,Male,1,No,No,44,Yes,Yes,Fiber optic,No,No,No,No,Yes,Yes,One year,No,Credit card (automatic),114.11,5029.17,No
C1561-3288,Female,0,No,No,49,Yes,No,DSL,Yes,Yes,Yes,No,Yes,Yes,Month-to-month,No,Mailed check,104.2,5090.97,No
C1562-3236,Male,0,No,Yes,20,No,No phone service,DSL,No,Yes,No,Yes,Yes,Yes,Two year,Yes,Mailed check,82.79,1652.09,No
C1563-9268,Female,0,Yes,No,72,Yes,No,Fiber optic,No,No,No,No,Yes,No,Month-to-month,Yes,Electronic check,91.27,6548.09,No
C1564-6011,Female,0,No,No,37,Yes,No,DSL,Yes,No,No,No,Yes,No,Month-to-month,Yes,Credit card (automatic),86.31,3197.26,Yes
C1565-5089,Male,0,No,No,59,Yes,Yes,Fiber optic,Yes,Yes,Yes,No,No,No,Two year,No,Mailed check,115.03,6800.64,No
C1566-9713,Female,0,No,No,14,Yes,Yes,DSL,No,No,No,No,Yes,No,Month-to-month,Yes,Electronic check,72.76,1020.2,No
C1567-6430,Female,0,Yes,No,18,Yes,No,No,No internet service,No internet service,No internet service,No internet service,No internet service,No internet service,One year,No,Bank transfer (automatic),32.76,594.25,No
C1568-9183,Female,0,Yes,Yes,21,Yes,No,Fiber optic,No,Yes,No,No,No,No,Month-to-month,Yes,Bank transfer (automatic),95.37,1984.34,No
C1569-9860,Female,0,No,No,18,No,No phone service,Fiber optic,No,No,Yes,No,Yes,Yes,Two year,Yes,Electronic check,93.89,1707.73,No
C1570-1714,Male,0,Yes,No,1,Yes,Yes,DSL,Yes,No,No,No,No,No,Month-to-month,Yes,Electronic check,82.2,97.31,No
C1571-4253,Female,0,No,No,26,Yes,Yes,DSL,No,No,Yes,No,Yes,No,Month-to-month,Yes,Electronic check,84.63,2211.55,No
C1572-7606,Female,0,No,No,33,Yes,Yes,DSL,Yes,No,No,No,Yes,Yes,Two year,Yes,Electronic check,91.96,3013.59,No
C1573-8317,Male,0,No,No,31,Yes,Yes,Fiber optic,No,No,No,Yes,Yes,Yes,One year,No,Electronic check,107.24,3341.64,No
C1574-2336,Male,0,No,No,72,No,No phone service,DSL,No,Yes,No,Yes,Yes,Yes,One year,No,Bank transfer (automatic),58.64,4230.47,No
C1575-3865,Female,0,No,No,72,Yes,No,Fiber optic,No,No,No,No,Yes,No,Month-to-month,No,Electronic check,86.01,6187.08,No
C1576-5933,Male,0,No,No,3,Yes,Yes,Fiber optic,No,No,No,Yes,Yes,Yes,Month-to-month,No,Bank transfer (automatic),106.15,319.54,No
C1577-8192,Female,1,No,No,70,No,No phone service,No,No internet service,No internet service,No internet service,No internet service,No internet service,No internet service,Month-to-month,No,Electronic check,31.03,2161.39,No
C1578-2016,Male,0,Yes,Yes,72,Yes,No,Fiber optic,Yes,No,Yes,Yes,No,No,Month-to-month,No,Electronic check,112.66,8112.09,No
C1579-6406,Male,0,No,Yes,2,Yes,No,Fiber optic,No,No,No,No,No,Yes,Month-to-month,No,Electronic check,101.66,211.18,Yes
C1580-3667,Male,0,No,No,43,Yes,Yes,No,No internet service,No internet service,No internet service,No internet service,No internet service,No internet service,Month-to-month,No,Electronic check,48.73,2098.13,No
C1581-2946,Female,0,No,No,26,Yes,No,Fiber optic,No,No,No,No,No,No,Month-to-month,Yes,Credit card (automatic),83.73,2212.19,No
C1582-5638,Female,0,Yes,No,72,Yes,Yes,DSL,No,Yes,Yes,No,Yes,No,Two year,Yes,Electronic check,91.44,6580.41,No
C1583-4725,Male,0,Yes,Yes,72,Yes,No,DSL,No,Yes,No,No,Yes,No,Month-to-month,No,Bank transfer (automatic),64.22,4622.63,Yes
C1584-6720,Male,1,No,No,72,No,No phone service,DSL,Yes,Yes,Yes,No,No,No,Month-to-month,No,Mailed check,61.07,4374.96,No
C1585-3858,Female,0,Yes,No,44,Yes,No,Fiber optic,No,No,No,No,Yes,Yes,One year,No,Bank transfer (automatic),96.04,4227.56,No
C1586-8408,Female,1,No,No,38,Yes,No,DSL,Yes,No,Yes,No,No,Yes,Month-to-month,Yes,Electronic check,71.46,2708.89,No
C1587-1702,Female,0,No,No,11,Yes,Yes,Fiber optic,Yes,No,Yes,No,Yes,Yes,Month-to-month,Yes,Electronic check,128.92,1404.16,No
C1588-8756,Male,0,Yes,Yes,16,Yes,No,DSL,No,Yes,Yes,No,No,No,Month-to-month,Yes,Credit card (automatic),77.07,1248.05,No
C1589-1268,Female,0,Yes,Yes,39,Yes,Yes,Fiber optic,No,Yes,Yes,No,No,Yes,Month-to-month,No,Bank transfer (automatic),126.47,4948.11,Yes
C1590-7622,Male,0,No,No,15,Yes,Yes,Fiber optic,No,Yes,Yes,No,No,No,Two year,Yes,Bank transfer (automatic),119.12,1790.53,No
C1591-4117,Male,0,Yes,Yes,26,Yes,Yes,DSL,Yes,No,Yes,Yes,No,Yes,Month-to-month,Yes,Credit card (automatic),116.06,3013.13,No
C1592-4449,Male,0,No,No,4,No,No phone service,DSL,Yes,Yes,Yes,No,No,Yes,Month-to-month,No,Credit card (automatic),82.23,338.85,Yes
C1593-1171,Female,0,No,No,28,No,No phone service,No,No internet service,No internet service,No internet service,No internet service,No internet service,No internet service,Month-to-month,Yes,Electronic check,20.56,598.32,No
C1594-7318,Male,0,No,No,2,Yes,Yes,Fiber optic,No,No,Yes,No,No,Yes,Month-to-month,Yes,Credit card (automatic),109.19,237.67,No
C1595-2489,Male,0,Yes,No,57,No,No phone service,No,No internet service,No internet service,No internet service,No internet service,No internet service,No internet service,Month-to-month,No,Bank transfer (automatic),18.25,1039.35,No
C1596-6931,Female,0,Yes,No,29,Yes,Yes,DSL,No,No,Yes,No,No,No,Month-to-month,No,Credit card (automatic),89.83,2618.52,No
C1597-7525,Male,0,No,No,14,Yes,No,Fiber optic,Yes,Yes,No,No,No,No,Month-to-month,Yes,Credit card (automatic),94.18,1329.47,No
C1598-8606,Male,1,Yes,No,22,Yes,No,DSL,No,Yes,No,No,Yes,No,One year,No,Electronic check,78.77,1762.28,Yes
C1599-7372,Male,0,Yes,Yes,15,Yes,Yes,Fiber optic,No,Yes,Yes,Yes,Yes,No,Month-to-month,No,Credit card (automatic),124.77,1903.35,No
C1600-3713,Male,0,No,No,11,Yes,Yes,Fiber optic,No,No,No,Yes,No,Yes,Month-to-month,Yes,Mailed check,110.22,1207.54,No
C1601-7646,Female,0,Yes,Yes,17,Yes,No,DSL,No,No,No,Yes,Yes,Yes,One year,No,Electronic check,72.71,1249.52,No
C1602-8432,Male,0,Yes,No,17,No,No phone service,Fiber optic,No,Yes,Yes,No,No,Yes,Month-to-month,No,Credit card (automatic),88.79,1492.54,No
C1603-3854,Male,0,No,No,20,Yes,No,DSL,No,No,Yes,Yes,No,Yes,Month-to-month,Yes,Mailed check,84.08,1686.66,No
C1604-2117,Female,0,Yes,Yes,1,Yes,Yes,DSL,Yes,Yes,No,No,No,Yes,Two year,Yes,Mailed check,103.21,108.09,No
C1605-9009,Male,0,Yes,No,60,Yes,Yes,Fiber optic,No,Yes,Yes,No,Yes,Yes,Month-to-month,Yes,Bank transfer (automatic),132.89,7973.59,No
C1606-2331,Female,0,Yes,No,61,Yes,Yes,DSL,No,No,No,Yes,Yes,Yes,One year,No,Electronic check,87.38,5342.98,No
C1607-6343,Male,0,No,Yes,24,Yes,Yes,Fiber optic,No,Yes,Yes,No,No,No,Two year,Yes,Credit card (automatic),118.52,2845.53,No
C1608-3126,Male,1,No,No,72,Yes,Yes,Fiber optic,No,No,Yes,No,Yes,No,Month-to-month,No,Electronic check,104.4,7514.63,No
C1609-2134,Female,1,No,No,18,Yes,Yes,Fiber optic,No,No,No,No,No,No,Month-to-month,Yes,Bank transfer (automatic),92.0,1636.3,No
C1610-7986,Female,0,No,No,27,Yes,No,DSL,No,Yes,Yes,No,No,No,One year,No,Electronic check,79.62,2137.64,No
C1611-2293,Female,0,Yes,No,38,Yes,Yes,DSL,Yes,No,No,No,Yes,No,Month-to-month,Yes,Credit card (automatic),91.76,3500.14,No
C1612-7031,Male,0,No,No,27,Yes,Yes,Fiber optic,No,Yes,No,No,Yes,No,Month-to-month,No,Electronic check,100.75,2709.08,Yes
C1613-7237,Female,0,Yes,No,14,Yes,Yes,No,No internet service,No internet service,No internet service,No internet service,No internet service,No internet service,Two year,No,Electronic check,50.12,708.38,No
C1614-1541,Male,0,No,No,26,Yes,No,No,No internet service,No internet service,No internet service,No internet service,No internet service,No internet service,Month-to-month,No,Bank transfer (automatic),35.84,937.69,No
C1615-2556,Female,0,No,No,6,Yes,No,Fiber optic,No,No,No,No,No,Yes,Two year,No,Electronic check,90.11,523.0,No
C1616-8148,Male,0,Yes,No,11,Yes,Yes,Fiber optic,Yes,No,Yes,No,Yes,Yes,Month-to-month,Yes,Mailed check,115.13,1288.62,No
C1617-5565,Male,0,No,No,52,Yes,No,Fiber optic,No,Yes,Yes,Yes,Yes,No,One year,Yes,Electronic check,118.8,6185.5,No
C1618-2092,Female,0,No,No,72,Yes,Yes,No,No internet service,No internet service,No internet service,No internet service,No internet service,No internet service,Month-to-month,Yes,Electronic check,52.88,3807.96,No
C1619-9924,Male,1,Yes,Yes,13,Yes,No,Fiber optic,Yes,No,No,No,Yes,Yes,One year,No,Electronic check,97.35,1265.58,Yes
C1620-3384,Male,1,No,No,21,Yes,No,Fiber optic,No,No,Yes,No,No,Yes,Month-to-month,Yes,Electronic check,93.16,1928.87,Yes
C1621-1036,Female,0,No,No,20,Yes,No,DSL,No,No,No,No,Yes,No,Month-to-month,No,Credit card (automatic),64.3,1257.25,No
C1622-9316,Female,0,Yes,No,31,Yes,Yes,No,No internet service,No internet service,No internet service,No internet service,No internet service,No internet service,Two year,No,Mailed check,49.5,1554.36,No
C1623-1149,Male,0,Yes,Yes,57,Yes,No,Fiber optic,No,No,No,No,No,Yes,Two year,No,Mailed check,98.83,5621.84,No
C1624-5979,Female,0,No,No,28,Yes,No,Fiber optic,Yes,No,No,No,No,No,Month-to-month,Yes,Credit card (automatic),96.14,2680.13,No
C1625-9936,Female,0,Yes,Yes,6,Yes,Yes,DSL,Yes,No,Yes,No,Yes,No,Month-to-month,Yes,Electronic check,82.33,464.38,Yes
C1626-6199,Male,1,Yes,No,14,Yes,No,DSL,No,Yes,Yes,Yes,No,No,Two year,Yes,Bank transfer (automatic),85.07,1203.82,No
C1627-6261,Male,0,No,No,34,Yes,No,Fiber optic,No,Yes,No,No,No,No,Month-to-month,Yes,Bank transfer (automatic),80.84,2750.22,Yes
C1628-4493,Female,0,No,No,18,Yes,No,No,No internet service,No internet service,No internet service,No internet service,No internet service,No internet service,Two year,No,Bank transfer (automatic),39.66,717.93,No
C1629-2142,Female,1,Yes,No,19,No,No phone service,Fiber optic,Yes,Yes,No,No,Yes,Yes,Month-to-month,No,Bank transfer (automatic),102.45,1952.67,No
C1630-6153,Female,0,Yes,Yes,19,Yes,No,Fiber optic,No,No,Yes,Yes,No,Yes,Month-to-month,No,Credit card (automatic),91.39,1743.68,No
C1631-9074,Male,0,No,No,24,Yes,No,DSL,No,No,No,No,Yes,No,Month-to-month,No,Bank transfer (automatic),58.94,1412.92,Yes
C1632-1819,Female,0,No,No,10,Yes,No,DSL,No,No,No,Yes,No,Yes,Month-to-month,No,Electronic check,72.92,726.67,Yes
C1633-8922,Male,0,No,No,51,No,No phone service,Fiber optic,No,Yes,No,No,Yes,Yes,One year,Yes,Bank transfer (automatic),83.88,4271.53,No
C1634-4735,Male,0,No,No,6,Yes,Yes,No,No internet service,No internet service,No internet service,No internet service,No internet service,No internet service,Month-to-month,Yes,Credit card (automatic),45.87,248.44,No
C1635-5825,Male,0,Yes,Yes,34,No,No phone service,Fiber optic,No,Yes,No,No,No,No,Two year,Yes,Credit card (automatic),87.76,2960.67,No
C1636-2488,Male,0,No,No,15,Yes,Yes,DSL,No,No,No,No,Yes,No,Month-to-month,No,Mailed check,80.74,1241.21,No
C1637-6595,Male,0,No,No,26,No,No phone service,Fiber optic,No,No,No,Yes,Yes,Yes,One year,No,Electronic check,80.52,2120.46,Yes
C1638-2640,Female,0,No,No,68,Yes,Yes,Fiber optic,No,No,No,Yes,Yes,No,One year,Yes,Electronic check,84.97,5738.58,No
C1639-3458,Female,0,Yes,Yes,67,Yes,Yes,Fiber optic,No,Yes,Yes,No,No,No,Month-to-month,Yes,Mailed check,119.23,7995.79,Yes
C1640-7493,Female,1,Yes,No,56,Yes,Yes,Fiber optic,No,Yes,No,No,Yes,No,Two year,No,Bank transfer (automatic),106.99,5970.96,No
C1641-1454,Male,0,No,No,72,Yes,No,No,No internet service,No internet service,No internet service,No internet service,No internet service,No internet service,Month-to-month,No,Mailed check,45.39,3307.16,No
C1642-5024,Male,0,No,No,72,Yes,No,Fiber optic,No,No,No,Yes,Yes,Yes,One year,No,Electronic check,110.0,7901.33,No
C1643-6350,Female,0,No,No,51,Yes,Yes,DSL,No,Yes,No,Yes,Yes,Yes,Month-to-month,Yes,Credit card (automatic),98.93,5053.95,No
C1644-2188,Female,0,Yes,Yes,38,Yes,No,DSL,Yes,No,No,No,No,Yes,Month-to-month,Yes,Bank transfer (automatic),74.09,2815.88,No
C1645-3652,Male,0,No,No,10,Yes,No,Fiber optic,No,No,No,Yes,No,Yes,Month-to-month,No,Bank transfer (automatic),105.49,1065.16,Yes
C1646-4091,Male,0,Yes,Yes,43,Yes,Yes,No,No internet service,No internet service,No internet service,No internet service,No internet service,No internet service,Month-to-month,No,Credit card (automatic),53.22,2306.54,No
C1647-6971,Female,0,No,No,28,Yes,Yes,Fiber optic,No,No,Yes,No,Yes,Yes,Two year,Yes,Credit card (automatic),124.72,3474.52,No
C1648-9789,Male,0,No,No,72,Yes,Yes,No,No internet service,No internet service,No internet service,No internet service,No internet service,No internet service,Two year,Yes,Bank transfer (automatic),49.56,3593.92,No
C1649-8525,Male,0,No,No,48,Yes,Yes,DSL,No,No,Yes,No,Yes,Yes,Two year,No,Electronic check,93.5,4476.18,No
C1650-2707,Male,0,Yes,No,8,Yes,Yes,DSL,No,No,No,No,No,No,One year,Yes,Credit card (automatic),79.28,604.82,Yes
C1651-1163,Female,0,No,No,33,Yes,Yes,DSL,Yes,Yes,No,No,Yes,Yes,One year,Yes,Mailed check,94.95,3125.24,No
C1652-1467,Male,0,Yes,Yes,52,Yes,No,Fiber optic,No,Yes,Yes,No,Yes,No,Two year,No,Credit card (automatic),116.48,6054.35,No
C1653-6360,Male,0,No,Yes,27,No,No phone service,Fiber optic,No,No,No,No,No,No,Month-to-month,No,Credit card (automatic),59.42,1624.51,No
C1654-2406,Male,0,No,No,72,No,No phone service,No,No internet service,No internet service,No internet service,No internet service,No internet service,No internet service,Two year,No,Electronic check,23.91,1732.18,No
C1655-3081,Female,0,No,No,46,Yes,Yes,Fiber optic,No,No,No,Yes,Yes,No,Month-to-month,Yes,Electronic check,117.26,5403.03,No
C1656-8625,Male,0,No,No,10,Yes,Yes,Fiber optic,No,Yes,Yes,No,Yes,Yes,One year,No,Bank transfer (automatic),125.39,1241.8,Yes
C1657-8864,Male,0,No,No,10,Yes,Yes,Fiber optic,No,Yes,No,Yes,Yes,No,Month-to-month,No,Mailed check,118.89,1208.65,Yes
C1658-8550,Female,0,Yes,Yes,12,Yes,Yes,Fiber optic,No,No,No,No,Yes,Yes,Month-to-month,Yes,Credit card (automatic),111.8,1349.23,No
C1659-3282,Male,0,Yes,No,16,No,No phone service,DSL,No,No,No,No,No,Yes,Month-to-month,Yes,Mailed check,49.41,799.49,No
C1660-6576,Female,0,No,No,26,Yes,Yes,Fiber optic,No,No,No,No,Yes,No,Two year,Yes,Mailed check,97.83,2566.37,No
C1661-6496,Male,0,No,No,35,Yes,No,Fiber optic,No,Yes,No,No,Yes,Yes,One year,No,Bank transfer (automatic),111.93,3909.25,No
C1662-2667,Male,0,No,No,68,Yes,No,Fiber optic,No,Yes,Yes,No,No,Yes,Month-to-month,Yes,Bank transfer (automatic),108.85,7431.91,No
C1663-5981,Male,0,Yes,Yes,51,Yes,Yes,No,No internet service,No internet service,No internet service,No internet service,No internet service,No internet service,Two year,No,Electronic check,47.9,2454.14,No
C1664-5726,Female,0,Yes,Yes,19,Yes,Yes,Fiber optic,No,No,No,No,Yes,No,Two year,No,Bank transfer (automatic),107.67,2061.55,No
C1665-4565,Female,0,No,No,19,Yes,Yes,No,No internet service,No internet service,No internet service,No internet service,No internet service,No internet service,One year,Yes,Bank transfer (automatic),53.57,1022.83,No
C1666-7764,Male,0,No,No,49,Yes,Yes,No,No internet service,No internet service,No internet service,No internet service,No internet service,No internet service,Month-to-month,Yes,Electronic check,43.38,2120.16,Yes
C1667-7097,Female,0,No,No,16,Yes,Yes,Fiber optic,No,Yes,Yes,No,No,Yes,Month-to-month,Yes,Electronic check,111.24,1818.25,No
C1668-5793,Male,0,Yes,No,40,No,No phone service,DSL,No,No,No,Yes,No,No,Two year,No,Mailed check,51.61,2063.89,No
C1669-7531,Male,0,Yes,Yes,5,Yes,No,Fiber optic,No,No,No,No,No,Yes,Month-to-month,Yes,Electronic check,93.46,455.89,Yes
C1670-7867,Male,0,Yes,Yes,36,Yes,No,Fiber optic,No,Yes,No,No,Yes,Yes,Month-to-month,Yes,Electronic check,96.88,3471.43,Yes
C1671-6101,Male,0,Yes,Yes,32,Yes,No,DSL,No,No,Yes,No,Yes,No,Month-to-month,Yes,Electronic check,76.22,2470.97,No
C1672-3408,Female,0,No,No,16,Yes,No,No,No internet service,No internet service,No internet service,No internet service,No internet service,No internet service,One year,No,Electronic check,32.19,527.32,No
C1673-7825,Male,0,Yes,Yes,7,Yes,No,DSL,No,Yes,No,No,No,Yes,Month-to-month,Yes,Electronic check,76.38,514.2,Yes
C1674-7457,Female,0,Yes,No,6,Yes,Yes,Fiber optic,Yes,Yes,Yes,Yes,Yes,Yes,Two year,No,Mailed check,140.27,838.51,No
C1675-9849,Male,0,No,No,30,Yes,Yes,DSL,Yes,No,No,No,No,No,Two year,No,Credit card (automatic),62.48,1873.2,No
C1676-2347,Male,0,Yes,Yes,34,Yes,No,Fiber optic,Yes,Yes,Yes,No,Yes,Yes,Two year,No,Bank transfer (automatic),124.44,4218.59,No
C1677-4773,Male,0,No,No,3,Yes,No,Fiber optic,No,Yes,No,No,Yes,Yes,Month-to-month,Yes,Bank transfer (automatic),115.22,357.96,Yes
C1678-9317,Female,0,Yes,No,3,Yes,No,Fiber optic,Yes,Yes,Yes,No,No,No,Month-to-month,No,Bank transfer (automatic),112.33,334.92,Yes
C1679-5630,Male,0,Yes,Yes,9,No,No phone service,DSL,No,Yes,Yes,No,No,Yes,One year,No,Bank transfer (automatic),59.71,538.12,No
C1680-9482,Male,0,Yes,No,10,No,No phone service,Fiber optic,No,No,Yes,No,Yes,No,Two year,No,Electronic check,96.6,947.89,No
C1681-1112,Male,0,No,No,13,No,No phone service,Fiber optic,No,Yes,No,Yes,Yes,No,Month-to-month,Yes,Mailed check,80.48,1036.83,No
C1682-1316,Male,1,Yes,No,30,Yes,Yes,DSL,Yes,No,No,No,No,Yes,Month-to-month,Yes,Credit card (automatic),88.5,2638.15,No
C1683-8163,Male,1,No,No,56,No,No phone service,DSL,No,No,No,Yes,Yes,No,One year,No,Credit card (automatic),73.16,4142.53,No
C1684-4225,Male,0,No,No,57,Yes,No,No,No internet service,No internet service,No internet service,No internet service,No internet service,No internet service,One year,Yes,Bank transfer (automatic),34.24,1907.21,No
C1685-5681,Male,0,Yes,No,43,Yes,No,DSL,No,Yes,Yes,Yes,Yes,No,Month-to-month,No,Bank transfer (automatic),91.16,3908.98,No
C1686-4851,Male,0,No,No,55,No,No phone service,DSL,No,No,Yes,No,No,Yes,Month-to-month,Yes,Electronic check,60.0,3300.01,Yes
C1687-4671,Male,0,Yes,Yes,10,Yes,No,DSL,Yes,Yes,No,No,No,No,Month-to-month,Yes,Credit card (automatic),83.58,827.33,No
C1688-9454,Female,0,Yes,Yes,42,Yes,No,Fiber optic,Yes,No,Yes,Yes,No,No,Month-to-month,Yes,Credit card (automatic),129.51,5443.99,No
C1689-1846,Female,0,No,No,47,Yes,Yes,Fiber optic,Yes,Yes,No,No,No,No,Month-to-month,No,Credit card (automatic),112.36,5266.66,No
C1690-7949,Female,0,Yes,No,4,Yes,Yes,DSL,No,No,Yes,Yes,No,No,Month-to-month,Yes,Electronic check,87.06,353.86,No
C1691-9006,Male,0,No,No,69,Yes,No,DSL,Yes,No,Yes,Yes,No,No,Month-to-month,Yes,Bank transfer (automatic),89.49,6196.24,Yes
C1692-6916,Male,0,No,No,48,Yes,Yes,DSL,No,No,No,Yes,No,No,Month-to-month,Yes,Mailed check,65.31,3101.08,No
C1693-4554,Female,0,Yes,Yes,14,Yes,No,Fiber optic,Yes,Yes,No,No,Yes,Yes,Month-to-month,No,Mailed check,125.51,1748.22,No
C1694-2439,Female,0,Yes,No,3,Yes,Yes,No,No internet service,No internet service,No internet service,No internet service,No internet service,No internet service,Month-to-month,Yes,Electronic check,63.96,184.23,Yes
C1695-7142,Male,0,No,Yes,30,Yes,Yes,No,No internet service,No internet service,No internet service,No internet service,No internet service,No internet service,One year,Yes,Bank transfer (automatic),64.71,1967.61,No
C1696-5218,Female,0,No,No,19,Yes,Yes,Fiber optic,No,No,No,No,No,No,One year,Yes,Credit card (automatic),99.03,1886.59,Yes
C1697-2344,Female,0,Yes,No,7,Yes,No,Fiber optic,No,Yes,No,Yes,Yes,Yes,One year,Yes,Electronic check,108.88,747.46,Yes
C1698-4236,Female,0,No,No,26,Yes,No,DSL,Yes,No,No,No,No,No,Month-to-month,Yes,Mailed check,67.71,1762.44,No
C1699-9652,Male,0,Yes,Yes,16,Yes,Yes,Fiber optic,No,Yes,No,No,No,Yes,Month-to-month,Yes,Electronic check,109.55,1728.0,No
C1700-3388,Female,0,No,No,49,Yes,Yes,No,No internet service,No internet service,No internet service,No internet service,No internet service,No internet service,One year,Yes,Credit card (automatic),43.58,2161.96,No
C1701-2605,Female,0,Yes,No,2,Yes,Yes,No,No internet service,No internet service,No internet service,No internet service,No internet service,No internet service,Month-to-month,Yes,Bank transfer (automatic),41.62,90.14,Yes
C1702-7137,Male,0,No,No,53,Yes,No,No,No internet service,No internet service,No internet service,No internet service,No internet service,No internet service,Month-to-month,No,Mailed check,32.66,1729.54,Yes
C1703-2795,Female,0,No,No,24,Yes,Yes,Fiber optic,No,No,Yes,No,No,No,One year,Yes,Mailed check,96.78,2328.17,No
C1704-9278,Female,1,No,No,43,Yes,Yes,DSL,No,No,Yes,Yes,Yes,No,Month-to-month,No,Mailed check,83.29,3576.92,No
C1705-8729,Male,0,No,No,72,No,No phone service,No,No internet service,No internet service,No internet service,No internet service,No internet service,No internet service,Month-to-month,Yes,Credit card (automatic),21.03,1497.0,No
C1706-9850,Male,0,No,No,35,Yes,Yes,DSL,No,Yes,Yes,No,No,Yes,Month-to-month,Yes,Electronic check,103.83,3625.74,No
C1707-9212,Female,0,Yes,No,52,Yes,Yes,DSL,No,No,Yes,Yes,Yes,Yes,Month-to-month,No,Mailed check,104.79,5467.5,No
C1708-3193,Female,0,Yes,Yes,5,Yes,No,No,No internet service,No internet service,No internet service,No internet service,No internet service,No internet service,Two year,Yes,Bank transfer (automatic),51.17,256.31,No
C1709-2909,Female,0,No,Yes,6,Yes,No,Fiber optic,Yes,No,No,Yes,Yes,No,One year,No,Electronic check,117.28,709.68,No
C1710-4083,Male,0,Yes,No,19,Yes,Yes,DSL,Yes,No,No,Yes,Yes,Yes,Month-to-month,Yes,Credit card (automatic),108.21,2075.21,No
C1711-5227,Male,0,No,No,14,Yes,Yes,Fiber optic,No,No,Yes,No,No,Yes,Month-to-month,Yes,Electronic check,100.3,1418.43,Yes
C1712-8919,Female,0,Yes,No,37,Yes,Yes,Fiber optic,Yes,Yes,No,No,No,No,Month-to-month,Yes,Electronic check,102.79,3794.26,No
C1713-7600,Male,0,No,No,37,Yes,Yes,DSL,No,Yes,Yes,No,Yes,No,One year,No,Mailed check,90.44,3360.02,No
C1714-6799,Male,0,No,Yes,62,Yes,Yes,Fiber optic,No,Yes,No,No,Yes,No,One year,Yes,Electronic check,107.83,6688.32,No
C1715-8904,Female,0,No,No,24,Yes,Yes,DSL,Yes,No,No,No,Yes,Yes,Month-to-month,No,Electronic check,85.03,2025.88,Yes
C1716-6812,Female,0,Yes,No,5,Yes,Yes,Fiber optic,Yes,Yes,Yes,No,Yes,Yes,Two year,No,Electronic check,142.43,724.2,No
C1717-4411,Male,0,No,No,62,Yes,Yes,DSL,No,Yes,No,No,Yes,No,Two year,Yes,Credit card (automatic),98.66,6133.09,No
C1718-4716,Male,0,No,No,60,Yes,Yes,Fiber optic,No,Yes,No,No,No,No,One year,No,Credit card (automatic),96.25,5747.78,No
C1719-5652,Male,0,No,No,19,Yes,No,DSL,No,No,Yes,Yes,Yes,Yes,Two year,Yes,Bank transfer (automatic),90.81,1708.15,No
C1720-1798,Female,0,No,No,61,Yes,No,Fiber optic,No,Yes,No,No,No,No,Month-to-month,No,Bank transfer (automatic),87.75,5337.42,No
C1721-7674,Female,0,Yes,Yes,20,Yes,Yes,No,No internet service,No internet service,No internet service,No internet service,No internet service,No internet service,Month-to-month,No,Electronic check,39.52,824.33,No
C1722-6874,Female,0,Yes,Yes,8,Yes,No,DSL,No,Yes,No,No,Yes,Yes,Month-to-month,No,Mailed check,94.97,746.77,No
C1723-7579,Female,0,Yes,Yes,51,Yes,Yes,Fiber optic,No,Yes,No,Yes,Yes,Yes,Month-to-month,No,Credit card (automatic),116.68,5919.67,Yes
C1724-5804,Female,1,No,No,14,Yes,Yes,DSL,No,No,No,No,No,No,Month-to-month,Yes,Credit card (automatic),74.71,1025.2,Yes
C1725-8045,Female,0,No,No,56,Yes,No,Fiber optic,No,Yes,No,No,No,Yes,Two year,Yes,Bank transfer (automatic),79.02,4438.49,No
C1726-9546,Male,0,Yes,Yes,8,Yes,Yes,Fiber optic,No,Yes,Yes,Yes,Yes,No,Two year,Yes,Mailed check,137.87,1091.82,No
C1727-6128,Male,0,No,No,72,Yes,No,No,No internet service,No internet service,No internet service,No internet service,No internet service,No internet service,Month-to-month,Yes,Bank transfer (automatic),38.66,2769.07,No
C1728-4999,Male,1,Yes,No,19,Yes,Yes,No,No internet service,No internet service,No internet service,No internet service,No internet service,No internet service,One year,Yes,Bank transfer (automatic),52.95,977.12,No
C1729-1941,Male,0,No,No,17,Yes,Yes,No,No internet service,No internet service,No internet service,No internet service,No internet service,No internet service,Month-to-month,No,Credit card (automatic),48.39,837.6,No
C1730-8007,Female,0,No,No,48,Yes,No,DSL,No,No,No,No,No,Yes,Month-to-month,No,Bank transfer (automatic),74.57,3594.23,No
C1731-9134,Male,0,Yes,No,35,Yes,No,Fiber optic,No,Yes,Yes,No,No,No,Month-to-month,No,Bank transfer (automatic),95.63,3350.86,No
C1732-7294,Female,0,Yes,No,19,Yes,No,No,No internet service,No internet service,No internet service,No internet service,No internet service,No internet service,One year,Yes,Credit card (automatic),29.34,541.57,No
C1733-8789,Male,0,No,Yes,16,No,No phone service,No,No internet service,No internet service,No internet service,No internet service,No internet service,No internet service,One year,Yes,Mailed check,18.25,282.11,No
C1734-8749,Male,0,No,No,72,Yes,No,Fiber optic,Yes,Yes,No,No,No,Yes,One year,No,Mailed check,123.63,8891.2,No
C1735-8182,Female,1,Yes,Yes,23,Yes,Yes,DSL,No,No,No,No,No,No,Two year,Yes,Credit card (automatic),83.75,1921.83,No
C1736-5525,Male,0,No,Yes,24,Yes,No,Fiber optic,Yes,Yes,No,No,Yes,Yes,Month-to-month,No,Credit card (automatic),126.18,3015.04,Yes
C1737-1898,Male,0,No,No,8,Yes,Yes,Fiber optic,No,Yes,No,No,Yes,Yes,Month-to-month,No,Electronic check,114.36,897.43,Yes
C1738-1029,Female,0,Yes,No,70,Yes,No,Fiber optic,Yes,No,No,Yes,No,Yes,Month-to-month,No,Bank transfer (automatic),114.85,8039.03,Yes
C1739-2839,Female,1,No,No,10,Yes,No,DSL,No,No,Yes,No,Yes,Yes,Two year,No,Credit card (automatic),80.59,830.35,No
C1740-4878,Male,0,Yes,No,9,No,No phone service,DSL,No,Yes,Yes,No,No,Yes,Month-to-month,No,Bank transfer (automatic),75.66,661.45,No
C1741-7691,Female,0,No,No,53,Yes,Yes,No,No internet service,No internet service,No internet service,No internet service,No internet service,No internet service,Month-to-month,Yes,Mailed check,45.07,2392.08,No
C1742-5101,Male,0,No,No,29,Yes,No,Fiber optic,Yes,No,Yes,No,No,Yes,Two year,Yes,Mailed check,105.64,3082.96,No
C1743-1208,Female,0,Yes,No,17,Yes,Yes,No,No internet service,No internet service,No internet service,No internet service,No internet service,No internet service,Month-to-month,No,Bank transfer (automatic),38.79,661.92,No
C1744-2892,Male,0,No,No,21,Yes,Yes,No,No internet service,No internet service,No internet service,No internet service,No internet service,No internet service,Month-to-month,Yes,Credit card (automatic),44.65,939.86,No
C1745-9812,Female,0,Yes,Yes,11,Yes,No,No,No internet service,No internet service,No internet service,No internet service,No internet service,No internet service,Month-to-month,No,Mailed check,29.48,310.5,Yes
C1746-9891,Female,0,No,No,14,Yes,No,Fiber optic,No,No,No,No,Yes,Yes,Month-to-month,Yes,Electronic check,89.64,1268.66,No
C1747-4393,Male,1,No,No,3,Yes,No,Fiber optic,Yes,No,No,No,Yes,No,Month-to-month,No,Electronic check,98.37,313.19,Yes
C1748-8244,Female,1,Yes,Yes,48,No,No phone service,Fiber optic,No,No,Yes,No,Yes,Yes,Two year,No,Electronic check,91.8,4429.19,No
C1749-7473,Male,0,No,No,19,Yes,No,DSL,No,Yes,No,No,Yes,No,Month-to-month,No,Mailed check,76.27,1459.39,No
C1750-9380,Female,0,Yes,Yes,56,Yes,No,Fiber optic,Yes,No,No,Yes,Yes,No,One year,Yes,Bank transfer (automatic),101.92,5701.01,No
C1751-8987,Female,0,No,No,72,Yes,No,Fiber optic,Yes,Yes,No,No,Yes,No,Month-to-month,No,Bank transfer (automatic),133.89,9639.12,No
C1752-6658,Male,0,No,No,8,No,No phone service,DSL,Yes,Yes,No,No,No,No,Two year,No,Mailed check,55.56,428.65,No
C1753-4551,Female,0,No,No,41,No,No phone service,Fiber optic,Yes,Yes,No,No,Yes,Yes,Month-to-month,Yes,Electronic check,106.23,4358.09,Yes
C1754-6639,Female,0,No,Yes,9,Yes,No,Fiber optic,Yes,Yes,Yes,No,No,Yes,Month-to-month,No,Bank transfer (automatic),99.97,905.02,No
C1755-3871,Male,0,No,No,12,Yes,No,No,No internet service,No internet service,No internet service,No internet service,No internet service,No internet service,Month-to-month,No,Credit card (automatic),18.25,226.72,Yes
C1756-4132,Male,0,Yes,No,23,Yes,Yes,No,No internet service,No internet service,No internet service,No internet service,No internet service,No internet service,Two year,Yes,Mailed check,57.72,1350.2,No
C1757-6478,Male,0,Yes,Yes,72,Yes,Yes,Fiber optic,No,Yes,Yes,Yes,No,No,Month-to-month,Yes,Electronic check,119.2,8583.34,No
C1758-6142,Male,0,No,No,18,Yes,No,No,No internet service,No internet service,No internet service,No internet service,No internet service,No internet service,Month-to-month,Yes,Mailed check,45.25,802.14,No
C1759-6228,Male,0,Yes,No,22,Yes,Yes,DSL,No,No,Yes,No,Yes,Yes,Month-to-month,Yes,Credit card (automatic),98.68,2168.07,No
C1760-4461,Male,0,Yes,Yes,29,Yes,No,Fiber optic,No,Yes,No,Yes,Yes,Yes,Two year,Yes,Electronic check,103.39,3003.73,No
C1761-4681,Male,0,Yes,No,22,No,No phone service,DSL,Yes,Yes,No,No,Yes,No,Month-to-month,No,Electronic check,68.09,1511.0,Yes
C1762-1091,Female,0,No,Yes,8,Yes,Yes,Fiber optic,No,Yes,No,No,No,Yes,Two year,Yes,Electronic check,118.75,943.44,Yes
C1763-6415,Male,0,No,No,60,Yes,No,Fiber optic,No,Yes,Yes,Yes,No,No,Month-to-month,Yes,Credit card (automatic),94.99,5692.47,Yes
C1764-6181,Female,0,Yes,No,16,Yes,No,No,No internet service,No internet service,No internet service,No internet service,No internet service,No internet service,Month-to-month,No,Mailed check,34.64,564.89,No
C1765-9417,Male,1,Yes,Yes,5,Yes,Yes,Fiber optic,No,No,No,No,Yes,Yes,Month-to-month,No,Electronic check,114.84,560.79,Yes
C1766-5538,Female,1,No,No,31,No,No phone service,Fiber optic,No,No,No,No,No,Yes,Month-to-month,Yes,Mailed check,66.39,2065.79,No
C1767-5208,Male,0,Yes,Yes,62,Yes,Yes,DSL,No,No,No,Yes,Yes,Yes,Month-to-month,Yes,Mailed check,102.11,6345.94,Yes
C1768-1609,Male,1,No,Yes,11,Yes,No,Fiber optic,No,No,No,No,No,No,Month-to-month,No,Mailed check,81.22,893.7,Yes
C1769-2770,Male,0,No,No,19,Yes,Yes,DSL,No,Yes,Yes,Yes,Yes,Yes,Month-to-month,No,Mailed check,90.85,1737.41,No
C1770-4041,Male,1,No,No,23,Yes,No,Fiber optic,No,No,No,No,Yes,No,Month-to-month,Yes,Credit card (automatic),98.04,2237.03,No
C1771-4394,Female,1,Yes,Yes,15,Yes,No,DSL,Yes,No,No,Yes,No,No,One year,No,Electronic check,87.48,1307.99,No
C1772-4263,Female,0,No,No,24,Yes,No,DSL,No,No,No,No,Yes,No,Month-to-month,No,Mailed check,83.31,1984.27,No
C1773-4546,Female,1,No,No,72,Yes,No,Fiber optic,No,Yes,No,No,No,No,Month-to-month,Yes,Mailed check,109.19,7870.66,Yes
C1774-7919,Male,0,Yes,No,25,Yes,No,Fiber optic,No,Yes,No,Yes,Yes,Yes,Two year,No,Mailed check,103.45,2544.04,Yes
C1775-2179,Male,0,No,Yes,37,Yes,No,No,No internet service,No internet service,No internet service,No internet service,No internet service,No internet service,One year,No,Mailed check,37.9,1415.91,No
C1776-3990,Female,1,Yes,No,17,Yes,No,No,No internet service,No internet service,No internet service,No internet service,No internet service,No internet service,One year,No,Mailed check,47.35,793.69,No
C1777-2465,Female,0,No,No,31,Yes,No,Fiber optic,No,No,Yes,No,No,Yes,Month-to-month,No,Bank transfer (automatic),107.33,3313.92,Yes
C1778-3769,Female,0,No,No,34,Yes,Yes,Fiber optic,Yes,No,No,No,No,No,One year,Yes,Bank transfer (automatic),100.38,3434.09,No
C1779-7160,Male,0,Yes,Yes,46,No,No phone service,DSL,No,No,No,No,No,Yes,Month-to-month,Yes,Bank transfer (automatic),65.09,2991.51,No
C1780-1420,Female,0,Yes,Yes,15,Yes,No,Fiber optic,No,No,No,No,No,Yes,Month-to-month,No,Mailed check,100.34,1497.22,No
C1781-4054,Male,1,Yes,No,20,Yes,No,No,No internet service,No internet service,No internet service,No internet service,No internet service,No internet service,Month-to-month,Yes,Electronic check,47.85,962.03,No
C1782-1213,Male,1,Yes,Yes,50,Yes,No,No,No internet service,No internet service,No internet service,No internet service,No internet service,No internet service,Two year,Yes,Credit card (automatic),27.7,1387.89,No
C1783-9593,Female,0,No,No,17,Yes,Yes,Fiber optic,No,No,Yes,No,Yes,Yes,Month-to-month,Yes,Credit card (automatic),113.93,1934.5,Yes
C1784-7544,Female,1,Yes,No,8,Yes,Yes,No,No internet service,No internet service,No internet service,No internet service,No internet service,No internet service,Month-to-month,Yes,Mailed check,40.38,341.03,Yes
C1785-3192,Male,0,No,No,15,No,No phone service,Fiber optic,No,Yes,No,No,Yes,Yes,Month-to-month,Yes,Bank transfer (automatic),88.53,1289.6,No
C1786-2783,Female,1,Yes,Yes,48,Yes,No,DSL,No,No,Yes,No,No,No,Month-to-month,No,Bank transfer (automatic),69.25,3305.96,Yes
C1787-1890,Male,0,No,No,54,Yes,No,Fiber optic,No,No,No,No,Yes,No,Month-to-month,Yes,Electronic check,105.54,5681.59,Yes
C1788-5255,Male,0,No,No,42,Yes,No,Fiber optic,Yes,No,No,Yes,No,Yes,Month-to-month,Yes,Mailed check,103.43,4371.18,Yes
C1789-7780,Male,0,No,No,61,Yes,No,DSL,Yes,Yes,Yes,No,Yes,Yes,Two year,Yes,Credit card (automatic),98.09,6006.72,No
C1790-6257,Male,0,No,No,72,Yes,No,Fiber optic,No,No,Yes,Yes,No,No,Month-to-month,No,Electronic check,108.3,7799.96,Yes
C1791-8928,Male,0,No,Yes,44,Yes,Yes,No,No internet service,No internet service,No internet service,No internet service,No internet service,No internet service,One year,Yes,Mailed check,35.85,1576.49,No
C1792-4094,Female,0,No,No,22,No,No phone service,Fiber optic,No,Yes,Yes,No,No,No,Month-to-month,Yes,Electronic check,80.81,1771.97,No
C1793-3502,Female,0,No,No,5,Yes,Yes,DSL,Yes,Yes,No,Yes,Yes,Yes,Month-to-month,Yes,Bank transfer (automatic),109.52,565.2,No
C1794-5301,Female,0,Yes,No,7,Yes,No,DSL,No,Yes,No,Yes,No,No,Month-to-month,Yes,Mailed check,75.54,508.45,No
C1795-2818,Male,0,Yes,No,11,Yes,Yes,DSL,No,No,No,Yes,No,Yes,Month-to-month,Yes,Electronic check,83.1,929.24,Yes
C1796-9779,Male,0,Yes,Yes,56,Yes,Yes,DSL,No,No,No,No,Yes,No,Month-to-month,Yes,Mailed check,82.38,4641.25,No
C1797-2671,Female,0,No,No,12,Yes,Yes,DSL,No,No,No,No,No,Yes,Month-to-month,Yes,Bank transfer (automatic),73.0,879.57,Yes
C1798-5309,Female,0,No,No,12,Yes,No,Fiber optic,No,Yes,Yes,No,No,No,Month-to-month,No,Electronic check,103.99,1252.91,No
C1799-5697,Male,0,No,No,13,Yes,No,Fiber optic,No,No,Yes,No,Yes,Yes,One year,Yes,Electronic check,105.23,1370.65,No
C1800-1513,Female,0,No,No,24,Yes,No,Fiber optic,No,Yes,No,No,No,Yes,Two year,Yes,Electronic check,103.97,2488.22,No
C1801-5215,Male,0,Yes,Yes,31,Yes,Yes,Fiber optic,No,Yes,No,No,Yes,Yes,Month-to-month,Yes,Bank transfer (automatic),122.59,3772.52,No
C1802-5091,Male,0,No,Yes,31,Yes,No,DSL,Yes,No,No,No,Yes,No,Month-to-month,Yes,Electronic check,82.58,2562.51,No
C1803-3334,Female,0,Yes,No,14,No,No phone service,No,No internet service,No internet service,No internet service,No internet service,No internet service,No internet service,Month-to-month,Yes,Bank transfer (automatic),18.25,244.69,No
C1804-2151,Female,0,Yes,No,53,Yes,Yes,No,No internet service,No internet service,No internet service,No internet service,No internet service,No internet service,One year,Yes,Mailed check,65.1,3435.3,No
C1805-1406,Female,0,No,No,22,Yes,Yes,DSL,Yes,Yes,No,No,Yes,No,Month-to-month,Yes,Mailed check,98.44,2162.17,No
C1806-1077,Male,1,Yes,Yes,48,Yes,No,DSL,No,No,No,No,No,Yes,Month-to-month,Yes,Bank transfer (automatic),64.49,3107.74,No
C1807-5332,Female,0,No,Yes,25,Yes,No,No,No internet service,No internet service,No internet service,No internet service,No internet service,No internet service,One year,Yes,Mailed check,44.05,1108.44,No
C1808-1808,Female,0,No,No,13,Yes,No,Fiber optic,Yes,Yes,Yes,No,Yes,No,One year,Yes,Electronic check,113.16,1477.24,Yes
C1809-9633,Male,0,No,No,17,Yes,No,No,No internet service,No internet service,No internet service,No internet service,No internet service,No internet service,Month-to-month,No,Credit card (automatic),42.76,738.16,Yes
C1810-3202,Female,0,Yes,Yes,11,Yes,Yes,DSL,No,No,Yes,No,No,No,One year,Yes,Electronic check,82.87,918.3,No
C1811-6872,Male,0,Yes,Yes,5,Yes,No,No,No internet service,No internet service,No internet service,No internet service,No internet service,No internet service,Month-to-month,No,Mailed check,39.62,213.15,No
C1812-7060,Female,0,Yes,Yes,28,Yes,Yes,Fiber optic,No,Yes,No,Yes,Yes,No,Month-to-month,Yes,Credit card (automatic),120.71,3398.27,Yes
C1813-5459,Female,1,No,No,9,Yes,No,Fiber optic,No,No,Yes,No,Yes,No,One year,No,Electronic check,92.16,844.57,Yes
C1814-8951,Female,1,Yes,No,6,Yes,No,DSL,No,No,Yes,No,No,Yes,One year,Yes,Credit card (automatic),73.26,427.59,No
C1815-1996,Female,0,Yes,No,46,Yes,No,Fiber optic,No,Yes,No,No,Yes,No,Month-to-month,No,Electronic check,97.06,4478.74,No
C1816-3106,Female,0,No,No,64,Yes,No,Fiber optic,No,Yes,No,No,Yes,No,Month-to-month,No,Bank transfer (automatic),98.25,6280.4,No
C1817-3271,Male,0,No,No,12,Yes,Yes,DSL,No,No,Yes,No,Yes,Yes,Month-to-month,No,Credit card (automatic),105.97,1255.28,No
C1818-2218,Female,0,No,No,72,Yes,Yes,No,No internet service,No internet service,No internet service,No internet service,No internet service,No internet service,Two year,Yes,Electronic check,50.04,3592.08,No
C1819-3652,Male,1,Yes,No,45,Yes,No,DSL,No,Yes,Yes,No,Yes,No,Month-to-month,Yes,Bank transfer (automatic),88.55,3969.44,Yes
C1820-3813,Male,0,No,No,28,Yes,Yes,DSL,No,No,No,No,Yes,Yes,Two year,Yes,Mailed check,86.55,2437.97,No
C1821-7882,Male,0,Yes,No,3,No,No phone service,DSL,No,No,No,Yes,No,Yes,One year,Yes,Credit card (automatic),77.48,236.75,No
C1822-3714,Male,0,Yes,No,37,Yes,No,Fiber optic,No,No,No,No,No,Yes,Month-to-month,Yes,Electronic check,89.89,3344.18,No
C1823-8889,Female,0,Yes,No,8,Yes,No,DSL,No,No,Yes,No,No,Yes,Two year,Yes,Mailed check,85.88,705.37,No
C1824-7953,Female,0,No,No,9,Yes,Yes,No,No internet service,No internet service,No internet service,No internet service,No internet service,No internet service,Month-to-month,No,Electronic check,53.14,476.08,No
C1825-9113,Male,0,No,No,40,No,No phone service,Fiber optic,Yes,Yes,No,Yes,No,No,Month-to-month,Yes,Credit card (automatic),95.47,3830.41,No
C1826-1946,Male,0,Yes,No,72,Yes,No,No,No internet service,No internet service,No internet service,No internet service,No internet service,No internet service,Month-to-month,No,Credit card (automatic),35.05,2499.64,Yes
C1827-9860,Female,0,No,No,29,Yes,Yes,DSL,Yes,Yes,No,Yes,No,No,One year,Yes,Electronic check,85.77,2472.62,Yes
C1828-6525,Male,1,No,No,53,Yes,Yes,Fiber optic,Yes,No,No,No,Yes,Yes,Two year,No,Electronic check,120.46,6359.58,No
C1829-9840,Male,0,Yes,Yes,72,Yes,No,No,No internet service,No internet service,No internet service,No internet service,No internet service,No internet service,Month-to-month,Yes,Bank transfer (automatic),38.8,2778.12,Yes
C1830-4193,Male,0,No,No,5,Yes,Yes,No,No internet service,No internet service,No internet service,No internet service,No internet service,No internet service,Month-to-month,Yes,Mailed check,44.23,207.85,No
C1831-9576,Female,0,Yes,No,40,Yes,Yes,Fiber optic,Yes,Yes,No,Yes,Yes,No,Month-to-month,Yes,Mailed check,120.75,4821.03,No
C1832-6296,Female,0,Yes,Yes,66,No,No phone service,No,No internet service,No internet service,No internet service,No internet service,No internet service,No internet service,Month-to-month,No,Electronic check,24.75,1625.67,No
C1833-1646,Female,1,No,No,58,Yes,Yes,DSL,Yes,Yes,No,No,No,Yes,One year,No,Electronic check,92.67,5362.78,Yes
C1834-4690,Female,0,Yes,Yes,62,Yes,Yes,DSL,No,Yes,No,No,No,Yes,One year,No,Mailed check,79.71,4923.48,No
C1835-2240,Female,0,No,No,15,Yes,No,Fiber optic,No,No,No,Yes,Yes,No,Two year,Yes,Electronic check,122.49,1853.82,No
C1836-9470,Female,0,Yes,No,32,Yes,Yes,DSL,No,No,Yes,Yes,No,Yes,Month-to-month,No,Electronic check,105.53,3374.21,Yes
C1837-3739,Female,0,No,No,66,Yes,No,No,No internet service,No internet service,No internet service,No internet service,No internet service,No internet service,Month-to-month,Yes,Electronic check,34.78,2304.7,Yes
C1838-3001,Female,1,No,No,39,Yes,No,DSL,Yes,No,Yes,No,No,Yes,Month-to-month,No,Credit card (automatic),100.42,3903.83,No
C1839-5975,Female,0,No,No,7,No,No phone service,DSL,No,Yes,No,Yes,Yes,No,One year,Yes,Credit card (automatic),54.9,366.47,No
C1840-4826,Female,0,No,No,8,Yes,Yes,Fiber optic,Yes,No,No,Yes,Yes,No,One year,No,Electronic check,107.44,876.95,No
C1841-1872,Female,0,No,Yes,60,Yes,Yes,Fiber optic,No,Yes,No,No,No,No,Month-to-month,No,Electronic check,99.12,5967.03,Yes
C1842-8347,Male,0,Yes,Yes,1,Yes,No,DSL,No,Yes,Yes,Yes,No,No,Month-to-month,No,Electronic check,96.99,101.23,Yes
C1843-8611,Male,0,Yes,No,41,Yes,Yes,No,No internet service,No internet service,No internet service,No internet service,No internet service,No internet service,Month-to-month,Yes,Electronic check,40.78,1670.32,Yes
C1844-7685,Male,0,No,No,48,Yes,No,No,No internet service,No internet service,No internet service,No internet service,No internet service,No internet service,Two year,Yes,Bank transfer (automatic),45.04,2189.11,No
C1845-6550,Male,0,No,Yes,35,Yes,No,Fiber optic,No,No,Yes,Yes,No,Yes,One year,Yes,Mailed check,101.58,3573.88,No
C1846-4622,Female,0,Yes,No,48,Yes,No,DSL,No,Yes,No,No,No,Yes,Two year,Yes,Credit card (automatic),80.56,3862.86,No
C1847-5880,Male,0,No,No,47,Yes,No,DSL,No,No,No,No,No,No,Month-to-month,Yes,Credit card (automatic),66.74,3120.19,No
C1848-5688,Female,0,Yes,Yes,1,Yes,Yes,DSL,No,No,No,Yes,No,Yes,Month-to-month,No,Mailed check,81.85,106.29,Yes
C1849-2487,Male,0,Yes,Yes,3,Yes,Yes,DSL,Yes,Yes,No,No,Yes,No,Month-to-month,Yes,Bank transfer (automatic),98.08,252.54,No
C1850-1736,Female,0,No,No,12,Yes,Yes,Fiber optic,Yes,No,No,No,No,No,Month-to-month,Yes,Electronic check,95.87,1148.76,Yes
C1851-3279,Female,0,No,No,35,No,No phone service,Fiber optic,No,Yes,No,No,Yes,No,Month-to-month,Yes,Credit card (automatic),72.47,2528.69,No
C1852-5088,Female,0,No,Yes,32,Yes,Yes,DSL,Yes,No,No,No,No,No,Month-to-month,Yes,Credit card (automatic),75.72,2411.38,No
C1853-2442,Female,0,Yes,No,9,Yes,Yes,No,No internet service,No internet service,No internet service,No internet service,No internet service,No internet service,Month-to-month,Yes,Mailed check,36.82,317.64,No
C1854-1959,Male,0,Yes,No,69,Yes,Yes,Fiber optic,No,Yes,Yes,No,Yes,Yes,Month-to-month,Yes,Bank transfer (automatic),114.03,7866.13,Yes
C1855-8666,Male,0,No,No,72,Yes,Yes,Fiber optic,Yes,Yes,Yes,Yes,Yes,Yes,Month-to-month,Yes,Credit card (automatic),151.61,10934.06,Yes
C1856-4374,Female,0,Yes,No,47,No,No phone service,Fiber optic,No,No,No,Yes,Yes,No,One year,No,Credit card (automatic),80.39,3764.13,No
C1857-6257,Female,0,No,No,32,No,No phone service,No,No internet service,No internet service,No internet service,No internet service,No internet service,No internet service,One year,Yes,Electronic check,18.25,610.11,No
C1858-5715,Male,1,Yes,Yes,36,Yes,No,Fiber optic,No,No,No,Yes,No,No,Month-to-month,Yes,Bank transfer (automatic),92.86,3337.52,No
C1859-7615,Male,0,Yes,Yes,13,Yes,No,DSL,Yes,No,Yes,Yes,No,Yes,Two year,Yes,Credit card (automatic),89.07,1135.44,No
C1860-7657,Male,0,Yes,Yes,6,Yes,No,Fiber optic,No,No,No,No,Yes,No,Two year,No,Mailed check,74.82,435.2,No
C1861-3663,Male,1,Yes,No,54,Yes,No,Fiber optic,No,Yes,Yes,No,Yes,Yes,One year,No,Bank transfer (automatic),123.77,6674.24,No
C1862-8630,Male,0,Yes,Yes,47,Yes,No,DSL,No,No,Yes,No,Yes,Yes,One year,Yes,Bank transfer (automatic),102.7,4818.18,No
C1863-4340,Male,0,No,No,54,Yes,Yes,No,No internet service,No internet service,No internet service,No internet service,No internet service,No internet service,Month-to-month,No,Electronic check,42.06,2252.53,No
C1864-8516,Male,0,No,Yes,34,Yes,Yes,DSL,Yes,No,No,No,Yes,No,Month-to-month,Yes,Credit card (automatic),88.03,3003.48,No
C1865-4643,Female,0,Yes,No,6,Yes,Yes,Fiber optic,Yes,No,No,No,No,Yes,Month-to-month,No,Mailed check,112.32,684.1,Yes
C1866-1998,Male,0,No,No,5,Yes,Yes,No,No internet service,No internet service,No internet service,No internet service,No internet service,No internet service,Month-to-month,Yes,Bank transfer (automatic),42.49,209.47,No
C1867-7839,Female,0,Yes,Yes,9,Yes,Yes,DSL,No,Yes,Yes,No,Yes,Yes,Month-to-month,Yes,Bank transfer (automatic),96.42,848.39,No
C1868-1271,Female,0,Yes,No,72,Yes,No,Fiber optic,No,No,Yes,No,No,Yes,Two year,No,Credit card (automatic),105.01,7549.65,No
C1869-7950,Male,0,No,No,5,No,No phone service,DSL,No,Yes,Yes,Yes,No,Yes,Two year,Yes,Electronic check,62.35,312.0,Yes
C1870-1388,Female,0,No,Yes,22,Yes,No,No,No internet service,No internet service,No internet service,No internet service,No internet service,No internet service,Month-to-month,Yes,Mailed check,45.01,967.73,No
C1871-2861,Male,0,No,No,15,Yes,Yes,No,No internet service,No internet service,No internet service,No internet service,No internet service,No internet service,One year,Yes,Bank transfer (automatic),42.18,610.53,No
C1872-6429,Male,0,Yes,Yes,6,No,No phone service,No,No internet service,No internet service,No internet service,No internet service,No internet service,No internet service,Two year,Yes,Mailed check,18.25,104.19,No
C1873-9472,Female,0,Yes,Yes,38,Yes,Yes,DSL,Yes,Yes,No,Yes,No,No,One year,No,Electronic check,85.33,3216.14,No
C1874-4675,Female,0,No,No,72,Yes,No,Fiber optic,No,No,Yes,No,No,Yes,Month-to-month,Yes,Credit card (automatic),99.36,7165.2,No
C1875-2085,Male,1,No,No,24,Yes,Yes,Fiber optic,Yes,No,Yes,No,No,No,Two year,Yes,Electronic check,116.98,2809.72,No
C1876-3095,Male,0,No,Yes,4,Yes,No,Fiber optic,No,No,No,No,Yes,Yes,Month-to-month,No,Bank transfer (automatic),112.87,473.92,Yes
C1877-9064,Male,0,No,No,19,Yes,Yes,No,No internet service,No internet service,No internet service,No internet service,No internet service,No internet service,Month-to-month,Yes,Electronic check,52.47,975.52,No
C1878-7539,Female,0,Yes,Yes,14,Yes,No,No,No internet service,No internet service,No internet service,No internet service,No internet service,No internet service,Month-to-month,Yes,Credit card (automatic),41.44,568.23,No
C1879-1903,Male,0,No,No,19,Yes,No,Fiber optic,No,No,Yes,No,Yes,No,One year,No,Mailed check,108.51,2074.63,No
C1880-4463,Female,0,No,No,21,Yes,No,DSL,No,No,Yes,No,No,Yes,Month-to-month,Yes,Electronic check,73.96,1566.06,No
C1881-3380,Female,0,Yes,Yes,72,No,No phone service,DSL,No,Yes,Yes,No,No,Yes,Two year,No,Bank transfer (automatic),70.63,5058.12,No
C1882-2600,Female,0,Yes,Yes,36,Yes,No,DSL,No,No,Yes,No,No,No,One year,Yes,Mailed check,81.14,2946.79,No
C1883-8617,Female,0,No,No,36,Yes,Yes,DSL,Yes,No,Yes,No,No,No,Month-to-month,Yes,Electronic check,80.28,2876.51,Yes
C1884-6558,Male,1,Yes,No,14,Yes,No,Fiber optic,Yes,No,Yes,Yes,Yes,Yes,Month-to-month,Yes,Credit card (automatic),116.88,1659.9,No
C1885-2615,Male,0,No,No,52,Yes,Yes,DSL,Yes,No,No,No,No,No,Month-to-month,Yes,Credit card (automatic),76.21,3958.61,Yes
C1886-6855,Female,0,No,No,57,Yes,No,DSL,No,No,No,No,Yes,No,Month-to-month,Yes,Mailed check,60.14,3442.76,No
C1887-4721,Male,0,Yes,Yes,42,Yes,Yes,DSL,Yes,No,Yes,No,Yes,Yes,One year,Yes,Credit card (automatic),111.03,4627.28,No
C1888-1553,Female,0,No,No,39,Yes,No,DSL,No,No,Yes,No,No,No,Two year,Yes,Mailed check,67.86,2714.18,No
C1889-5048,Male,0,No,No,5,Yes,Yes,Fiber optic,No,No,No,Yes,No,Yes,One year,No,Bank transfer (automatic),96.93,484.39,No
C1890-2666,Female,1,Yes,Yes,35,Yes,No,DSL,No,Yes,Yes,No,Yes,No,Month-to-month,Yes,Mailed check,67.22,2374.99,No
C1891-3207,Female,0,No,No,72,Yes,Yes,Fiber optic,Yes,No,No,No,Yes,Yes,Two year,Yes,Mailed check,129.36,9315.29,No
C1892-8910,Male,1,Yes,Yes,36,Yes,No,DSL,No,Yes,Yes,No,Yes,No,Two year,No,Electronic check,94.34,3402.64,No
C1893-7391,Male,0,No,Yes,47,Yes,Yes,DSL,No,Yes,No,Yes,No,No,Two year,Yes,Electronic check,80.48,3799.67,No
C1894-2206,Male,0,Yes,No,19,Yes,No,Fiber optic,No,Yes,Yes,Yes,No,No,Month-to-month,No,Bank transfer (automatic),114.48,2204.93,No
C1895-8661,Male,0,Yes,Yes,13,Yes,No,Fiber optic,No,No,Yes,No,Yes,No,Month-to-month,No,Credit card (automatic),92.71,1205.22,No
C1896-6168,Female,1,No,No,8,Yes,No,DSL,Yes,Yes,Yes,No,No,No,One year,Yes,Mailed check,85.46,710.94,No
C1897-8870,Female,0,Yes,Yes,64,Yes,Yes,No,No internet service,No internet service,No internet service,No internet service,No internet service,No internet service,Month-to-month,Yes,Electronic check,39.96,2557.89,No
C1898-7722,Male,0,Yes,No,23,Yes,No,DSL,No,No,Yes,No,Yes,No,Month-to-month,No,Bank transfer (automatic),69.71,1613.68,No
C1899-4053,Male,0,Yes,No,58,Yes,Yes,No,No internet service,No internet service,No internet service,No internet service,No internet service,No internet service,Two year,No,Electronic check,53.21,3090.12,No
C1900-5813,Female,0,No,No,17,Yes,No,No,No internet service,No internet service,No internet service,No internet service,No internet service,No internet service,Two year,No,Electronic check,41.0,700.52,No
C1901-5777,Female,0,No,Yes,61,Yes,No,No,No internet service,No internet service,No internet service,No internet service,No internet service,No internet service,Month-to-month,No,Bank transfer (automatic),35.22,2144.79,No
C1902-7478,Male,0,Yes,No,27,No,No phone service,No,No internet service,No internet service,No internet service,No internet service,No internet service,No internet service,Two year,No,Mailed check,23.69,634.32,No
C1903-3235,Female,0,Yes,Yes,19,Yes,No,No,No internet service,No internet service,No internet service,No internet service,No internet service,No internet service,Month-to-month,Yes,Credit card (automatic),39.06,739.35,No
C1904-3997,Female,0,Yes,Yes,19,Yes,Yes,DSL,No,Yes,Yes,No,Yes,No,One year,Yes,Bank transfer (automatic),87.82,1685.1,No
C1905-3202,Male,0,No,No,51,Yes,No,DSL,Yes,No,No,No,Yes,Yes,Month-to-month,Yes,Credit card (automatic),78.42,4019.91,No
C1906-3664,Female,0,Yes,Yes,36,Yes,Yes,Fiber optic,No,No,No,No,No,No,Month-to-month,Yes,Mailed check,102.47,3655.26,No
C1907-2451,Female,0,No,No,51,No,No phone service,Fiber optic,No,No,Yes,No,No,Yes,One year,Yes,Bank transfer (automatic),82.95,4223.5,No
C1908-1328,Male,0,No,No,72,Yes,No,Fiber optic,No,Yes,No,No,Yes,No,One year,No,Mailed check,99.9,7163.29,No
C1909-9459,Female,0,No,No,21,Yes,Yes,DSL,No,No,Yes,No,No,Yes,Two year,Yes,Mailed check,85.14,1791.16,No
C1910-1668,Male,1,No,No,43,Yes,Yes,DSL,No,Yes,Yes,No,No,Yes,Month-to-month,Yes,Bank transfer (automatic),102.97,4405.67,No
C1911-8991,Male,0,Yes,Yes,24,Yes,Yes,Fiber optic,No,Yes,Yes,No,Yes,No,Month-to-month,Yes,Mailed check,122.71,2924.0,Yes
C1912-1027,Female,0,No,No,17,No,No phone service,Fiber optic,No,No,No,No,No,No,Month-to-month,Yes,Bank transfer (automatic),67.5,1142.03,No
C1913-7995,Male,0,Yes,Yes,36,Yes,Yes,Fiber optic,No,No,Yes,No,Yes,Yes,One year,Yes,Credit card (automatic),135.38,4847.8,No
C1914-3955,Male,0,No,No,5,Yes,No,DSL,Yes,Yes,No,Yes,Yes,No,One year,Yes,Bank transfer (automatic),92.87,473.92,No
C1915-5658,Female,0,Yes,No,55,Yes,No,No,No internet service,No internet service,No internet service,No internet service,No internet service,No internet service,Month-to-month,No,Mailed check,42.26,2327.69,No
C1916-3539,Male,0,Yes,No,33,Yes,Yes,No,No internet service,No internet service,No internet service,No internet service,No internet service,No internet service,Month-to-month,Yes,Credit card (automatic),52.05,1705.22,No
C1917-5414,Female,0,Yes,Yes,13,Yes,No,DSL,No,No,No,No,Yes,Yes,Month-to-month,No,Mailed check,65.27,856.44,No
C1918-5063,Female,0,Yes,Yes,34,Yes,Yes,Fiber optic,No,Yes,Yes,No,Yes,No,Month-to-month,No,Bank transfer (automatic),115.06,3904.81,Yes
C1919-5767,Male,0,No,No,3,Yes,No,DSL,No,Yes,No,No,No,No,Month-to-month,Yes,Bank transfer (automatic),71.1,214.67,Yes
C1920-4539,Male,0,No,No,8,Yes,No,Fiber optic,No,No,Yes,No,No,No,Two year,Yes,Mailed check,75.57,648.92,No
C1921-5828,Male,0,Yes,Yes,8,No,No phone service,Fiber optic,No,No,Yes,No,Yes,No,Month-to-month,No,Mailed check,84.54,672.01,No
C1922-8428,Male,0,No,No,7,Yes,Yes,Fiber optic,Yes,No,No,No,No,No,Month-to-month,No,Credit card (automatic),88.52,621.29,No
C1923-4910,Male,0,No,No,22,Yes,Yes,Fiber optic,No,No,Yes,No,Yes,No,One year,Yes,Electronic check,132.02,2917.1,No
C1924-4252,Female,0,Yes,No,34,Yes,Yes,Fiber optic,No,No,Yes,No,No,Yes,Two year,Yes,Bank transfer (automatic),116.45,4008.22,No
C1925-2185,Female,1,Yes,Yes,72,Yes,No,Fiber optic,No,Yes,No,No,No,No,One year,Yes,Mailed check,87.94,6321.12,No
C1926-4237,Male,0,No,No,62,Yes,Yes,DSL,No,Yes,No,No,No,No,Month-to-month,No,Credit card (automatic),98.39,6093.48,No
C1927-2130,Male,1,Yes,Yes,2,Yes,No,Fiber optic,No,Yes,Yes,No,Yes,Yes,Month-to-month,Yes,Electronic check,125.29,260.03,Yes
C1928-2642,Female,0,No,No,72,Yes,No,Fiber optic,No,No,No,No,Yes,No,Month-to-month,Yes,Credit card (automatic),100.18,7205.17,No
C1929-9569,Female,0,Yes,Yes,13,Yes,No,No,No internet service,No internet service,No internet service,No internet service,No internet service,No internet service,Month-to-month,Yes,Mailed check,41.48,543.46,No
C1930-1804,Male,0,Yes,No,40,Yes,Yes,Fiber optic,No,No,Yes,No,No,No,One year,Yes,Bank transfer (automatic),100.7,4061.2,No
C1931-5337,Female,0,No,No,22,Yes,No,No,No internet service,No internet service,No internet service,No internet service,No internet service,No internet service,Two year,No,Electronic check,36.28,793.89,No
C1932-8507,Female,0,No,No,72,Yes,Yes,Fiber optic,No,Yes,No,Yes,Yes,Yes,Month-to-month,No,Electronic check,128.83,9268.07,Yes
C1933-9577,Male,0,No,No,58,Yes,No,DSL,No,Yes,No,No,Yes,Yes,One year,Yes,Credit card (automatic),103.02,6005.81,No
C1934-2320,Female,1,Yes,No,72,Yes,No,DSL,No,Yes,No,Yes,No,Yes,One year,No,Mailed check,92.57,6657.05,No
C1935-2472,Male,0,No,No,42,Yes,Yes,No,No internet service,No internet service,No internet service,No internet service,No internet service,No internet service,Month-to-month,Yes,Mailed check,59.95,2523.12,No
C1936-4352,Male,0,No,No,17,Yes,No,Fiber optic,Yes,Yes,No,No,No,Yes,Month-to-month,Yes,Electronic check,110.69,1849.33,No
C1937-5989,Male,0,No,No,47,Yes,Yes,No,No internet service,No internet service,No internet service,No internet service,No internet service,No internet service,Two year,Yes,Mailed check,42.02,1986.06,No
C1938-9637,Male,0,No,No,72,Yes,Yes,Fiber optic,No,No,No,Yes,Yes,No,Month-to-month,Yes,Bank transfer (automatic),124.5,8968.33,No
C1939-2869,Male,0,No,No,11,No,No phone service,DSL,No,Yes,Yes,No,Yes,No,Month-to-month,No,Mailed check,82.09,877.77,Yes
C1940-2479,Male,0,No,No,38,Yes,No,Fiber optic,Yes,Yes,Yes,Yes,Yes,No,Month-to-month,No,Electronic check,114.5,4350.3,No
C1941-3278,Female,0,No,No,53,Yes,No,DSL,No,Yes,Yes,No,Yes,Yes,One year,No,Credit card (automatic),92.69,4928.79,Yes
C1942-8868,Male,0,No,No,15,Yes,No,Fiber optic,No,No,No,No,Yes,Yes,Two year,No,Mailed check,111.5,1663.14,No
C1943-1270,Male,0,No,Yes,19,Yes,No,Fiber optic,No,No,Yes,No,No,No,Month-to-month,Yes,Credit card (automatic),90.87,1717.67,No
C1944-4420,Female,1,No,No,24,Yes,Yes,Fiber optic,No,Yes,No,Yes,Yes,No,Month-to-month,Yes,Mailed check,115.88,2800.92,No
C1945-2070,Female,0,No,No,38,Yes,No,Fiber optic,No,Yes,Yes,No,No,Yes,Two year,Yes,Credit card (automatic),120.02,4559.6,No
C1946-2413,Female,0,Yes,No,27,Yes,No,DSL,No,No,Yes,Yes,No,Yes,One year,Yes,Electronic check,87.29,2368.49,No
C1947-9250,Female,1,Yes,No,30,Yes,Yes,Fiber optic,No,No,No,No,Yes,Yes,Two year,No,Bank transfer (automatic),108.4,3273.15,No
C1948-1014,Female,0,Yes,No,72,Yes,No,DSL,No,No,No,No,No,Yes,One year,No,Electronic check,75.98,5456.12,No
C1949-3893,Male,0,No,No,26,Yes,No,Fiber optic,No,No,Yes,No,Yes,Yes,One year,No,Electronic check,115.28,2983.65,No
C1950-9237,Female,0,Yes,Yes,72,Yes,No,DSL,Yes,No,No,No,Yes,No,Month-to-month,No,Bank transfer (automatic),57.45,4142.49,No
C1951-6472,Female,0,Yes,No,72,Yes,No,DSL,Yes,No,Yes,Yes,No,Yes,Month-to-month,No,Bank transfer (automatic),110.7,7956.71,No
C1952-1645,Female,1,No,No,12,Yes,Yes,No,No internet service,No internet service,No internet service,No internet service,No internet service,No internet service,One year,No,Electronic check,48.28,579.23,No
C1953-5184,Female,0,Yes,Yes,59,Yes,Yes,DSL,No,No,Yes,Yes,No,No,Month-to-month,No,Credit card (automatic),95.27,5626.89,No
C1954-9737,Male,0,No,No,18,Yes,No,Fiber optic,Yes,Yes,Yes,No,No,Yes,Month-to-month,No,Credit card (automatic),125.49,2271.62,No
C1955-4603,Female,1,No,No,57,Yes,No,Fiber optic,No,No,Yes,Yes,Yes,Yes,Month-to-month,Yes,Mailed check,108.02,6151.73,No
C1956-5757,Male,0,Yes,Yes,17,No,No phone service,Fiber optic,No,Yes,No,Yes,Yes,Yes,Month-to-month,Yes,Mailed check,80.98,1406.83,No
C1957-5786,Female,1,Yes,No,2,Yes,No,Fiber optic,No,Yes,No,No,Yes,No,Month-to-month,Yes,Mailed check,110.47,265.31,Yes
C1958-6943,Female,0,No,No,51,Yes,Yes,Fiber optic,No,No,Yes,No,Yes,No,Month-to-month,No,Bank transfer (automatic),118.65,6037.22,No
C1959-2684,Male,0,No,No,30,Yes,Yes,No,No internet service,No internet service,No internet service,No internet service,No internet service,No internet service,Two year,Yes,Mailed check,40.02,1246.18,No
C1960-8556,Female,0,Yes,Yes,72,Yes,Yes,DSL,Yes,No,Yes,No,No,No,Month-to-month,Yes,Mailed check,99.13,7127.63,Yes
C1961-9896,Male,0,Yes,No,17,Yes,No,DSL,No,Yes,No,No,No,Yes,One year,No,Bank transfer (automatic),72.35,1204.74,No
C1962-2282,Male,0,No,No,26,Yes,Yes,Fiber optic,No,No,Yes,Yes,Yes,No,Month-to-month,Yes,Bank transfer (automatic),113.49,2952.25,No
C1963-8363,Male,0,No,No,16,Yes,Yes,Fiber optic,No,No,No,No,No,No,Month-to-month,No,Electronic check,95.64,1538.49,Yes
C1964-8351,Female,0,No,No,7,Yes,Yes,DSL,Yes,Yes,Yes,Yes,No,Yes,Month-to-month,Yes,Bank transfer (automatic),98.98,683.46,No
C1965-7673,Female,0,Yes,Yes,37,Yes,Yes,Fiber optic,No,Yes,No,Yes,No,No,Month-to-month,No,Electronic check,106.69,3943.41,No
C1966-4337,Female,0,No,No,26,Yes,No,Fiber optic,No,No,No,No,No,Yes,One year,Yes,Mailed check,98.64,2577.09,No
C1967-5218,Female,0,No,No,3,No,No phone service,No,No internet service,No internet service,No internet service,No internet service,No internet service,No internet service,Month-to-month,Yes,Bank transfer (automatic),27.47,53.21,No
C1968-8552,Female,0,Yes,Yes,72,Yes,No,DSL,No,Yes,No,No,Yes,No,Two year,Yes,Electronic check,80.46,5791.15,No
C1969-2375,Male,1,No,No,29,Yes,No,DSL,No,No,No,No,No,Yes,Month-to-month,Yes,Bank transfer (automatic),69.88,2005.84,No
C1970-8457,Female,0,No,No,16,Yes,No,DSL,Yes,Yes,No,Yes,No,No,Month-to-month,Yes,Mailed check,77.92,1238.37,No
C1971-9285,Male,1,No,No,51,Yes,No,No,No internet service,No internet service,No internet service,No internet service,No internet service,No internet service,One year,No,Electronic check,37.59,1944.41,No
C1972-7136,Female,1,No,No,63,Yes,Yes,DSL,No,No,No,No,No,Yes,Month-to-month,No,Credit card (automatic),73.39,4628.75,No
C1973-4072,Female,0,Yes,No,8,Yes,Yes,DSL,Yes,No,Yes,No,No,Yes,Month-to-month,Yes,Bank transfer (automatic),86.65,733.43,Yes
C1974-6031,Male,0,No,No,7,Yes,No,Fiber optic,No,No,No,No,No,No,Month-to-month,Yes,Electronic check,81.23,559.6,Yes
C1975-1450,Female,0,Yes,Yes,19,No,No phone service,DSL,No,No,No,No,Yes,Yes,Month-to-month,No,Bank transfer (automatic),61.43,1188.14,No
C1976-9385,Female,0,No,No,39,Yes,No,Fiber optic,No,No,No,Yes,Yes,Yes,Month-to-month,No,Electronic check,112.44,4400.72,No
C1977-4081,Male,0,Yes,Yes,72,Yes,Yes,DSL,No,No,No,No,Yes,No,Two year,Yes,Mailed check,78.78,5643.25,No
C1978-1513,Male,1,Yes,Yes,1,Yes,Yes,Fiber optic,Yes,No,No,No,No,Yes,Month-to-month,No,Mailed check,119.36,109.14,Yes
C1979-8149,Male,1,No,No,72,Yes,No,DSL,Yes,No,Yes,No,Yes,Yes,Two year,No,Electronic check,101.22,7312.04,No
C1980-6917,Male,0,Yes,Yes,32,Yes,No,Fiber optic,No,Yes,No,No,Yes,No,Two year,Yes,Bank transfer (automatic),95.17,3053.0,No
C1981-6603,Male,0,No,No,72,Yes,Yes,DSL,No,Yes,No,No,No,Yes,Month-to-month,Yes,Electronic check,99.5,7150.58,No
C1982-1486,Male,0,Yes,Yes,68,Yes,Yes,DSL,No,Yes,No,No,No,Yes,One year,No,Electronic check,69.68,4710.03,No
C1983-7756,Male,0,Yes,No,26,Yes,No,No,No internet service,No internet service,No internet service,No internet service,No internet service,No internet service,Two year,Yes,Bank transfer (automatic),45.48,1150.18,No
C1984-6735,Female,0,Yes,Yes,19,Yes,No,No,No internet service,No internet service,No internet service,No internet service,No internet service,No internet service,Month-to-month,Yes,Mailed check,39.99,774.74,Yes
C1985-8141,Male,0,Yes,Yes,41,Yes,Yes,Fiber optic,No,No,Yes,No,No,No,Month-to-month,Yes,Credit card (automatic),100.1,4084.42,No
C1986-8445,Female,0,Yes,No,32,Yes,No,Fiber optic,Yes,Yes,No,No,Yes,No,One year,Yes,Electronic check,106.29,3429.37,No
C1987-2907,Female,0,Yes,No,15,No,No phone service,Fiber optic,No,Yes,Yes,No,Yes,No,One year,No,Credit card (automatic),91.77,1393.65,No
C1988-2895,Female,1,No,No,26,Yes,No,Fiber optic,No,No,No,No,No,Yes,Two year,No,Electronic check,91.63,2337.62,No
C1989-9313,Male,0,No,No,20,Yes,Yes,Fiber optic,No,No,No,Yes,No,Yes,Month-to-month,No,Electronic check,115.54,2318.71,No
C1990-5778,Female,1,Yes,Yes,28,No,No phone service,Fiber optic,Yes,Yes,No,No,No,Yes,Month-to-month,No,Mailed check,72.0,2003.96,No
C1991-4941,Male,0,Yes,No,63,Yes,No,No,No internet service,No internet service,No internet service,No internet service,No internet service,No internet service,One year,Yes,Bank transfer (automatic),34.84,2192.61,No
C1992-3584,Female,0,Yes,Yes,20,Yes,Yes,Fiber optic,Yes,No,No,Yes,No,Yes,Month-to-month,Yes,Electronic check,120.27,2406.88,Yes
C1993-6750,Male,1,Yes,Yes,35,Yes,No,Fiber optic,Yes,Yes,Yes,No,Yes,No,One year,No,Mailed check,115.74,4046.86,No
C1994-7784,Male,0,Yes,No,26,Yes,No,DSL,Yes,No,Yes,No,Yes,Yes,Month-to-month,Yes,Electronic check,84.51,2202.98,No
C1995-1020,Male,0,No,Yes,25,Yes,Yes,No,No internet service,No internet service,No internet service,No internet service,No internet service,No internet service,Month-to-month,Yes,Electronic check,45.77,1123.29,No
C1996-5973,Female,0,No,No,22,Yes,No,Fiber optic,No,No,Yes,No,Yes,No,Two year,Yes,Mailed check,105.94,2345.23,No
C1997-9939,Male,0,No,No,42,Yes,No,Fiber optic,No,No,No,No,Yes,Yes,One year,Yes,Electronic check,105.19,4390.69,Yes
C1998-3525,Female,0,No,No,1,Yes,Yes,Fiber optic,Yes,No,No,Yes,No,No,Month-to-month,Yes,Bank transfer (automatic),107.78,102.29,No
C1999-3527,Male,0,No,No,43,Yes,No,Fiber optic,Yes,No,No,No,No,No,Two year,No,Electronic check,99.99,4294.16,No
C2000-8902,Female,0,Yes,Yes,33,No,No phone service,Fiber optic,No,No,Yes,No,Yes,No,Month-to-month,Yes,Electronic check,78.74,2624.09,No
C2001-1558,Male,0,Yes,No,31,Yes,Yes,Fiber optic,No,No,Yes,No,Yes,Yes,One year,No,Credit card (automatic),114.34,3525.6,No
C2002-4577,Male,0,No,No,48,Yes,Yes,DSL,No,Yes,Yes,No,No,Yes,Month-to-month,Yes,Credit card (automatic),101.12,4859.42,Yes
C2003-5123,Male,0,Yes,No,4,Yes,Yes,No,No internet service,No internet service,No internet service,No internet service,No internet service,No internet service,Month-to-month,Yes,Electronic check,38.02,164.44,Yes
C2004-8180,Male,0,Yes,No,62,Yes,Yes,DSL,No,No,No,Yes,Yes,Yes,Two year,Yes,Bank transfer (automatic),94.84,5893.05,No
C2005-2161,Female,1,No,No,22,No,No phone service,No,No internet service,No internet service,No internet service,No internet service,No internet service,No internet service,Two year,No,Credit card (automatic),18.25,396.71,No
C2006-4906,Male,0,Yes,Yes,20,Yes,Yes,No,No internet service,No internet service,No internet service,No internet service,No internet service,No internet service,Month-to-month,No,Electronic check,53.44,1078.56,No
C2007-2370,Female,0,Yes,No,12,Yes,No,No,No internet service,No internet service,No internet service,No internet service,No internet service,No internet service,Two year,Yes,Credit card (automatic),40.41,509.09,No
C2008-8087,Male,0,No,No,13,Yes,Yes,DSL,No,Yes,No,No,Yes,No,Month-to-month,Yes,Bank transfer (automatic),97.59,1255.34,No
C2009-6689,Female,1,Yes,Yes,4,Yes,Yes,DSL,No,No,Yes,Yes,Yes,No,Month-to-month,Yes,Electronic check,105.51,415.92,Yes
C2010-5470,Male,0,Yes,Yes,29,Yes,Yes,Fiber optic,No,No,No,Yes,No,Yes,Two year,No,Bank transfer (automatic),110.79,3213.97,No
C2011-4535,Male,0,Yes,No,17,Yes,No,DSL,No,No,No,No,No,Yes,One year,Yes,Bank transfer (automatic),61.72,1035.02,No
C2012-2378,Male,1,Yes,No,54,Yes,Yes,No,No internet service,No internet service,No internet service,No internet service,No internet service,No internet service,One year,Yes,Mailed check,42.36,2314.57,No
C2013-9295,Male,0,No,No,37,Yes,No,Fiber optic,No,No,No,No,Yes,No,Two year,No,Mailed check,90.44,3342.03,No
C2014-6828,Female,1,No,Yes,32,Yes,Yes,No,No internet service,No internet service,No internet service,No internet service,No internet service,No internet service,Month-to-month,Yes,Bank transfer (automatic),61.7,1970.7,Yes
C2015-3872,Male,0,Yes,No,19,Yes,No,No,No internet service,No internet service,No internet service,No internet service,No internet service,No internet service,One year,No,Bank transfer (automatic),41.56,772.49,No
C2016-4725,Male,0,Yes,Yes,23,Yes,No,No,No internet service,No internet service,No internet service,No internet service,No internet service,No internet service,One year,Yes,Electronic check,44.01,1020.06,No
C2017-7534,Male,1,Yes,Yes,72,Yes,No,DSL,Yes,Yes,No,Yes,No,No,Month-to-month,No,Electronic check,98.73,7121.13,No
C2018-7475,Male,1,No,No,18,Yes,No,No,No internet service,No internet service,No internet service,No internet service,No internet service,No internet service,Two year,No,Credit card (automatic),43.17,756.47,No
C2019-5149,Male,0,Yes,No,1,Yes,Yes,DSL,No,Yes,Yes,No,No,No,Month-to-month,Yes,Bank transfer (automatic),89.58,100.52,Yes
C2020-3725,Female,0,Yes,Yes,22,Yes,Yes,Fiber optic,No,Yes,Yes,No,Yes,Yes,Month-to-month,Yes,Electronic check,132.2,2922.59,No
C2021-6938,Male,0,No,No,10,Yes,Yes,Fiber optic,No,Yes,Yes,Yes,Yes,Yes,Two year,Yes,Mailed check,116.0,1165.11,No
C2022-6923,Male,0,No,No,21,Yes,No,DSL,No,Yes,Yes,Yes,No,Yes,Month-to-month,Yes,Electronic check,83.82,1744.77,Yes
C2023-6396,Male,0,No,No,28,Yes,No,Fiber optic,Yes,No,Yes,Yes,Yes,Yes,One year,Yes,Credit card (automatic),124.72,3486.78,No
C2024-1655,Female,0,No,No,10,Yes,Yes,Fiber optic,No,Yes,No,No,No,No,Two year,No,Electronic check,111.2,1084.74,No
C2025-5254,Male,0,No,No,3,Yes,No,Fiber optic,No,Yes,Yes,No,No,No,Month-to-month,No,Mailed check,102.67,284.3,Yes
C2026-6524,Male,0,No,No,23,Yes,No,Fiber optic,No,No,No,No,No,Yes,One year,No,Electronic check,96.31,2229.1,No
C2027-9549,Female,0,No,No,72,Yes,No,DSL,Yes,No,No,Yes,No,Yes,Two year,No,Credit card (automatic),71.59,5178.81,No
C2028-5729,Female,0,Yes,Yes,27,Yes,No,Fiber optic,No,Yes,Yes,No,Yes,Yes,Month-to-month,Yes,Electronic check,125.58,3384.64,No
C2029-4084,Female,0,Yes,Yes,34,Yes,Yes,Fiber optic,No,Yes,No,Yes,Yes,Yes,Month-to-month,No,Electronic check,137.9,4698.34,No
C2030-6001,Male,0,Yes,Yes,20,Yes,No,DSL,No,Yes,No,Yes,Yes,No,One year,Yes,Electronic check,75.33,1496.47,No
C2031-2594,Female,0,No,No,39,Yes,Yes,Fiber optic,Yes,Yes,Yes,Yes,Yes,Yes,One year,Yes,Mailed check,123.06,4797.74,No
C2032-1816,Male,0,No,No,48,Yes,No,Fiber optic,No,No,Yes,No,No,No,Two year,Yes,Electronic check,101.6,4883.82,No
C2033-7102,Male,0,No,No,66,Yes,No,No,No internet service,No internet service,No internet service,No internet service,No internet service,No internet service,Month-to-month,Yes,Credit card (automatic),45.89,3037.42,No
C2034-9874,Female,0,Yes,No,72,Yes,Yes,No,No internet service,No internet service,No internet service,No internet service,No internet service,No internet service,Month-to-month,Yes,Mailed check,19.1,1367.71,No
C2035-8613,Female,0,No,No,36,Yes,No,Fiber optic,Yes,No,No,Yes,No,No,Month-to-month,Yes,Electronic check,106.19,3836.71,No
C2036-6252,Female,0,Yes,Yes,67,Yes,No,Fiber optic,No,No,Yes,No,Yes,No,Month-to-month,Yes,Credit card (automatic),99.83,6668.19,No
C2037-1362,Male,0,Yes,Yes,54,No,No phone service,Fiber optic,Yes,No,Yes,No,No,Yes,One year,No,Electronic check,84.37,4581.12,No
C2038-9890,Female,0,No,No,40,Yes,No,Fiber optic,Yes,No,No,Yes,Yes,Yes,Month-to-month,Yes,Mailed check,104.07,4147.91,Yes
C2039-5046,Female,0,No,No,26,No,No phone service,Fiber optic,No,No,Yes,No,Yes,No,Month-to-month,No,Electronic check,84.3,2201.31,Yes
C2040-3606,Female,0,No,No,2,Yes,Yes,DSL,No,No,No,Yes,Yes,Yes,Month-to-month,No,Bank transfer (automatic),89.02,152.12,Yes
C2041-9031,Female,0,Yes,Yes,72,Yes,Yes,DSL,No,Yes,No,Yes,Yes,Yes,Month-to-month,Yes,Electronic check,98.64,7081.7,No
C2042-7716,Male,0,Yes,No,30,No,No phone service,Fiber optic,Yes,No,No,No,Yes,Yes,Month-to-month,No,Mailed check,105.4,3133.27,No
C2043-7745,Male,0,Yes,No,18,Yes,No,DSL,No,No,Yes,Yes,Yes,No,Two year,No,Bank transfer (automatic),100.67,1789.58,No
C2044-3499,Female,0,Yes,No,18,Yes,Yes,No,No internet service,No internet service,No internet service,No internet service,No internet service,No internet service,Two year,No,Electronic check,54.59,1002.67,No
C2045-9925,Female,0,No,Yes,48,Yes,Yes,DSL,No,Yes,Yes,No,Yes,Yes,One year,Yes,Electronic check,94.48,4529.26,Yes
C2046-5075,Female,0,Yes,No,8,Yes,Yes,Fiber optic,No,Yes,No,Yes,No,Yes,Month-to-month,No,Credit card (automatic),112.44,909.85,Yes
C2047-5782,Male,0,Yes,Yes,72,Yes,No,DSL,Yes,No,No,No,Yes,No,Month-to-month,Yes,Mailed check,78.13,5635.01,No
C2048-7757,Female,0,Yes,Yes,36,Yes,No,Fiber optic,No,No,Yes,Yes,No,No,Month-to-month,Yes,Bank transfer (automatic),110.81,3999.98,No
C2049-6939,Male,0,No,No,14,Yes,Yes,DSL,Yes,No,Yes,No,Yes,Yes,One year,No,Mailed check,90.87,1292.38,No
C2050-2550,Male,0,No,No,43,No,No phone service,Fiber optic,No,Yes,Yes,Yes,Yes,No,Month-to-month,Yes,Mailed check,90.31,3879.41,No
C2051-3722,Female,0,Yes,No,51,No,No phone service,No,No internet service,No internet service,No internet service,No internet service,No internet service,No internet service,Month-to-month,Yes,Credit card (automatic),19.47,985.89,No
C2052-4250,Female,0,Yes,Yes,14,Yes,No,Fiber optic,No,Yes,Yes,No,No,Yes,Two year,Yes,Credit card (automatic),106.61,1467.52,No
C2053-9526,Female,0,No,No,42,Yes,No,DSL,No,Yes,Yes,No,Yes,Yes,One year,Yes,Credit card (automatic),86.26,3624.43,No
C2054-7429,Male,0,No,No,20,Yes,Yes,Fiber optic,No,Yes,No,No,No,No,Month-to-month,Yes,Bank transfer (automatic),104.74,2093.86,Yes
C2055-4296,Female,0,Yes,No,20,Yes,Yes,Fiber optic,Yes,Yes,No,Yes,No,Yes,One year,No,Mailed check,114.04,2263.25,No
C2056-7611,Female,1,Yes,Yes,22,No,No phone service,Fiber optic,No,Yes,Yes,No,Yes,Yes,Month-to-month,No,Mailed check,94.55,2068.5,No
C2057-7645,Female,0,No,No,1,Yes,Yes,No,No internet service,No internet service,No internet service,No internet service,No internet service,No internet service,Month-to-month,Yes,Bank transfer (automatic),33.9,20.13,No
C2058-4547,Female,0,No,No,62,No,No phone service,No,No internet service,No internet service,No internet service,No internet service,No internet service,No internet service,Two year,No,Electronic check,23.91,1460.65,No
C2059-4627,Female,0,Yes,No,21,Yes,No,No,No internet service,No internet service,No internet service,No internet service,No internet service,No internet service,Month-to-month,No,Mailed check,23.78,525.33,No
C2060-9047,Male,0,Yes,No,20,Yes,No,Fiber optic,No,No,Yes,No,No,Yes,Month-to-month,Yes,Electronic check,88.36,1777.41,Yes
C2061-6055,Female,0,Yes,Yes,68,No,No phone service,No,No internet service,No internet service,No internet service,No internet service,No internet service,No internet service,One year,Yes,Mailed check,18.25,1267.22,No
C2062-2345,Female,0,Yes,Yes,38,Yes,No,Fiber optic,No,Yes,Yes,No,Yes,No,Month-to-month,No,Bank transfer (automatic),96.42,3679.19,No
C2063-7477,Female,0,Yes,Yes,12,No,No phone service,DSL,No,Yes,No,Yes,No,No,One year,Yes,Electronic check,56.54,697.51,No
C2064-6305,Male,0,Yes,No,34,Yes,Yes,Fiber optic,No,No,No,No,Yes,No,Two year,Yes,Bank transfer (automatic),98.73,3327.09,No
C2065-5579,Female,0,Yes,Yes,39,Yes,No,Fiber optic,No,Yes,No,No,Yes,No,Month-to-month,No,Credit card (automatic),105.11,4087.87,Yes
C2066-7525,Female,0,Yes,Yes,23,Yes,No,Fiber optic,Yes,Yes,No,No,No,Yes,Month-to-month,No,Mailed check,105.68,2450.33,No
C2067-9162,Female,1,No,No,72,No,No phone service,No,No internet service,No internet service,No internet service,No internet service,No internet service,No internet service,Month-to-month,Yes,Bank transfer (automatic),20.93,1521.39,No
C2068-3973,Male,0,Yes,Yes,22,Yes,Yes,No,No internet service,No internet service,No internet service,No internet service,No internet service,No internet service,Month-to-month,Yes,Bank transfer (automatic),44.12,985.58,No
C2069-4773,Male,0,No,Yes,27,Yes,No,Fiber optic,No,Yes,No,No,No,Yes,One year,No,Bank transfer (automatic),121.06,3252.52,No
C2070-2705,Male,0,Yes,Yes,28,Yes,Yes,Fiber optic,No,No,Yes,No,Yes,Yes,Month-to-month,No,Bank transfer (automatic),106.47,2991.29,Yes
C2071-6822,Male,0,No,No,48,Yes,Yes,DSL,Yes,Yes,Yes,Yes,No,No,Month-to-month,No,Bank transfer (automatic),88.18,4211.23,No
C2072-4624,Male,1,No,No,11,Yes,No,DSL,No,No,Yes,No,Yes,No,One year,Yes,Credit card (automatic),78.91,865.65,Yes
C2073-4080,Female,0,No,No,53,Yes,No,DSL,Yes,Yes,Yes,Yes,Yes,No,One year,No,Electronic check,90.45,4802.56,No
C2074-7268,Female,0,Yes,No,72,Yes,Yes,DSL,No,No,No,Yes,No,Yes,Two year,Yes,Electronic check,85.17,6115.0,No
C2075-4673,Female,0,Yes,No,6,Yes,Yes,No,No internet service,No internet service,No internet service,No internet service,No internet service,No internet service,Month-to-month,Yes,Mailed check,55.33,333.7,No
C2076-5178,Male,1,No,No,12,Yes,Yes,Fiber optic,No,No,No,Yes,No,No,One year,Yes,Electronic check,105.62,1262.62,No
C2077-4960,Male,0,Yes,No,5,Yes,No,Fiber optic,No,No,No,Yes,Yes,No,Month-to-month,No,Mailed check,107.83,534.67,Yes
C2078-3326,Male,1,Yes,No,2,Yes,Yes,DSL,No,Yes,Yes,No,No,No,Month-to-month,No,Electronic check,81.96,157.16,Yes
C2079-2132,Male,1,Yes,No,12,Yes,No,Fiber optic,No,No,Yes,No,Yes,No,Two year,Yes,Mailed check,96.31,1138.11,No
C2080-8444,Female,0,No,No,12,Yes,No,Fiber optic,No,No,Yes,Yes,Yes,Yes,One year,No,Mailed check,122.73,1458.03,No
C2081-1825,Female,1,No,No,51,Yes,No,DSL,Yes,Yes,Yes,No,Yes,No,One year,No,Electronic check,80.25,4097.48,No
C2082-3923,Female,1,Yes,No,67,Yes,Yes,DSL,No,No,Yes,No,No,Yes,One year,No,Electronic check,88.72,5922.3,Yes
C2083-7006,Male,0,No,No,34,Yes,No,Fiber optic,No,No,Yes,No,No,Yes,One year,Yes,Bank transfer (automatic),98.94,3354.73,No
C2084-2181,Male,0,No,No,61,Yes,Yes,DSL,No,No,Yes,No,Yes,No,Month-to-month,Yes,Credit card (automatic),80.91,4940.33,No
C2085-6899,Female,0,Yes,Yes,48,Yes,No,Fiber optic,No,Yes,Yes,No,No,Yes,One year,Yes,Credit card (automatic),106.88,5130.61,Yes
C2086-7596,Female,0,Yes,No,15,Yes,No,No,No internet service,No internet service,No internet service,No internet service,No internet service,No internet service,Two year,No,Electronic check,35.05,512.88,No
C2087-6965,Male,0,Yes,Yes,37,Yes,No,DSL,Yes,Yes,No,No,Yes,Yes,One year,No,Credit card (automatic),96.6,3582.21,No
C2088-3744,Male,0,No,No,10,Yes,No,DSL,No,Yes,No,No,No,No,Month-to-month,Yes,Electronic check,73.23,741.35,Yes
C2089-1177,Male,0,No,No,27,Yes,No,Fiber optic,Yes,Yes,Yes,No,Yes,No,Month-to-month,Yes,Electronic check,108.14,2932.76,No
C2090-8985,Male,0,No,No,32,Yes,No,DSL,Yes,No,Yes,No,Yes,No,One year,No,Electronic check,95.69,3059.32,No
C2091-3938,Female,0,No,No,43,Yes,No,Fiber optic,Yes,Yes,Yes,No,No,No,Month-to-month,Yes,Electronic check,120.47,5200.64,Yes
C2092-8244,Female,0,Yes,No,72,Yes,Yes,DSL,No,Yes,No,Yes,Yes,Yes,Month-to-month,Yes,Mailed check,103.05,7412.34,No
C2093-2780,Male,0,No,Yes,7,Yes,No,DSL,No,No,Yes,Yes,Yes,No,Month-to-month,Yes,Bank transfer (automatic),93.8,634.06,Yes
C2094-2461,Male,0,No,No,26,Yes,No,Fiber optic,No,No,Yes,No,Yes,Yes,Month-to-month,Yes,Bank transfer (automatic),108.7,2806.78,No
C2095-8002,Male,0,No,No,72,Yes,No,No,No internet service,No internet service,No internet service,No internet service,No internet service,No internet service,Month-to-month,Yes,Mailed check,30.3,2183.46,No
C2096-9456,Male,0,Yes,Yes,14,Yes,No,Fiber optic,Yes,Yes,Yes,No,Yes,Yes,Month-to-month,No,Mailed check,128.14,1774.78,Yes
C2097-8744,Male,0,Yes,Yes,11,Yes,No,DSL,No,Yes,Yes,No,No,Yes,Two year,Yes,Electronic check,85.62,957.59,No
C2098-7760,Female,1,Yes,Yes,47,Yes,Yes,Fiber optic,No,No,No,No,No,Yes,Month-to-month,No,Electronic check,104.12,4909.12,No
C2099-3219,Female,0,Yes,No,41,Yes,Yes,DSL,No,No,No,Yes,Yes,Yes,Month-to-month,Yes,Electronic check,93.17,3845.24,No
C2100-9217,Male,0,No,No,5,Yes,Yes,DSL,No,No,Yes,No,Yes,Yes,Month-to-month,No,Mailed check,101.32,515.22,No
C2101-7009,Male,0,No,No,16,Yes,No,Fiber optic,No,No,Yes,No,Yes,No,One year,Yes,Electronic check,100.9,1586.65,No
C2102-2549,Female,0,No,No,9,Yes,No,No,No internet service,No internet service,No internet service,No internet service,No internet service,No internet service,Two year,Yes,Mailed check,38.22,342.4,No
C2103-2164,Male,0,Yes,No,9,Yes,Yes,No,No internet service,No internet service,No internet service,No internet service,No internet service,No internet service,One year,Yes,Bank transfer (automatic),52.54,470.61,Yes
C2104-8839,Female,0,Yes,Yes,39,No,No phone service,Fiber optic,Yes,No,No,No,Yes,No,Two year,No,Credit card (automatic),97.17,3797.13,No
C2105-3476,Female,0,Yes,No,39,Yes,No,No,No internet service,No internet service,No internet service,No internet service,No internet service,No internet service,Month-to-month,Yes,Electronic check,35.97,1401.13,No
C2106-7892,Male,0,No,No,27,Yes,Yes,Fiber optic,No,No,Yes,No,No,Yes,Month-to-month,Yes,Mailed check,126.69,3438.05,Yes
C2107-2247,Male,0,No,No,7,Yes,Yes,No,No internet service,No internet service,No internet service,No internet service,No internet service,No internet service,Two year,Yes,Bank transfer (automatic),54.97,380.13,No
C2108-3524,Female,0,No,No,9,Yes,Yes,No,No internet service,No internet service,No internet service,No internet service,No internet service,No internet service,Month-to-month,No,Electronic check,49.64,449.63,No
C2109-3551,Female,0,No,No,36,Yes,No,Fiber optic,No,Yes,No,Yes,No,No,Month-to-month,No,Mailed check,108.36,3904.09,Yes
C2110-3529,Male,1,No,No,6,Yes,No,DSL,No,Yes,No,Yes,Yes,No,Month-to-month,Yes,Mailed check,99.89,600.72,Yes
C2111-7071,Male,0,Yes,No,3,Yes,Yes,Fiber optic,No,No,Yes,No,No,Yes,One year,Yes,Mailed check,108.55,325.94,No
C2112-9228,Female,1,Yes,Yes,18,Yes,No,No,No internet service,No internet service,No internet service,No internet service,No internet service,No internet service,Month-to-month,Yes,Credit card (automatic),22.5,399.06,No
C2113-9192,Male,0,Yes,No,27,Yes,Yes,Fiber optic,Yes,No,No,No,No,No,Two year,No,Credit card (automatic),91.19,2463.01,No
C2114-7673,Female,0,Yes,No,4,Yes,No,Fiber optic,No,No,No,No,No,Yes,Month-to-month,Yes,Electronic check,87.68,340.62,Yes
C2115-2822,Male,0,No,No,38,Yes,Yes,Fiber optic,No,No,No,No,No,No,Month-to-month,Yes,Mailed check,101.07,3829.33,Yes
C2116-9644,Female,0,Yes,No,24,Yes,Yes,Fiber optic,No,No,Yes,Yes,Yes,Yes,Month-to-month,Yes,Credit card (automatic),123.41,2948.2,No
C2117-5878,Male,0,No,Yes,8,Yes,No,No,No internet service,No internet service,No internet service,No internet service,No internet service,No internet service,Month-to-month,No,Credit card (automatic),52.31,416.93,No
C2118-5913,Male,1,No,No,29,Yes,Yes,Fiber optic,Yes,No,Yes,No,No,No,Month-to-month,Yes,Electronic check,117.31,3391.11,No
C2119-7311,Male,0,No,No,2,Yes,No,DSL,Yes,No,Yes,No,Yes,No,Month-to-month,Yes,Mailed check,86.63,145.6,No
C2120-7921,Male,0,No,No,19,Yes,Yes,DSL,No,No,No,Yes,No,No,Month-to-month,No,Mailed check,79.92,1542.95,No
C2121-9575,Male,0,Yes,Yes,20,Yes,Yes,No,No internet service,No internet service,No internet service,No internet service,No internet service,No internet service,One year,No,Mailed check,43.3,858.51,No
C2122-6240,Male,0,No,No,27,Yes,No,DSL,No,No,Yes,No,No,Yes,Month-to-month,No,Electronic check,76.5,2054.93,No
C2123-6489,Male,0,Yes,Yes,30,Yes,No,No,No internet service,No internet service,No internet service,No internet service,No internet service,No internet service,Two year,Yes,Bank transfer (automatic),38.67,1148.71,No
C2124-7709,Male,0,No,No,49,Yes,No,DSL,Yes,No,Yes,No,No,Yes,Month-to-month,Yes,Electronic check,74.93,3659.96,No
C2125-3295,Male,0,No,No,26,Yes,No,DSL,No,No,No,Yes,Yes,Yes,Two year,Yes,Bank transfer (automatic),73.71,1905.32,No
C2126-3769,Male,0,Yes,No,5,Yes,No,DSL,Yes,Yes,No,No,No,Yes,One year,Yes,Electronic check,84.72,413.98,Yes
C2127-6628,Male,0,Yes,Yes,11,Yes,Yes,DSL,No,No,No,Yes,Yes,Yes,Two year,No,Mailed check,95.39,1062.99,No
C2128-1577,Male,0,No,No,4,Yes,No,No,No internet service,No internet service,No internet service,No internet service,No internet service,No internet service,Month-to-month,No,Credit card (automatic),36.47,140.68,Yes
C2129-3884,Female,0,No,No,72,Yes,No,DSL,No,No,Yes,No,No,No,Month-to-month,No,Credit card (automatic),67.16,4853.51,No
C2130-7461,Male,0,No,No,72,Yes,Yes,Fiber optic,Yes,Yes,No,Yes,Yes,Yes,One year,No,Electronic check,141.76,10224.07,No
C2131-9784,Female,1,Yes,No,5,Yes,No,No,No internet service,No internet service,No internet service,No internet service,No internet service,No internet service,Two year,No,Bank transfer (automatic),43.53,182.87,No
C2132-5674,Male,1,No,No,56,Yes,No,No,No internet service,No internet service,No internet service,No internet service,No internet service,No internet service,One year,No,Credit card (automatic),36.98,2079.4,No
C2133-4596,Female,0,No,Yes,37,Yes,No,No,No internet service,No internet service,No internet service,No internet service,No internet service,No internet service,Two year,Yes,Electronic check,32.66,1191.8,No
C2134-4962,Male,0,Yes,Yes,64,Yes,Yes,DSL,No,No,Yes,Yes,Yes,No,Month-to-month,No,Electronic check,86.91,5581.7,No
C2135-7168,Female,0,No,No,11,Yes,No,Fiber optic,No,No,Yes,No,No,Yes,Two year,Yes,Mailed check,108.1,1180.72,No
C2136-5899,Male,0,No,No,37,Yes,Yes,Fiber optic,No,No,No,No,Yes,No,Two year,Yes,Mailed check,95.82,3537.31,No
C2137-1209,Male,0,No,No,14,Yes,Yes,No,No internet service,No internet service,No internet service,No internet service,No internet service,No internet service,Two year,No,Electronic check,56.99,797.14,No
C2138-5852,Female,0,Yes,No,8,Yes,No,Fiber optic,No,No,No,No,Yes,No,One year,No,Bank transfer (automatic),100.04,810.48,Yes
C2139-4600,Male,0,Yes,Yes,29,Yes,No,Fiber optic,No,Yes,Yes,Yes,Yes,No,Two year,No,Electronic check,114.53,3298.88,No
C2140-7306,Female,1,No,No,47,Yes,No,Fiber optic,Yes,No,Yes,No,No,No,One year,Yes,Electronic check,96.07,4518.88,No
C2141-8875,Male,0,No,No,44,Yes,Yes,Fiber optic,No,Yes,No,No,No,No,Month-to-month,No,Credit card (automatic),106.27,4696.71,No
C2142-9661,Male,1,Yes,No,59,Yes,No,No,No internet service,No internet service,No internet service,No internet service,No internet service,No internet service,Two year,Yes,Electronic check,35.92,2122.77,No
C2143-6491,Female,0,No,No,12,No,No phone service,DSL,No,No,No,Yes,No,No,Month-to-month,Yes,Credit card (automatic),48.43,582.42,No
C2144-4262,Female,0,Yes,No,72,Yes,Yes,DSL,No,No,No,No,No,No,Two year,Yes,Credit card (automatic),68.26,4898.91,No
C2145-4995,Female,0,No,No,28,Yes,No,DSL,No,No,No,No,Yes,Yes,Month-to-month,Yes,Mailed check,80.97,2269.65,No
C2146-2587,Female,0,Yes,Yes,8,No,No phone service,No,No internet service,No internet service,No internet service,No internet service,No internet service,No internet service,Month-to-month,Yes,Bank transfer (automatic),18.25,156.47,No
C2147-9422,Female,0,Yes,No,56,Yes,No,Fiber optic,Yes,Yes,Yes,Yes,Yes,Yes,Month-to-month,No,Mailed check,130.73,7323.52,Yes
C2148-8624,Male,0,No,No,25,Yes,No,DSL,No,No,No,Yes,No,Yes,One year,Yes,Electronic check,87.65,2194.45,No
C2149-8685,Male,0,Yes,No,16,Yes,Yes,No,No internet service,No internet service,No internet service,No internet service,No internet service,No internet service,Month-to-month,No,Bank transfer (automatic),41.07,668.65,No
C2150-3952,Female,0,No,Yes,25,Yes,Yes,DSL,No,No,No,Yes,Yes,Yes,One year,Yes,Credit card (automatic),85.96,2152.07,No
C2151-3899,Female,0,No,Yes,3,Yes,Yes,No,No internet service,No internet service,No internet service,No internet service,No internet service,No internet service,Month-to-month,No,Mailed check,61.23,172.44,No
C2152-8708,Female,0,Yes,Yes,72,Yes,No,No,No internet service,No internet service,No internet service,No internet service,No internet service,No internet service,One year,Yes,Bank transfer (automatic),36.2,2611.94,No
C2153-5900,Male,0,No,No,41,Yes,Yes,Fiber optic,Yes,No,Yes,No,Yes,No,Month-to-month,Yes,Electronic check,123.03,5029.96,No
C2154-7341,Female,0,No,No,28,Yes,No,DSL,No,No,No,No,Yes,Yes,Month-to-month,Yes,Electronic check,77.88,2184.4,No
C2155-5407,Female,0,No,No,20,Yes,Yes,Fiber optic,No,Yes,No,No,Yes,Yes,Month-to-month,Yes,Mailed check,114.22,2272.09,No
C2156-4984,Female,0,No,No,61,Yes,Yes,Fiber optic,Yes,Yes,Yes,No,No,Yes,Month-to-month,Yes,Electronic check,130.91,8027.94,Yes
C2157-6689,Female,0,Yes,Yes,72,No,No phone service,DSL,No,No,No,No,No,Yes,One year,No,Bank transfer (automatic),61.74,4469.14,No
C2158-8316,Male,1,Yes,Yes,7,Yes,No,Fiber optic,Yes,No,Yes,No,No,No,Month-to-month,Yes,Electronic check,92.89,665.67,No
C2159-4006,Female,0,Yes,Yes,28,Yes,Yes,DSL,Yes,Yes,No,Yes,Yes,No,One year,Yes,Credit card (automatic),83.57,2346.08,No
C2160-8281,Male,0,No,No,35,Yes,No,No,No internet service,No internet service,No internet service,No internet service,No internet service,No internet service,One year,No,Bank transfer (automatic),43.04,1506.6,No
C2161-3197,Male,0,Yes,Yes,61,Yes,No,Fiber optic,No,Yes,No,No,Yes,No,Month-to-month,Yes,Electronic check,112.55,6838.26,Yes
C2162-4625,Male,1,Yes,No,46,Yes,No,DSL,Yes,Yes,No,Yes,No,Yes,Two year,No,Credit card (automatic),93.05,4287.33,No
C2163-9213,Female,0,No,No,37,Yes,Yes,Fiber optic,No,Yes,No,Yes,Yes,Yes,One year,No,Credit card (automatic),121.44,4476.78,No
C2164-9589,Male,0,Yes,Yes,26,Yes,No,Fiber optic,Yes,No,No,No,Yes,No,Month-to-month,Yes,Mailed check,102.28,2650.79,No
C2165-9313,Female,0,No,No,6,Yes,Yes,DSL,Yes,Yes,Yes,No,No,Yes,One year,No,Credit card (automatic),107.96,628.54,No
C2166-3844,Male,0,Yes,No,30,Yes,Yes,DSL,No,No,Yes,No,Yes,Yes,Month-to-month,Yes,Electronic check,98.47,2917.02,No
C2167-8589,Male,1,Yes,Yes,21,Yes,No,DSL,Yes,Yes,No,No,No,Yes,Month-to-month,Yes,Bank transfer (automatic),78.37,1631.05,No
C2168-9423,Female,0,Yes,Yes,7,Yes,No,Fiber optic,No,Yes,No,No,Yes,Yes,Month-to-month,Yes,Credit card (automatic),98.65,691.9,Yes
C2169-9802,Male,0,Yes,Yes,72,Yes,Yes,DSL,Yes,No,Yes,Yes,Yes,Yes,Month-to-month,Yes,Electronic check,95.04,6798.08,No
C2170-1188,Male,0,No,No,27,No,No phone service,DSL,No,No,Yes,Yes,No,Yes,Month-to-month,No,Bank transfer (automatic),66.82,1804.59,No
C2171-7704,Male,0,Yes,Yes,45,Yes,No,No,No internet service,No internet service,No internet service,No internet service,No internet service,No internet service,Month-to-month,No,Mailed check,50.33,2296.83,No
C2172-9969,Female,0,No,No,22,No,No phone service,DSL,Yes,No,No,No,Yes,No,Month-to-month,No,Credit card (automatic),40.09,873.87,Yes
C2173-7881,Male,1,No,No,10,Yes,Yes,DSL,No,No,No,No,Yes,No,One year,Yes,Electronic check,72.29,736.88,Yes
C2174-3098,Female,1,Yes,Yes,48,Yes,No,Fiber optic,No,Yes,No,No,No,No,Month-to-month,No,Bank transfer (automatic),102.69,4915.64,Yes
C2175-7862,Female,0,No,No,72,Yes,No,No,No internet service,No internet service,No internet service,No internet service,No internet service,No internet service,Month-to-month,Yes,Credit card (automatic),31.33,2302.47,No
C2176-1947,Male,0,No,No,60,Yes,Yes,Fiber optic,No,No,Yes,No,No,No,Month-to-month,Yes,Mailed check,108.0,6485.68,No
C2177-5324,Female,1,Yes,No,39,Yes,Yes,DSL,No,No,Yes,No,No,No,Month-to-month,Yes,Electronic check,74.15,2890.36,No
C2178-6635,Male,0,No,No,21,Yes,No,Fiber optic,No,Yes,No,No,No,Yes,One year,No,Electronic check,93.3,1943.53,No
C2179-5107,Female,0,Yes,No,33,Yes,Yes,Fiber optic,No,No,No,No,Yes,No,One year,Yes,Bank transfer (automatic),107.13,3531.48,No
C2180-7297,Female,0,No,No,46,Yes,No,DSL,No,Yes,No,No,No,No,Month-to-month,No,Electronic check,61.89,2843.61,No
C2181-3161,Female,0,Yes,Yes,19,Yes,Yes,DSL,No,Yes,Yes,Yes,Yes,No,One year,No,Mailed check,99.79,1890.57,No
C2182-6455,Male,0,No,No,46,Yes,Yes,Fiber optic,No,No,No,Yes,Yes,Yes,Month-to-month,Yes,Mailed check,115.66,5295.51,No
C2183-6802,Male,1,No,No,23,Yes,Yes,Fiber optic,No,No,Yes,Yes,Yes,Yes,Month-to-month,No,Bank transfer (automatic),138.45,3170.27,No
C2184-6703,Female,0,No,No,10,No,No phone service,DSL,Yes,Yes,No,No,Yes,No,One year,Yes,Bank transfer (automatic),60.69,621.24,No
C2185-3603,Male,0,No,Yes,24,Yes,Yes,Fiber optic,No,No,Yes,No,Yes,No,One year,No,Electronic check,105.13,2509.49,No
C2186-3748,Female,0,Yes,Yes,30,Yes,Yes,DSL,No,No,No,Yes,Yes,Yes,One year,Yes,Credit card (automatic),99.11,3002.9,No
C2187-3320,Male,0,No,No,56,Yes,No,Fiber optic,Yes,No,No,No,No,No,Two year,Yes,Mailed check,97.59,5493.89,No
C2188-5155,Female,0,Yes,No,35,Yes,Yes,No,No internet service,No internet service,No internet service,No internet service,No internet service,No internet service,Month-to-month,No,Bank transfer (automatic),39.87,1376.76,No
C2189-6273,Male,0,Yes,Yes,4,Yes,No,DSL,No,Yes,Yes,No,Yes,Yes,One year,No,Credit card (automatic),87.61,331.59,No
C2190-4262,Female,1,Yes,Yes,46,Yes,No,Fiber optic,No,No,No,No,No,No,Two year,Yes,Credit card (automatic),80.73,3676.47,No
C2191-4689,Female,0,No,No,20,No,No phone service,Fiber optic,No,Yes,No,No,No,Yes,Month-to-month,Yes,Bank transfer (automatic),79.6,1635.15,No
C2192-3577,Male,0,No,No,6,Yes,No,No,No internet service,No internet service,No internet service,No internet service,No internet service,No internet service,Two year,Yes,Bank transfer (automatic),41.3,245.8,No
C2193-2969,Male,0,Yes,Yes,46,Yes,Yes,Fiber optic,Yes,No,Yes,No,Yes,No,Month-to-month,No,Mailed check,110.27,5067.77,No
C2194-6916,Female,0,No,No,52,Yes,Yes,Fiber optic,No,No,No,No,Yes,Yes,Two year,Yes,Mailed check,104.73,5444.89,No
C2195-8343,Male,0,No,No,31,Yes,Yes,Fiber optic,No,Yes,Yes,No,No,Yes,Two year,No,Bank transfer (automatic),128.64,3996.63,No
C2196-3616,Male,1,Yes,Yes,36,Yes,No,Fiber optic,Yes,Yes,Yes,No,No,No,Month-to-month,Yes,Credit card (automatic),107.44,3837.91,No
C2197-8744,Female,0,Yes,No,30,Yes,Yes,No,No internet service,No internet service,No internet service,No internet service,No internet service,No internet service,Month-to-month,Yes,Credit card (automatic),52.0,1569.8,No
C2198-6138,Female,0,No,No,45,Yes,Yes,Fiber optic,Yes,Yes,No,Yes,Yes,No,One year,No,Bank transfer (automatic),125.77,5681.07,No
C2199-2509,Male,0,No,Yes,23,Yes,No,Fiber optic,No,Yes,Yes,No,Yes,No,Month-to-month,Yes,Bank transfer (automatic),108.39,2497.3,No
C2200-4293,Male,0,Yes,No,2,Yes,No,No,No internet service,No internet service,No internet service,No internet service,No internet service,No internet service,Month-to-month,No,Bank transfer (automatic),45.47,94.88,No
C2201-1067,Male,0,No,No,10,Yes,Yes,DSL,No,Yes,Yes,No,Yes,Yes,Month-to-month,No,Bank transfer (automatic),98.41,966.24,Yes
C2202-1352,Male,0,Yes,No,13,Yes,No,Fiber optic,No,No,No,No,Yes,No,Month-to-month,Yes,Credit card (automatic),96.16,1273.21,No
C2203-4024,Male,0,No,No,20,Yes,No,No,No internet service,No internet service,No internet service,No internet service,No internet service,No internet service,Month-to-month,No,Electronic check,27.64,560.11,No
C2204-5089,Male,0,Yes,No,22,Yes,Yes,No,No internet service,No internet service,No internet service,No internet service,No internet service,No internet service,One year,No,Electronic check,36.21,781.92,No
C2205-8176,Male,0,Yes,Yes,72,No,No phone service,DSL,No,Yes,No,No,Yes,Yes,One year,No,Electronic check,56.91,4104.97,No
C2206-2208,Female,0,Yes,Yes,27,Yes,No,Fiber optic,Yes,No,Yes,No,No,No,One year,Yes,Mailed check,91.54,2491.28,Yes
C2207-8551,Male,0,No,No,36,Yes,No,DSL,No,No,No,No,No,No,Two year,Yes,Bank transfer (automatic),75.39,2689.93,No
C2208-3110,Male,0,Yes,Yes,24,Yes,Yes,Fiber optic,No,Yes,No,No,No,No,One year,Yes,Bank transfer (automatic),96.56,2339.15,No
C2209-2244,Female,0,Yes,No,30,No,No phone service,Fiber optic,Yes,No,No,Yes,No,Yes,Month-to-month,Yes,Electronic check,86.97,2609.13,No
C2210-7298,Male,0,Yes,No,36,Yes,Yes,Fiber optic,No,Yes,Yes,No,Yes,No,Month-to-month,No,Electronic check,123.53,4452.48,No
C2211-7968,Male,0,No,No,60,Yes,No,No,No internet service,No internet service,No internet service,No internet service,No internet service,No internet service,Month-to-month,Yes,Bank transfer (automatic),49.69,2966.04,No
C2212-6443,Female,0,Yes,Yes,59,Yes,No,DSL,No,Yes,No,No,No,No,One year,Yes,Electronic check,70.42,4119.16,No
C2213-2041,Female,0,Yes,No,6,No,No phone service,No,No internet service,No internet service,No internet service,No internet service,No internet service,No internet service,Month-to-month,No,Credit card (automatic),18.25,115.74,No
C2214-2037,Female,1,Yes,No,13,Yes,Yes,Fiber optic,Yes,No,Yes,Yes,No,No,One year,No,Credit card (automatic),106.61,1366.9,No
C2215-4510,Female,0,No,No,20,Yes,Yes,DSL,Yes,No,No,No,No,No,Month-to-month,No,Electronic check,65.24,1276.86,Yes
C2216-5054,Female,0,Yes,No,56,Yes,No,No,No internet service,No internet service,No internet service,No internet service,No internet service,No internet service,Month-to-month,No,Mailed check,45.91,2552.84,No
C2217-9986,Female,1,Yes,Yes,33,Yes,No,No,No internet service,No internet service,No internet service,No internet service,No internet service,No internet service,One year,Yes,Electronic check,37.21,1242.96,No
C2218-3577,Female,0,No,No,22,Yes,No,No,No internet service,No internet service,No internet service,No internet service,No internet service,No internet service,One year,No,Electronic check,42.42,952.62,No
C2219-2733,Female,0,No,No,8,Yes,No,No,No internet service,No internet service,No internet service,No internet service,No internet service,No internet service,Month-to-month,No,Mailed check,40.99,352.28,No
C2220-9512,Female,1,No,No,48,Yes,Yes,DSL,No,Yes,No,No,Yes,Yes,One year,Yes,Electronic check,86.19,4158.29,Yes
C2221-2385,Male,0,Yes,No,62,Yes,No,DSL,Yes,Yes,Yes,Yes,No,No,Two year,Yes,Credit card (automatic),85.83,5307.78,No
C2222-1237,Female,0,No,No,11,Yes,Yes,DSL,No,No,No,No,No,No,Month-to-month,Yes,Credit card (automatic),76.85,826.92,No
C2223-4804,Male,0,No,Yes,4,Yes,No,DSL,No,No,No,No,No,Yes,One year,Yes,Bank transfer (automatic),74.64,310.02,No
C2224-4609,Female,1,No,No,25,Yes,No,No,No internet service,No internet service,No internet service,No internet service,No internet service,No internet service,Month-to-month,Yes,Mailed check,46.26,1164.78,No
C2225-6576,Male,1,No,Yes,26,Yes,Yes,Fiber optic,No,Yes,No,Yes,Yes,No,Month-to-month,No,Mailed check,110.64,2891.16,No
C2226-8898,Male,1,No,No,72,Yes,No,DSL,No,No,No,Yes,Yes,Yes,One year,Yes,Bank transfer (automatic),78.47,5662.42,No
C2227-9395,Male,0,No,No,15,Yes,Yes,Fiber optic,No,No,Yes,Yes,No,No,One year,No,Electronic check,111.05,1666.61,No
C2228-3606,Female,0,Yes,No,13,Yes,No,Fiber optic,No,Yes,No,No,No,No,One year,Yes,Credit card (automatic),105.68,1392.22,Yes
C2229-9826,Male,1,No,No,12,Yes,No,Fiber optic,No,No,Yes,No,Yes,Yes,Month-to-month,Yes,Electronic check,120.67,1450.41,No
C2230-6693,Female,0,No,No,8,Yes,Yes,No,No internet service,No internet service,No internet service,No internet service,No internet service,No internet service,Month-to-month,No,Mailed check,37.59,322.36,Yes
C2231-1626,Female,0,No,No,23,Yes,No,Fiber optic,No,Yes,No,No,Yes,No,Month-to-month,Yes,Electronic check,102.33,2340.54,No
C2232-9445,Male,0,Yes,No,50,Yes,No,Fiber optic,No,Yes,No,No,Yes,Yes,One year,No,Mailed check,119.23,5934.34,No
C2233-2241,Female,1,Yes,No,52,Yes,No,DSL,No,No,Yes,Yes,Yes,No,One year,Yes,Bank transfer (automatic),91.43,4751.32,No
C2234-6296,Female,0,No,Yes,9,Yes,Yes,Fiber optic,No,Yes,Yes,Yes,Yes,No,Two year,Yes,Bank transfer (automatic),111.58,1001.76,No
C2235-8115,Male,0,No,No,57,Yes,Yes,Fiber optic,No,No,Yes,No,Yes,No,Month-to-month,Yes,Electronic check,117.12,6668.72,Yes
C2236-3244,Female,1,Yes,No,27,No,No phone service,Fiber optic,No,No,No,Yes,Yes,Yes,One year,No,Bank transfer (automatic),82.78,2214.55,No
C2237-3435,Male,1,No,No,46,Yes,No,DSL,No,Yes,Yes,No,No,Yes,One year,Yes,Electronic check,88.65,4074.21,No
C2238-5285,Female,1,Yes,Yes,60,Yes,No,Fiber optic,No,No,No,No,No,No,One year,No,Credit card (automatic),91.49,5472.84,No
C2239-8962,Female,0,No,No,16,Yes,Yes,DSL,No,Yes,Yes,No,Yes,Yes,Two year,Yes,Credit card (automatic),107.05,1697.43,No
C2240-3012,Female,0,No,Yes,27,Yes,Yes,No,No internet service,No internet service,No internet service,No internet service,No internet service,No internet service,Two year,Yes,Mailed check,45.37,1211.21,No
C2241-6970,Female,0,No,No,22,Yes,No,Fiber optic,No,No,Yes,No,No,No,Month-to-month,Yes,Bank transfer (automatic),97.52,2113.06,No
C2242-5072,Female,0,Yes,No,29,Yes,No,DSL,No,Yes,No,Yes,No,Yes,Two year,Yes,Credit card (automatic),85.92,2487.62,No
C2243-2006,Female,1,Yes,Yes,21,Yes,No,Fiber optic,Yes,Yes,No,Yes,No,Yes,Two year,Yes,Mailed check,117.11,2467.61,No
C2244-7397,Female,0,Yes,Yes,32,Yes,No,No,No internet service,No internet service,No internet service,No internet service,No internet service,No internet service,Month-to-month,No,Bank transfer (automatic),49.04,1550.8,No
C2245-8491,Female,0,No,No,1,No,No phone service,Fiber optic,No,No,No,Yes,No,Yes,Month-to-month,No,Mailed check,84.76,105.88,Yes
C2246-6180,Female,0,No,Yes,16,Yes,No,No,No internet service,No internet service,No internet service,No internet service,No internet service,No internet service,One year,No,Credit card (automatic),30.59,475.26,No
C2247-2587,Male,0,No,No,24,Yes,No,No,No internet service,No internet service,No internet service,No internet service,No internet service,No internet service,Month-to-month,No,Electronic check,39.94,957.84,No
C2248-2401,Male,1,No,No,42,Yes,Yes,No,No internet service,No internet service,No internet service,No internet service,No internet service,No internet service,Two year,No,Electronic check,43.03,1794.72,No
C2249-4811,Male,0,Yes,Yes,1,No,No phone service,Fiber optic,No,No,Yes,Yes,Yes,Yes,Month-to-month,Yes,Bank transfer (automatic),102.96,79.77,No
C2250-5557,Male,0,Yes,No,60,Yes,No,Fiber optic,No,No,Yes,Yes,No,No,Month-to-month,No,Electronic check,107.62,6448.41,Yes
C2251-5969,Female,0,No,No,27,Yes,No,DSL,No,No,Yes,No,No,Yes,Month-to-month,Yes,Credit card (automatic),83.0,2228.82,No
C2252-3192,Female,0,No,Yes,56,Yes,Yes,No,No internet service,No internet service,No internet service,No internet service,No internet service,No internet service,Month-to-month,No,Credit card (automatic),35.65,1994.38,No
C2253-5506,Male,0,Yes,Yes,35,Yes,No,No,No internet service,No internet service,No internet service,No internet service,No internet service,No internet service,Two year,No,Bank transfer (automatic),39.8,1398.09,No
C2254-3655,Female,1,No,No,72,Yes,No,DSL,No,No,No,Yes,No,Yes,Month-to-month,Yes,Mailed check,69.97,5071.34,No
C2255-7174,Male,0,No,No,37,Yes,No,Fiber optic,No,No,No,No,Yes,Yes,One year,No,Bank transfer (automatic),93.36,3459.87,No
C2256-8167,Female,0,Yes,Yes,4,No,No phone service,DSL,No,No,Yes,No,Yes,No,Month-to-month,Yes,Electronic check,57.41,231.98,Yes
C2257-6873,Female,0,Yes,No,43,Yes,No,No,No internet service,No internet service,No internet service,No internet service,No internet service,No internet service,Month-to-month,Yes,Credit card (automatic),42.34,1816.77,No
C2258-1011,Male,0,No,No,29,Yes,No,DSL,Yes,No,No,Yes,Yes,Yes,Month-to-month,No,Electronic check,95.05,2732.16,No
C2259-9927,Male,0,Yes,Yes,15,Yes,Yes,Fiber optic,No,No,Yes,No,No,No,Two year,Yes,Mailed check,98.8,1487.55,No
C2260-1213,Male,0,Yes,No,30,Yes,No,Fiber optic,Yes,No,No,No,Yes,No,Month-to-month,Yes,Electronic check,102.38,3059.75,Yes
C2261-9993,Female,0,No,No,38,No,No phone service,DSL,No,No,No,Yes,Yes,Yes,Month-to-month,No,Bank transfer (automatic),78.34,2977.2,No
C2262-1285,Female,0,No,No,32,Yes,Yes,No,No internet service,No internet service,No internet service,No internet service,No internet service,No internet service,Month-to-month,Yes,Electronic check,40.81,1299.34,No
C2263-5647,Male,1,Yes,No,6,Yes,No,Fiber optic,No,Yes,No,No,No,Yes,Month-to-month,Yes,Electronic check,87.02,475.22,Yes
C2264-1953,Female,1,Yes,Yes,72,Yes,Yes,Fiber optic,No,No,No,No,Yes,No,Month-to-month,Yes,Bank transfer (automatic),102.51,7375.63,No
C2265-1856,Male,0,No,No,48,Yes,Yes,DSL,No,Yes,Yes,Yes,Yes,No,Month-to-month,Yes,Mailed check,92.7,4443.02,No
C2266-7149,Female,0,Yes,No,26,No,No phone service,Fiber optic,No,Yes,Yes,No,Yes,Yes,Month-to-month,Yes,Mailed check,98.14,2562.76,No
C2267-7549,Male,0,No,No,20,Yes,Yes,DSL,No,Yes,No,No,No,Yes,Month-to-month,Yes,Mailed check,74.35,1501.73,No
C2268-2064,Male,0,No,No,72,Yes,No,Fiber optic,No,No,Yes,Yes,Yes,No,One year,No,Credit card (automatic),92.7,6682.99,No
C2269-9789,Female,0,Yes,Yes,32,Yes,Yes,Fiber optic,No,No,No,No,No,No,Month-to-month,No,Mailed check,90.1,2875.45,Yes
C2270-3883,Male,0,No,No,6,Yes,No,DSL,Yes,Yes,Yes,No,No,No,Month-to-month,Yes,Electronic check,94.24,573.3,No
C2271-3864,Female,0,Yes,Yes,72,Yes,No,No,No internet service,No internet service,No internet service,No internet service,No internet service,No internet service,Two year,No,Bank transfer (automatic),33.54,2407.47,No
C2272-3672,Female,1,No,No,17,Yes,No,DSL,Yes,No,Yes,No,Yes,No,One year,No,Mailed check,92.19,1569.21,Yes
C2273-5150,Male,1,No,No,6,Yes,No,Fiber optic,Yes,Yes,No,No,Yes,Yes,Two year,Yes,Electronic check,115.83,715.27,No
C2274-2600,Male,0,Yes,No,32,Yes,No,No,No internet service,No internet service,No internet service,No internet service,No internet service,No internet service,One year,No,Mailed check,24.16,777.76,Yes
C2275-4822,Female,0,Yes,Yes,14,Yes,No,No,No internet service,No internet service,No internet service,No internet service,No internet service,No internet service,Month-to-month,Yes,Mailed check,37.82,564.85,No
C2276-2889,Female,0,No,No,23,Yes,No,Fiber optic,No,Yes,Yes,No,No,Yes,One year,Yes,Bank transfer (automatic),118.83,2749.85,No
C2277-1462,Female,0,Yes,No,36,Yes,No,DSL,No,Yes,Yes,No,No,Yes,Two year,Yes,Electronic check,88.35,3165.75,No
C2278-4318,Male,0,Yes,Yes,0,No,No phone service,Fiber optic,Yes,Yes,No,No,No,Yes,Month-to-month,Yes,Credit card (automatic),98.27,,No
C2279-7049,Male,0,Yes,No,29,Yes,Yes,Fiber optic,No,Yes,No,No,Yes,Yes,Month-to-month,Yes,Electronic check,118.18,3420.64,Yes
C2280-7867,Male,0,Yes,No,62,Yes,No,Fiber optic,Yes,No,No,No,Yes,Yes,Month-to-month,Yes,Mailed check,118.93,7369.18,No
C2281-4179,Female,0,No,No,7,No,No phone service,Fiber optic,No,No,Yes,Yes,Yes,No,Two year,Yes,Mailed check,91.24,643.89,No
C2282-3913,Female,0,Yes,No,50,No,No phone service,No,No internet service,No internet service,No internet service,No internet service,No internet service,No internet service,Month-to-month,No,Electronic check,18.25,894.09,No
C2283-8086,Female,0,Yes,No,28,No,No phone service,Fiber optic,No,Yes,Yes,No,Yes,Yes,Two year,Yes,Electronic check,88.32,2466.45,No
C2284-7130,Female,0,Yes,Yes,40,Yes,No,No,No internet service,No internet service,No internet service,No internet service,No internet service,No internet service,One year,Yes,Mailed check,46.76,1861.87,No
C2285-8488,Female,0,No,No,18,Yes,No,No,No internet service,No internet service,No internet service,No internet service,No internet service,No internet service,One year,No,Bank transfer (automatic),32.32,578.16,No
C2286-9154,Male,0,No,No,31,Yes,No,No,No internet service,No internet service,No internet service,No internet service,No internet service,No internet service,Month-to-month,Yes,Bank transfer (automatic),38.07,1207.43,No
C2287-8390,Female,0,No,No,72,Yes,Yes,DSL,No,Yes,No,No,Yes,No,Month-to-month,Yes,Electronic check,89.69,6448.47,No
C2288-9427,Female,0,No,No,40,Yes,No,Fiber optic,No,No,Yes,No,Yes,Yes,Month-to-month,No,Electronic check,107.71,4289.27,Yes
C2289-4749,Male,0,No,No,8,Yes,No,No,No internet service,No internet service,No internet service,No internet service,No internet service,No internet service,One year,Yes,Bank transfer (automatic),34.45,295.41,No
C2290-4551,Male,0,Yes,No,58,Yes,Yes,Fiber optic,No,Yes,No,Yes,Yes,No,One year,Yes,Bank transfer (automatic),120.63,7002.52,No
C2291-3893,Male,0,Yes,Yes,24,Yes,No,Fiber optic,Yes,No,Yes,No,No,Yes,Month-to-month,No,Mailed check,108.38,2628.32,No
C2292-3116,Female,0,Yes,Yes,2,Yes,Yes,DSL,Yes,Yes,No,No,Yes,Yes,Month-to-month,No,Bank transfer (automatic),107.81,202.15,Yes
C2293-7738,Female,0,Yes,No,12,Yes,No,Fiber optic,No,Yes,No,No,Yes,No,One year,Yes,Mailed check,93.19,1118.48,No
C2294-7429,Male,0,No,No,9,Yes,No,Fiber optic,No,Yes,No,No,Yes,No,Month-to-month,No,Bank transfer (automatic),97.78,883.29,Yes
C2295-8211,Male,0,Yes,No,23,Yes,Yes,No,No internet service,No internet service,No internet service,No internet service,No internet service,No internet service,Two year,No,Mailed check,59.72,1384.3,No
C2296-2506,Female,0,No,No,59,Yes,No,Fiber optic,No,Yes,No,Yes,Yes,Yes,Month-to-month,No,Mailed check,129.28,7647.27,Yes
C2297-5420,Male,0,Yes,Yes,48,Yes,No,DSL,Yes,No,No,Yes,Yes,Yes,Two year,Yes,Electronic check,92.23,4416.0,No
C2298-2997,Female,0,Yes,Yes,14,Yes,No,Fiber optic,No,No,No,No,No,No,Month-to-month,No,Bank transfer (automatic),79.27,1104.97,Yes
C2299-9036,Female,0,Yes,Yes,37,Yes,Yes,No,No internet service,No internet service,No internet service,No internet service,No internet service,No internet service,Month-to-month,Yes,Bank transfer (automatic),54.76,2004.2,No
C2300-3406,Female,0,Yes,Yes,16,Yes,No,DSL,No,Yes,Yes,Yes,Yes,No,Month-to-month,Yes,Credit card (automatic),111.57,1778.01,Yes
C2301-2295,Male,0,Yes,No,20,No,No phone service,DSL,Yes,Yes,No,No,Yes,Yes,Month-to-month,No,Credit card (automatic),61.58,1293.25,No
C2302-6128,Female,0,No,No,34,Yes,Yes,No,No internet service,No internet service,No internet service,No internet service,No internet service,No internet service,Month-to-month,No,Electronic check,53.41,1807.26,No
C2303-8910,Male,0,No,No,7,Yes,No,DSL,Yes,Yes,Yes,No,No,Yes,Month-to-month,No,Electronic check,97.42,674.78,No
C2304-9240,Female,0,No,No,22,Yes,Yes,Fiber optic,Yes,Yes,No,No,Yes,No,Month-to-month,No,Electronic check,109.76,2435.73,No
C2305-1864,Female,0,No,Yes,22,Yes,No,No,No internet service,No internet service,No internet service,No internet service,No internet service,No internet service,Month-to-month,Yes,Bank transfer (automatic),45.85,1022.83,No
C2306-3932,Male,0,No,No,13,Yes,No,No,No internet service,No internet service,No internet service,No internet service,No internet service,No internet service,Month-to-month,No,Bank transfer (automatic),29.86,376.47,Yes
C2307-2381,Male,0,No,No,37,Yes,Yes,DSL,Yes,Yes,No,Yes,Yes,No,Two year,No,Mailed check,97.82,3625.16,Yes
C2308-3770,Female,0,Yes,Yes,37,Yes,No,No,No internet service,No internet service,No internet service,No internet service,No internet service,No internet service,Two year,No,Mailed check,36.12,1364.6,No
C2309-5804,Female,0,Yes,No,10,Yes,Yes,No,No internet service,No internet service,No internet service,No internet service,No internet service,No internet service,Month-to-month,Yes,Credit card (automatic),36.7,400.82,Yes
C2310-3524,Female,0,Yes,No,7,Yes,No,No,No internet service,No internet service,No internet service,No internet service,No internet service,No internet service,Month-to-month,No,Credit card (automatic),37.59,278.11,Yes
C2311-1607,Female,0,No,No,25,Yes,No,Fiber optic,No,No,No,No,No,No,Month-to-month,No,Mailed check,78.54,1948.75,No
C2312-5589,Female,0,No,No,11,Yes,No,Fiber optic,No,Yes,No,No,Yes,Yes,Two year,No,Electronic check,105.24,1157.13,No
C2313-1475,Male,1,No,No,18,Yes,Yes,Fiber optic,No,Yes,No,No,No,No,One year,Yes,Mailed check,113.66,2041.36,No
C2314-3040,Female,0,No,No,0,Yes,No,Fiber optic,No,No,No,No,No,Yes,Month-to-month,Yes,Credit card (automatic),101.42,,Yes
C2315-1004,Male,0,Yes,Yes,22,Yes,No,Fiber optic,Yes,Yes,Yes,No,Yes,Yes,One year,Yes,Electronic check,128.26,2805.62,Yes
C2316-1781,Male,0,No,No,19,Yes,No,Fiber optic,No,No,No,No,Yes,Yes,One year,No,Mailed check,110.05,2072.81,No
C2317-4926,Male,0,No,No,7,Yes,No,Fiber optic,No,No,Yes,No,Yes,No,Month-to-month,Yes,Credit card (automatic),113.86,776.93,Yes
C2318-8655,Male,0,No,No,46,Yes,No,Fiber optic,No,Yes,No,No,Yes,Yes,Month-to-month,No,Electronic check,95.5,4368.49,Yes
C2319-7970,Male,0,Yes,No,18,Yes,No,DSL,No,No,No,No,Yes,Yes,Two year,No,Electronic check,81.38,1464.41,No
C2320-1889,Female,0,Yes,No,27,Yes,No,No,No internet service,No internet service,No internet service,No internet service,No internet service,No internet service,Month-to-month,No,Bank transfer (automatic),30.13,802.78,Yes
C2321-1313,Female,0,Yes,No,44,Yes,Yes,No,No internet service,No internet service,No internet service,No internet service,No internet service,No internet service,Month-to-month,No,Credit card (automatic),40.4,1749.26,No
C2322-4042,Male,0,No,No,39,Yes,Yes,Fiber optic,Yes,Yes,No,No,No,No,Two year,No,Bank transfer (automatic),100.05,3887.7,No
C2323-6869,Female,0,Yes,Yes,5,Yes,No,Fiber optic,Yes,Yes,No,Yes,Yes,Yes,One year,Yes,Credit card (automatic),140.08,703.34,No
C2324-7719,Male,0,Yes,No,28,Yes,Yes,No,No internet service,No internet service,No internet service,No internet service,No internet service,No internet service,Month-to-month,No,Electronic check,30.9,872.84,No
C2325-8407,Male,0,No,No,12,Yes,No,Fiber optic,Yes,Yes,No,Yes,No,No,Month-to-month,Yes,Electronic check,110.35,1308.06,No
C2326-4079,Male,0,No,No,56,Yes,No,Fiber optic,No,Yes,Yes,No,Yes,No,Month-to-month,Yes,Mailed check,122.67,6846.94,Yes
C2327-2511,Female,1,No,No,72,Yes,Yes,DSL,No,Yes,No,No,No,No,Month-to-month,No,Electronic check,79.42,5738.18,No
C2328-1237,Female,0,No,No,62,Yes,No,No,No internet service,No internet service,No internet service,No internet service,No internet service,No internet service,Month-to-month,Yes,Bank transfer (automatic),18.25,1120.57,No
C2329-2321,Female,0,No,No,45,Yes,No,DSL,Yes,No,No,Yes,No,No,One year,No,Electronic check,96.83,4389.24,No
C2330-1586,Female,1,Yes,No,24,Yes,No,No,No internet service,No internet service,No internet service,No internet service,No internet service,No internet service,Month-to-month,Yes,Bank transfer (automatic),53.97,1297.97,No
C2331-8746,Female,0,No,No,48,Yes,No,Fiber optic,No,No,No,No,Yes,No,Two year,Yes,Bank transfer (automatic),86.64,4124.53,No
C2332-3415,Female,0,Yes,No,3,Yes,No,Fiber optic,No,Yes,No,Yes,Yes,No,Month-to-month,Yes,Credit card (automatic),117.78,339.63,Yes
C2333-8407,Female,1,Yes,Yes,14,Yes,No,Fiber optic,No,Yes,Yes,No,No,No,Month-to-month,Yes,Credit card (automatic),104.74,1464.65,No
C2334-5977,Male,0,No,No,38,Yes,No,Fiber optic,No,Yes,No,No,Yes,No,Month-to-month,Yes,Electronic check,90.98,3468.3,No
C2335-5849,Male,0,No,No,21,Yes,No,No,No internet service,No internet service,No internet service,No internet service,No internet service,No internet service,One year,Yes,Mailed check,46.41,953.42,No
C2336-5092,Male,0,No,No,8,No,No phone service,DSL,No,No,No,No,No,No,Two year,No,Bank transfer (automatic),40.89,323.6,No
C2337-8371,Female,0,No,No,37,Yes,Yes,DSL,No,Yes,Yes,No,No,Yes,Month-to-month,Yes,Mailed check,94.68,3487.74,Yes
C2338-1390,Female,0,No,No,70,Yes,No,No,No internet service,No internet service,No internet service,No internet service,No internet service,No internet service,One year,No,Electronic check,43.73,3072.19,No
C2339-1834,Male,0,Yes,No,66,Yes,No,DSL,No,No,Yes,No,No,No,Month-to-month,Yes,Credit card (automatic),76.24,5008.87,No
C2340-4810,Female,1,Yes,No,14,Yes,Yes,DSL,No,No,Yes,No,Yes,Yes,Month-to-month,Yes,Credit card (automatic),98.62,1380.04,No
C2341-4549,Female,0,Yes,Yes,72,No,No phone service,DSL,No,No,No,No,No,Yes,Month-to-month,No,Credit card (automatic),42.72,3067.81,No
C2342-5909,Male,0,Yes,Yes,17,Yes,Yes,Fiber optic,No,Yes,No,No,No,Yes,Month-to-month,No,Bank transfer (automatic),88.12,1500.46,Yes
C2343-7639,Male,1,Yes,No,29,Yes,No,No,No internet service,No internet service,No internet service,No internet service,No internet service,No internet service,Two year,Yes,Electronic check,32.03,921.99,No
C2344-6287,Male,0,No,No,54,Yes,Yes,Fiber optic,No,Yes,Yes,No,No,No,One year,Yes,Mailed check,117.08,6301.53,No
C2345-3316,Female,0,Yes,Yes,27,No,No phone service,DSL,No,Yes,No,No,Yes,No,Two year,Yes,Electronic check,49.25,1323.54,No
C2346-3945,Female,0,No,No,11,Yes,Yes,Fiber optic,No,Yes,Yes,Yes,Yes,Yes,Two year,No,Bank transfer (automatic),130.08,1406.95,No
C2347-7770,Female,0,No,No,19,Yes,Yes,Fiber optic,No,Yes,No,Yes,No,No,One year,Yes,Mailed check,112.25,2113.04,No
C2348-2813,Male,1,Yes,Yes,54,Yes,No,No,No internet service,No internet service,No internet service,No internet service,No internet service,No internet service,Month-to-month,No,Bank transfer (automatic),37.2,2005.16,Yes
C2349-5537,Female,0,No,No,17,Yes,Yes,Fiber optic,No,No,Yes,No,Yes,Yes,Month-to-month,Yes,Mailed check,127.67,2136.82,No
C2350-5848,Female,0,Yes,No,24,Yes,Yes,Fiber optic,Yes,No,No,No,No,No,Month-to-month,Yes,Credit card (automatic),98.59,2379.75,No
C2351-7751,Female,0,No,No,25,Yes,Yes,No,No internet service,No internet service,No internet service,No internet service,No internet service,No internet service,Month-to-month,Yes,Credit card (automatic),44.93,1126.37,No
C2352-7428,Female,0,No,No,43,Yes,No,DSL,No,No,No,No,Yes,No,Month-to-month,Yes,Mailed check,73.97,3211.91,No
C2353-5181,Female,0,Yes,No,51,Yes,No,No,No internet service,No internet service,No internet service,No internet service,No internet service,No internet service,Month-to-month,Yes,Electronic check,39.27,2037.08,Yes
C2354-3782,Male,1,Yes,Yes,32,Yes,No,DSL,No,Yes,No,No,Yes,Yes,One year,Yes,Electronic check,73.8,2340.8,No
C2355-4310,Male,0,No,No,18,No,No phone service,Fiber optic,No,Yes,No,Yes,Yes,No,Month-to-month,Yes,Mailed check,100.68,1822.71,No
C2356-4703,Male,0,Yes,No,30,No,No phone service,DSL,Yes,No,No,No,No,No,Month-to-month,No,Electronic check,60.16,1806.25,Yes
C2357-2972,Female,0,No,No,17,Yes,No,No,No internet service,No internet service,No internet service,No internet service,No internet service,No internet service,Month-to-month,Yes,Bank transfer (automatic),30.91,542.35,No
C2358-6628,Male,0,Yes,No,72,Yes,Yes,Fiber optic,No,Yes,Yes,Yes,Yes,No,Month-to-month,No,Electronic check,128.41,9238.17,No
C2359-2875,Male,0,No,No,24,Yes,No,No,No internet service,No internet service,No internet service,No internet service,No internet service,No internet service,Month-to-month,Yes,Electronic check,34.96,832.21,No
C2360-6837,Female,0,Yes,Yes,60,Yes,No,No,No internet service,No internet service,No internet service,No internet service,No internet service,No internet service,Month-to-month,Yes,Credit card (automatic),44.98,2695.5,No
C2361-7762,Male,0,Yes,No,61,Yes,No,DSL,Yes,No,Yes,No,Yes,No,Two year,Yes,Credit card (automatic),98.01,5980.78,No
C2362-9655,Female,0,Yes,Yes,32,Yes,No,DSL,Yes,No,Yes,No,No,No,One year,No,Credit card (automatic),66.0,2108.9,No
C2363-2070,Male,0,Yes,Yes,36,Yes,Yes,No,No internet service,No internet service,No internet service,No internet service,No internet service,No internet service,Two year,Yes,Mailed check,60.38,2181.49,No
C2364-7836,Female,0,No,No,36,Yes,No,Fiber optic,No,Yes,No,Yes,Yes,No,Month-to-month,Yes,Electronic check,122.25,4389.78,No
C2365-1773,Female,0,No,Yes,41,Yes,Yes,No,No internet service,No internet service,No internet service,No internet service,No internet service,No internet service,Two year,No,Credit card (automatic),38.27,1541.4,No
C2366-4034,Female,0,Yes,Yes,8,Yes,Yes,Fiber optic,No,No,No,No,Yes,No,One year,Yes,Electronic check,83.77,660.72,Yes
C2367-2586,Male,0,Yes,Yes,72,Yes,No,Fiber optic,No,No,No,Yes,No,No,Two year,Yes,Mailed check,95.36,6855.73,No
C2368-2460,Female,0,Yes,Yes,30,Yes,No,Fiber optic,No,Yes,Yes,No,No,Yes,Month-to-month,No,Electronic check,111.72,3388.3,No
C2369-2577,Male,0,No,No,70,Yes,Yes,Fiber optic,No,Yes,Yes,No,Yes,No,Two year,Yes,Bank transfer (automatic),108.97,7626.18,No
C2370-1395,Female,1,No,No,30,Yes,No,No,No internet service,No internet service,No internet service,No internet service,No internet service,No internet service,Month-to-month,No,Credit card (automatic),30.95,940.83,No
C2371-8407,Male,1,No,No,32,No,No phone service,Fiber optic,No,No,No,No,Yes,No,Month-to-month,No,Mailed check,80.29,2565.38,Yes
C2372-1550,Female,0,No,No,15,Yes,Yes,No,No internet service,No internet service,No internet service,No internet service,No internet service,No internet service,Month-to-month,No,Credit card (automatic),45.92,667.74,No
C2373-4586,Female,0,Yes,Yes,17,No,No phone service,DSL,No,Yes,Yes,Yes,Yes,No,Month-to-month,Yes,Mailed check,67.09,1122.17,No
C2374-7291,Female,0,Yes,Yes,3,Yes,No,No,No internet service,No internet service,No internet service,No internet service,No internet service,No internet service,Month-to-month,Yes,Credit card (automatic),43.99,136.44,Yes
C2375-9912,Female,0,No,No,72,Yes,Yes,Fiber optic,No,No,No,No,Yes,Yes,Two year,Yes,Electronic check,110.57,7974.36,No
C2376-8682,Female,1,Yes,No,62,Yes,Yes,DSL,No,No,No,No,No,No,One year,Yes,Electronic check,88.96,5525.92,No
C2377-2234,Female,0,Yes,No,15,Yes,Yes,Fiber optic,No,No,Yes,No,No,Yes,Month-to-month,Yes,Mailed check,128.1,1925.31,No
C2378-9888,Male,0,Yes,Yes,28,Yes,Yes,Fiber optic,Yes,Yes,No,No,Yes,No,Month-to-month,Yes,Bank transfer (automatic),119.09,3343.56,No
C2379-6881,Female,0,No,No,42,Yes,No,No,No internet service,No internet service,No internet service,No internet service,No internet service,No internet service,Month-to-month,Yes,Mailed check,37.02,1562.18,No
C2380-2615,Female,0,No,No,9,Yes,Yes,Fiber optic,Yes,No,No,No,Yes,No,One year,Yes,Electronic check,110.54,1000.43,No
C2381-5038,Female,0,No,No,13,No,No phone service,DSL,Yes,Yes,No,No,No,No,Month-to-month,Yes,Mailed check,53.53,704.07,Yes
C2382-9260,Male,0,Yes,No,25,Yes,Yes,No,No internet service,No internet service,No internet service,No internet service,No internet service,No internet service,One year,Yes,Mailed check,49.52,1242.13,No
C2383-4535,Female,0,Yes,Yes,72,Yes,No,DSL,No,Yes,No,No,No,No,Month-to-month,Yes,Mailed check,64.9,4663.66,No
C2384-2652,Male,0,Yes,Yes,14,Yes,Yes,Fiber optic,No,No,Yes,Yes,Yes,Yes,Month-to-month,No,Credit card (automatic),125.91,1762.68,No
C2385-8874,Female,0,No,No,43,Yes,Yes,Fiber optic,No,No,No,Yes,Yes,No,Month-to-month,Yes,Credit card (automatic),104.37,4523.86,Yes
C2386-9575,Male,0,Yes,Yes,72,Yes,Yes,Fiber optic,No,No,Yes,No,Yes,No,Month-to-month,Yes,Electronic check,103.63,7468.59,No
C2387-9779,Female,0,No,No,62,Yes,No,Fiber optic,No,No,No,No,No,No,Two year,No,Credit card (automatic),84.11,5234.25,No
C2388-9600,Female,0,No,No,8,Yes,No,Fiber optic,No,No,Yes,Yes,Yes,Yes,One year,Yes,Mailed check,112.29,889.96,No
C2389-8854,Male,0,No,No,18,Yes,Yes,No,No internet service,No internet service,No internet service,No internet service,No internet service,No internet service,One year,No,Electronic check,48.85,876.32,No
C2390-5089,Female,0,No,No,25,Yes,No,No,No internet service,No internet service,No internet service,No internet service,No internet service,No internet service,Month-to-month,No,Credit card (automatic),41.24,1013.91,No
C2391-2730,Female,0,Yes,No,12,Yes,No,No,No internet service,No internet service,No internet service,No internet service,No internet service,No internet service,One year,No,Electronic check,38.3,448.41,No
C2392-6553,Male,0,No,No,55,Yes,No,DSL,No,No,No,No,Yes,No,Month-to-month,Yes,Mailed check,73.94,4077.61,No
C2393-2986,Female,0,Yes,Yes,7,No,No phone service,DSL,No,No,Yes,No,No,No,Month-to-month,Yes,Credit card (automatic),56.01,372.56,No
C2394-5257,Male,0,No,No,15,Yes,Yes,DSL,No,No,Yes,Yes,Yes,No,One year,Yes,Electronic check,87.25,1339.22,No
C2395-6904,Female,0,No,No,35,Yes,No,No,No internet service,No internet service,No internet service,No internet service,No internet service,No internet service,Month-to-month,Yes,Bank transfer (automatic),38.84,1362.05,No
C2396-9518,Female,0,No,No,27,Yes,Yes,DSL,Yes,Yes,Yes,No,Yes,No,One year,Yes,Electronic check,99.01,2702.45,No
C2397-3601,Female,0,Yes,No,12,Yes,Yes,Fiber optic,No,Yes,Yes,Yes,Yes,No,Two year,Yes,Mailed check,118.18,1439.09,No
C2398-3266,Female,1,No,No,72,Yes,No,No,No internet service,No internet service,No internet service,No internet service,No internet service,No internet service,Month-to-month,Yes,Mailed check,45.36,3269.21,No
C2399-7611,Female,0,No,No,9,Yes,No,Fiber optic,No,No,No,No,No,No,Month-to-month,Yes,Bank transfer (automatic),103.15,912.92,Yes
C2400-1058,Male,0,No,No,49,Yes,Yes,DSL,No,No,No,No,No,No,Month-to-month,Yes,Electronic check,82.41,4030.67,No
C2401-6097,Male,0,No,No,40,Yes,No,DSL,No,No,No,No,Yes,Yes,One year,No,Bank transfer (automatic),85.83,3432.76,No
C2402-7712,Female,0,No,No,42,No,No phone service,Fiber optic,No,No,No,No,No,Yes,Month-to-month,Yes,Electronic check,77.72,3261.98,No
C2403-5957,Male,0,Yes,Yes,5,Yes,No,Fiber optic,No,Yes,No,No,No,No,Two year,No,Electronic check,96.92,488.1,No
C2404-4455,Male,0,Yes,No,25,Yes,No,Fiber optic,Yes,Yes,Yes,No,Yes,Yes,One year,No,Bank transfer (automatic),125.87,3179.37,No
C2405-8456,Male,0,Yes,No,33,Yes,No,DSL,No,Yes,Yes,No,Yes,Yes,Month-to-month,No,Electronic check,96.74,3183.62,Yes
C2406-4338,Female,0,No,No,37,No,No phone service,No,No internet service,No internet service,No internet service,No internet service,No internet service,No internet service,Month-to-month,Yes,Electronic check,27.24,991.14,Yes
C2407-7394,Male,1,No,No,23,No,No phone service,No,No internet service,No internet service,No internet service,No internet service,No internet service,No internet service,Month-to-month,Yes,Mailed check,18.25,427.71,No
C2408-5176,Female,0,Yes,Yes,43,Yes,Yes,Fiber optic,No,Yes,No,No,Yes,Yes,Month-to-month,Yes,Credit card (automatic),118.07,5082.36,No
C2409-1239,Male,0,Yes,No,24,Yes,No,Fiber optic,No,No,Yes,No,Yes,No,Two year,Yes,Bank transfer (automatic),110.97,2646.36,No
C2410-5774,Male,0,No,No,12,Yes,No,Fiber optic,Yes,No,No,Yes,Yes,Yes,One year,Yes,Electronic check,111.08,1351.3,No
C2411-1445,Female,0,No,No,12,Yes,Yes,DSL,No,No,Yes,Yes,No,No,One year,No,Mailed check,83.03,966.56,No
C2412-9377,Female,0,No,No,38,Yes,Yes,No,No internet service,No internet service,No internet service,No internet service,No internet service,No internet service,Month-to-month,Yes,Bank transfer (automatic),41.66,1600.4,Yes
C2413-6413,Female,0,Yes,No,13,Yes,No,Fiber optic,No,Yes,Yes,Yes,Yes,Yes,Month-to-month,Yes,Bank transfer (automatic),120.13,1581.49,No
C2414-4347,Male,0,No,No,46,Yes,Yes,DSL,No,Yes,No,No,Yes,Yes,Month-to-month,No,Mailed check,101.92,4723.47,No
C2415-5375,Male,0,Yes,No,13,Yes,Yes,No,No internet service,No internet service,No internet service,No internet service,No internet service,No internet service,Two year,No,Credit card (automatic),61.43,792.86,No
C2416-6571,Female,1,Yes,No,8,Yes,Yes,No,No internet service,No internet service,No internet service,No internet service,No internet service,No internet service,One year,Yes,Credit card (automatic),40.12,322.72,No
C2417-3341,Female,1,No,No,72,Yes,No,DSL,No,No,Yes,Yes,No,Yes,Month-to-month,Yes,Electronic check,74.48,5365.19,No
C2418-3595,Female,0,Yes,No,69,No,No phone service,Fiber optic,No,No,No,No,Yes,No,Two year,Yes,Mailed check,70.62,4862.44,No
C2419-4767,Female,0,No,No,29,No,No phone service,No,No internet service,No internet service,No internet service,No internet service,No internet service,No internet service,Month-to-month,Yes,Mailed check,18.75,546.98,No
C2420-3326,Male,0,Yes,Yes,17,Yes,No,DSL,No,Yes,Yes,No,No,No,One year,No,Bank transfer (automatic),75.9,1296.69,No
C2421-7820,Female,1,Yes,Yes,46,Yes,No,No,No internet service,No internet service,No internet service,No internet service,No internet service,No internet service,Two year,Yes,Electronic check,41.29,1905.41,No
C2422-1934,Female,0,No,No,72,Yes,Yes,Fiber optic,No,No,Yes,Yes,No,No,One year,Yes,Electronic check,109.1,7870.11,No
C2423-8438,Male,0,Yes,Yes,19,Yes,Yes,Fiber optic,No,No,No,No,No,No,Two year,Yes,Mailed check,103.72,1982.64,No
C2424-4136,Female,0,Yes,Yes,72,Yes,No,DSL,No,Yes,Yes,No,No,No,Two year,No,Bank transfer (automatic),82.22,5918.48,No
C2425-6050,Male,0,Yes,No,17,Yes,No,DSL,Yes,No,No,Yes,No,Yes,Month-to-month,Yes,Electronic check,66.04,1096.78,Yes
C2426-2419,Male,0,Yes,No,6,Yes,No,Fiber optic,No,No,No,No,No,Yes,One year,Yes,Mailed check,86.11,543.74,Yes
C2427-4467,Female,0,No,No,28,Yes,Yes,DSL,No,No,No,Yes,No,Yes,One year,Yes,Bank transfer (automatic),84.67,2350.86,No
C2428-7790,Male,0,Yes,Yes,4,Yes,Yes,Fiber optic,Yes,No,No,No,No,Yes,Month-to-month,Yes,Mailed check,97.84,396.9,Yes
C2429-3436,Male,0,No,No,44,Yes,Yes,DSL,No,Yes,Yes,No,No,No,Two year,Yes,Credit card (automatic),90.65,3963.99,No
C2430-2190,Male,0,No,No,8,Yes,Yes,No,No internet service,No internet service,No internet service,No internet service,No internet service,No internet service,Two year,Yes,Credit card (automatic),53.07,416.29,Yes
C2431-5696,Female,0,No,No,40,No,No phone service,DSL,No,No,Yes,Yes,Yes,No,Month-to-month,No,Credit card (automatic),68.03,2723.74,No
C2432-2462,Female,1,No,No,52,Yes,No,Fiber optic,No,No,No,No,Yes,Yes,Month-to-month,Yes,Electronic check,100.06,5207.54,No
C2433-3832,Female,0,No,No,72,Yes,No,DSL,No,No,Yes,No,No,Yes,Month-to-month,Yes,Credit card (automatic),77.52,5562.99,Yes
C2434-5053,Female,0,No,No,6,Yes,No,No,No internet service,No internet service,No internet service,No internet service,No internet service,No internet service,Month-to-month,Yes,Electronic check,32.08,219.17,No
C2435-6076,Female,0,Yes,No,15,Yes,Yes,DSL,No,Yes,No,No,Yes,No,One year,Yes,Electronic check,86.26,1285.98,No
C2436-6753,Male,0,No,No,20,Yes,Yes,DSL,No,Yes,No,Yes,No,Yes,One year,Yes,Bank transfer (automatic),85.22,1723.13,No
C2437-7089,Male,1,Yes,Yes,41,Yes,No,DSL,No,Yes,Yes,No,No,Yes,Month-to-month,Yes,Bank transfer (automatic),82.29,3366.42,No
C2438-8597,Female,0,No,No,24,Yes,No,Fiber optic,Yes,No,Yes,No,Yes,No,Month-to-month,Yes,Electronic check,103.1,2469.07,No
C2439-1594,Female,1,No,No,10,Yes,No,DSL,No,No,Yes,No,Yes,Yes,Month-to-month,No,Credit card (automatic),80.19,837.97,Yes
C2440-4260,Female,0,Yes,Yes,17,Yes,No,Fiber optic,Yes,Yes,No,Yes,Yes,Yes,Two year,Yes,Mailed check,140.34,2388.34,No
C2441-1009,Female,0,Yes,No,32,Yes,Yes,DSL,No,Yes,Yes,No,No,No,Two year,No,Mailed check,84.71,2679.2,No
C2442-1084,Male,0,Yes,No,19,Yes,Yes,No,No internet service,No internet service,No internet service,No internet service,No internet service,No internet service,Month-to-month,No,Electronic check,49.23,936.95,Yes
C2443-2910,Female,0,Yes,No,72,Yes,No,DSL,Yes,No,Yes,No,No,Yes,Month-to-month,Yes,Electronic check,85.17,6131.01,No
C2444-6382,Female,0,No,No,37,Yes,No,DSL,No,No,No,No,Yes,No,Two year,Yes,Credit card (automatic),63.25,2332.67,No
C2445-9049,Male,1,Yes,Yes,10,Yes,Yes,Fiber optic,No,Yes,No,No,Yes,Yes,Month-to-month,No,Electronic check,119.05,1169.12,Yes
C2446-7961,Female,1,No,No,26,Yes,Yes,DSL,No,No,Yes,No,Yes,Yes,Two year,Yes,Mailed check,83.0,2146.38,Yes
C2447-6815,Female,0,No,No,43,Yes,No,Fiber optic,No,No,No,No,No,Yes,Month-to-month,Yes,Credit card (automatic),96.77,4189.98,No
C2448-8002,Female,1,Yes,Yes,34,Yes,No,Fiber optic,Yes,No,No,No,No,Yes,Month-to-month,No,Credit card (automatic),104.21,3532.87,No
C2449-2547,Male,1,Yes,Yes,18,Yes,No,No,No internet service,No internet service,No internet service,No internet service,No internet service,No internet service,One year,Yes,Bank transfer (automatic),36.41,659.96,No
C2450-8557,Female,0,Yes,No,22,Yes,Yes,DSL,No,No,No,No,No,Yes,Month-to-month,No,Bank transfer (automatic),71.31,1558.95,No
C2451-9011,Male,0,No,No,25,Yes,No,DSL,No,No,No,Yes,No,No,One year,Yes,Mailed check,77.25,1911.05,No
C2452-1855,Male,0,Yes,Yes,57,No,No phone service,DSL,No,No,Yes,Yes,Yes,No,Two year,Yes,Credit card (automatic),77.65,4416.72,No
C2453-5229,Female,0,Yes,Yes,44,Yes,Yes,Fiber optic,No,No,Yes,Yes,No,Yes,Month-to-month,No,Bank transfer (automatic),99.81,4405.47,No
C2454-8469,Male,0,No,Yes,6,Yes,Yes,Fiber optic,No,No,No,No,Yes,No,Month-to-month,No,Electronic check,96.69,598.14,No
C2455-5284,Male,1,No,No,72,Yes,Yes,Fiber optic,No,Yes,Yes,No,Yes,Yes,One year,No,Electronic check,115.52,8309.94,No
C2456-8563,Female,0,Yes,No,72,Yes,Yes,No,No internet service,No internet service,No internet service,No internet service,No internet service,No internet service,One year,No,Credit card (automatic),40.67,2920.45,No
C2457-9418,Male,0,No,No,19,Yes,Yes,Fiber optic,No,No,Yes,Yes,No,No,Month-to-month,Yes,Mailed check,106.74,2066.55,No
C2458-5271,Female,0,No,No,40,Yes,Yes,Fiber optic,No,No,No,Yes,No,Yes,Month-to-month,Yes,Credit card (automatic),108.32,4341.3,No
C2459-1535,Female,0,No,No,72,No,No phone service,Fiber optic,No,Yes,Yes,No,Yes,No,Month-to-month,Yes,Credit card (automatic),103.57,7474.93,No
C2460-4060,Male,0,Yes,Yes,27,Yes,No,Fiber optic,No,Yes,No,No,Yes,Yes,Month-to-month,No,Bank transfer (automatic),106.11,2876.15,Yes
C2461-2936,Female,0,No,No,32,Yes,Yes,Fiber optic,No,Yes,No,No,No,Yes,One year,Yes,Credit card (automatic),113.83,3668.28,No
C2462-5266,Female,0,Yes,No,47,Yes,Yes,DSL,No,No,Yes,No,Yes,Yes,Two year,Yes,Electronic check,95.93,4507.92,No
C2463-6271,Female,0,Yes,Yes,70,Yes,No,DSL,No,Yes,No,No,Yes,Yes,Two year,Yes,Mailed check,86.28,6044.17,No
C2464-5174,Female,0,Yes,No,4,Yes,Yes,No,No internet service,No internet service,No internet service,No internet service,No internet service,No internet service,Month-to-month,No,Electronic check,52.94,206.38,No
C2465-2759,Male,0,No,Yes,26,Yes,Yes,No,No internet service,No internet service,No internet service,No internet service,No internet service,No internet service,One year,Yes,Electronic check,43.69,1115.39,No
C2466-3710,Male,0,No,No,70,Yes,No,DSL,No,Yes,Yes,No,Yes,No,Month-to-month,Yes,Mailed check,93.13,6512.35,Yes
C2467-7115,Female,0,No,No,48,Yes,No,DSL,Yes,Yes,No,No,Yes,Yes,Month-to-month,Yes,Credit card (automatic),106.84,5093.21,No
C2468-1242,Male,0,No,No,37,Yes,No,No,No internet service,No internet service,No internet service,No internet service,No internet service,No internet service,Month-to-month,Yes,Bank transfer (automatic),30.49,1113.81,Yes
C2469-2926,Female,0,Yes,No,32,Yes,Yes,Fiber optic,No,No,Yes,Yes,No,Yes,Month-to-month,Yes,Electronic check,124.56,3993.1,No
C2470-9030,Female,0,Yes,Yes,68,Yes,No,DSL,No,No,No,No,No,Yes,Two year,Yes,Credit card (automatic),74.31,5075.64,No
C2471-1892,Male,0,No,No,44,Yes,Yes,No,No internet service,No internet service,No internet service,No internet service,No internet service,No internet service,One year,Yes,Mailed check,48.6,2118.74,No
C2472-4732,Male,1,Yes,No,72,No,No phone service,Fiber optic,No,No,Yes,Yes,No,No,Month-to-month,No,Mailed check,80.42,5803.49,No
C2473-2862,Female,1,Yes,No,24,Yes,Yes,DSL,No,No,Yes,No,Yes,Yes,Month-to-month,No,Bank transfer (automatic),100.96,2418.82,No
C2474-1941,Female,0,No,No,2,Yes,Yes,Fiber optic,No,Yes,No,No,No,Yes,Month-to-month,No,Electronic check,97.79,193.34,Yes
C2475-4804,Male,0,Yes,No,62,Yes,No,No,No internet service,No internet service,No internet service,No internet service,No internet service,No internet service,Month-to-month,Yes,Mailed check,36.8,2298.72,No
C2476-5692,Male,0,Yes,Yes,21,Yes,Yes,Fiber optic,No,No,No,No,No,No,One year,Yes,Electronic check,86.05,1816.28,Yes
C2477-2585,Female,1,No,No,29,Yes,No,Fiber optic,No,Yes,Yes,No,Yes,No,Two year,Yes,Bank transfer (automatic),93.83,2699.5,No
C2478-1700,Male,0,No,No,34,Yes,Yes,DSL,No,No,No,Yes,No,No,Month-to-month,No,Bank transfer (automatic),88.43,3002.7,Yes
C2479-2212,Male,0,No,No,17,Yes,No,Fiber optic,No,No,No,Yes,No,Yes,One year,Yes,Credit card (automatic),90.72,1535.62,No
C2480-6863,Male,0,Yes,No,7,Yes,No,Fiber optic,No,No,Yes,No,Yes,Yes,One year,Yes,Electronic check,121.41,863.62,No
C2481-8741,Female,0,No,No,59,Yes,Yes,Fiber optic,Yes,No,Yes,No,No,No,Month-to-month,Yes,Electronic check,113.72,6726.88,No
C2482-2622,Male,0,No,No,0,Yes,No,Fiber optic,No,No,Yes,Yes,Yes,Yes,Month-to-month,Yes,Electronic check,117.09,,Yes
C2483-3883,Male,0,Yes,No,72,Yes,No,Fiber optic,No,Yes,No,No,Yes,No,Month-to-month,Yes,Credit card (automatic),95.64,6884.36,No
C2484-4093,Male,0,No,No,29,Yes,Yes,Fiber optic,No,Yes,No,No,Yes,Yes,One year,No,Credit card (automatic),124.0,3579.92,No
C2485-4246,Female,0,No,No,2,Yes,No,No,No internet service,No internet service,No internet service,No internet service,No internet service,No internet service,Month-to-month,Yes,Bank transfer (automatic),46.54,82.42,Yes
C2486-3198,Female,0,No,No,65,Yes,No,No,No internet service,No internet service,No internet service,No internet service,No internet service,No internet service,One year,Yes,Mailed check,38.45,2498.9,No
C2487-1497,Male,0,Yes,Yes,3,Yes,No,Fiber optic,Yes,No,No,No,Yes,No,Month-to-month,No,Mailed check,114.54,348.78,Yes
C2488-5725,Female,0,No,No,17,Yes,No,No,No internet service,No internet service,No internet service,No internet service,No internet service,No internet service,Month-to-month,Yes,Electronic check,37.25,628.78,No
C2489-4215,Male,1,Yes,No,72,Yes,No,Fiber optic,No,No,No,No,No,No,Month-to-month,Yes,Bank transfer (automatic),85.24,6159.38,Yes
C2490-4079,Male,0,Yes,No,41,Yes,No,Fiber optic,Yes,No,No,Yes,Yes,Yes,Month-to-month,Yes,Credit card (automatic),117.65,4838.07,Yes
C2491-3382,Female,1,Yes,Yes,36,No,No phone service,DSL,Yes,No,Yes,No,Yes,Yes,Two year,No,Electronic check,86.36,3139.21,No
C2492-9363,Male,0,Yes,Yes,40,Yes,Yes,DSL,No,Yes,No,No,Yes,No,Month-to-month,Yes,Electronic check,80.51,3200.54,Yes
C2493-6493,Male,1,Yes,Yes,12,Yes,No,DSL,Yes,No,No,Yes,No,Yes,Two year,Yes,Mailed check,94.59,1149.33,No
C2494-4767,Female,0,No,No,42,Yes,No,DSL,No,No,No,No,Yes,No,Month-to-month,No,Credit card (automatic),76.42,3229.84,No
C2495-2848,Male,0,No,Yes,38,No,No phone service,Fiber optic,No,Yes,No,No,Yes,Yes,Month-to-month,No,Bank transfer (automatic),94.02,3557.98,No
C2496-8209,Male,0,Yes,No,25,Yes,Yes,No,No internet service,No internet service,No internet service,No internet service,No internet service,No internet service,One year,No,Bank transfer (automatic),44.21,1110.87,No
C2497-8994,Female,1,No,No,72,Yes,Yes,Fiber optic,Yes,No,No,No,Yes,No,One year,Yes,Bank transfer (automatic),105.2,7575.21,No
C2498-1290,Male,1,No,No,53,Yes,Yes,No,No internet service,No internet service,No internet service,No internet service,No internet service,No internet service,One year,Yes,Electronic check,48.75,2581.27,No
C2499-9366,Female,0,Yes,Yes,9,Yes,No,DSL,Yes,Yes,No,No,Yes,Yes,Month-to-month,No,Bank transfer (automatic),87.94,773.89,No
C2500-7294,Female,0,No,No,20,Yes,No,DSL,No,Yes,No,Yes,No,Yes,Month-to-month,Yes,Credit card (automatic),87.45,1742.83,Yes
C2501-1898,Male,0,No,Yes,16,Yes,Yes,DSL,No,No,No,Yes,Yes,Yes,One year,No,Electronic check,92.3,1465.55,No
C2502-7777,Female,0,No,No,12,Yes,No,Fiber optic,No,No,No,No,Yes,No,Month-to-month,No,Mailed check,99.65,1211.78,No
C2503-1966,Female,0,No,No,71,Yes,No,DSL,No,No,No,Yes,No,No,Month-to-month,Yes,Credit card (automatic),77.78,5547.75,No
C2504-1457,Female,0,No,No,20,Yes,No,DSL,Yes,No,No,No,Yes,No,Month-to-month,No,Electronic check,86.36,1711.73,No
C2505-2037,Male,0,No,No,53,Yes,Yes,DSL,No,No,Yes,No,Yes,No,One year,Yes,Electronic check,86.04,4573.7,No
C2506-5138,Female,0,Yes,No,43,No,No phone service,Fiber optic,Yes,Yes,No,No,Yes,Yes,Month-to-month,No,Mailed check,103.3,4444.22,No
C2507-6575,Male,1,Yes,Yes,8,No,No phone service,No,No internet service,No internet service,No internet service,No internet service,No internet service,No internet service,Month-to-month,No,Electronic check,27.81,228.55,No
C2508-4665,Female,0,No,Yes,71,Yes,Yes,DSL,No,Yes,No,Yes,Yes,Yes,Two year,Yes,Bank transfer (automatic),90.88,6446.14,No
C2509-2097,Female,0,Yes,No,27,Yes,No,DSL,Yes,Yes,Yes,No,Yes,Yes,Month-to-month,No,Bank transfer (automatic),102.75,2761.97,No
C2510-2792,Female,0,Yes,No,20,Yes,Yes,DSL,Yes,No,No,No,No,No,Month-to-month,Yes,Mailed check,67.79,1381.01,Yes
C2511-8670,Female,0,Yes,Yes,6,Yes,No,Fiber optic,No,No,No,Yes,No,Yes,Month-to-month,Yes,Mailed check,110.99,657.91,Yes
C2512-9662,Female,0,No,No,13,Yes,No,Fiber optic,No,No,No,Yes,Yes,No,Month-to-month,Yes,Mailed check,120.56,1581.71,No
C2513-7787,Male,0,No,No,10,Yes,Yes,DSL,No,No,Yes,Yes,No,Yes,One year,Yes,Mailed check,95.9,971.82,No
C2514-1930,Female,0,Yes,Yes,4,Yes,No,DSL,Yes,Yes,No,Yes,Yes,No,Month-to-month,Yes,Bank transfer (automatic),90.12,358.29,Yes
C2515-8377,Male,0,Yes,No,40,Yes,Yes,Fiber optic,Yes,Yes,Yes,No,No,Yes,Month-to-month,Yes,Bank transfer (automatic),124.46,4989.1,No
C2516-7227,Male,0,Yes,Yes,10,Yes,No,DSL,Yes,Yes,No,Yes,Yes,No,Month-to-month,Yes,Bank transfer (automatic),88.95,883.03,Yes
C2517-5734,Male,0,Yes,Yes,31,No,No phone service,Fiber optic,No,No,Yes,No,Yes,Yes,Month-to-month,No,Mailed check,79.35,2467.8,No
C2518-2289,Female,0,No,No,66,Yes,No,No,No internet service,No internet service,No internet service,No internet service,No internet service,No internet service,Month-to-month,No,Electronic check,20.28,1309.3,No
C2519-9969,Male,0,Yes,Yes,49,Yes,No,No,No internet service,No internet service,No internet service,No internet service,No internet service,No internet service,Month-to-month,Yes,Electronic check,31.33,1526.1,No
C2520-4983,Male,0,No,No,35,Yes,No,DSL,Yes,No,No,No,Yes,No,Month-to-month,Yes,Bank transfer (automatic),76.18,2667.66,No
C2521-1397,Male,0,Yes,Yes,2,No,No phone service,No,No internet service,No internet service,No internet service,No internet service,No internet service,No internet service,Month-to-month,Yes,Credit card (automatic),18.25,10.47,Yes
C2522-2889,Male,0,Yes,No,4,Yes,No,Fiber optic,No,Yes,Yes,No,No,No,Month-to-month,No,Electronic check,101.69,387.54,Yes
C2523-4610,Female,0,No,No,16,Yes,Yes,DSL,No,No,No,Yes,No,No,Month-to-month,Yes,Electronic check,80.26,1258.0,Yes
C2524-1560,Male,0,Yes,No,37,Yes,No,DSL,Yes,No,No,No,No,Yes,Month-to-month,Yes,Mailed check,72.46,2691.01,No
C2525-3915,Female,0,Yes,No,10,No,No phone service,Fiber optic,No,No,No,No,Yes,No,Month-to-month,Yes,Credit card (automatic),74.43,722.37,No
C2526-5215,Male,0,Yes,Yes,10,Yes,Yes,No,No internet service,No internet service,No internet service,No internet service,No internet service,No internet service,Month-to-month,Yes,Credit card (automatic),46.15,443.25,Yes
C2527-9536,Male,0,No,No,64,No,No phone service,No,No internet service,No internet service,No internet service,No internet service,No internet service,No internet service,Month-to-month,Yes,Electronic check,18.25,1159.48,No
C2528-1777,Male,0,Yes,Yes,22,Yes,Yes,Fiber optic,No,Yes,No,Yes,Yes,Yes,Month-to-month,No,Electronic check,129.51,2863.12,No
C2529-6191,Female,0,No,No,5,Yes,No,Fiber optic,Yes,No,No,No,Yes,Yes,Month-to-month,Yes,Electronic check,129.74,600.54,Yes
C2530-9240,Female,0,No,Yes,38,Yes,Yes,DSL,No,No,No,No,No,Yes,Month-to-month,No,Bank transfer (automatic),86.54,3280.73,Yes
C2531-8254,Male,0,No,No,7,Yes,No,Fiber optic,No,Yes,No,No,No,No,Month-to-month,Yes,Mailed check,93.38,672.09,No
C2532-9323,Male,0,No,Yes,37,No,No phone service,DSL,Yes,Yes,No,No,No,Yes,Month-to-month,Yes,Credit card (automatic),58.51,2149.66,Yes
C2533-2532,Female,0,No,No,19,Yes,No,Fiber optic,No,No,Yes,No,No,Yes,Month-to-month,Yes,Mailed check,122.36,2329.94,No
C2534-8211,Female,0,No,No,28,Yes,Yes,Fiber optic,No,No,No,No,No,Yes,Two year,No,Credit card (automatic),107.95,3031.54,Yes
C2535-9806,Female,0,Yes,Yes,10,Yes,No,Fiber optic,No,No,No,No,No,No,One year,Yes,Credit card (automatic),87.65,850.02,Yes
C2536-3933,Male,0,No,No,18,Yes,Yes,DSL,Yes,No,Yes,No,No,No,One year,No,Credit card (automatic),93.14,1670.95,No
C2537-5487,Female,0,No,No,16,Yes,No,No,No internet service,No internet service,No internet service,No internet service,No internet service,No internet service,Month-to-month,No,Mailed check,40.32,634.32,No
C2538-5777,Female,0,Yes,No,11,Yes,No,DSL,No,Yes,Yes,No,Yes,No,One year,Yes,Electronic check,92.2,1016.96,No
C2539-5442,Male,0,No,No,19,Yes,Yes,DSL,No,Yes,No,Yes,Yes,Yes,One year,Yes,Credit card (automatic),102.15,1949.84,Yes
C2540-3607,Female,0,Yes,Yes,2,Yes,Yes,Fiber optic,No,Yes,Yes,Yes,No,No,Month-to-month,No,Mailed check,109.64,224.25,No
C2541-9736,Male,0,No,No,46,Yes,Yes,Fiber optic,No,Yes,Yes,No,Yes,Yes,Two year,Yes,Credit card (automatic),122.12,5627.5,No
C2542-9607,Female,1,Yes,Yes,44,Yes,No,Fiber optic,No,Yes,No,Yes,Yes,Yes,One year,Yes,Mailed check,105.5,4627.45,Yes
C2543-4426,Male,0,Yes,No,20,Yes,Yes,No,No internet service,No internet service,No internet service,No internet service,No internet service,No internet service,Month-to-month,Yes,Mailed check,50.85,1012.07,No
C2544-8246,Male,0,Yes,No,20,Yes,No,DSL,No,No,No,No,Yes,Yes,Month-to-month,No,Electronic check,83.44,1680.61,No
C2545-4577,Male,0,Yes,No,18,Yes,No,Fiber optic,No,Yes,No,No,Yes,Yes,Month-to-month,Yes,Bank transfer (automatic),115.42,2085.77,No
C2546-8152,Female,0,Yes,No,46,Yes,Yes,DSL,No,Yes,No,No,No,No,Month-to-month,No,Bank transfer (automatic),88.23,4030.07,Yes
C2547-6262,Female,0,Yes,No,15,Yes,Yes,DSL,No,Yes,No,No,Yes,Yes,Two year,No,Credit card (automatic),73.58,1108.43,No
C2548-5231,Female,0,No,No,55,Yes,No,DSL,No,Yes,No,No,Yes,No,One year,Yes,Mailed check,76.67,4193.62,No
C2549-2152,Male,1,Yes,Yes,6,Yes,No,DSL,Yes,Yes,Yes,Yes,No,Yes,Month-to-month,Yes,Credit card (automatic),97.97,567.0,No
C2550-6890,Female,0,No,No,55,Yes,No,Fiber optic,No,Yes,No,No,No,Yes,Month-to-month,No,Bank transfer (automatic),97.76,5394.24,No
C2551-3889,Female,0,No,No,1,Yes,No,No,No internet service,No internet service,No internet service,No internet service,No internet service,No internet service,Month-to-month,Yes,Bank transfer (automatic),38.11,51.49,No
C2552-2951,Female,0,Yes,Yes,17,Yes,Yes,No,No internet service,No internet service,No internet service,No internet service,No internet service,No internet service,Month-to-month,No,Bank transfer (automatic),37.05,617.75,Yes
C2553-2738,Male,0,Yes,No,47,Yes,No,Fiber optic,No,No,No,Yes,Yes,Yes,One year,Yes,Mailed check,118.62,5576.98,No
C2554-9835,Male,0,Yes,Yes,53,Yes,No,Fiber optic,Yes,Yes,Yes,No,No,No,One year,Yes,Credit card (automatic),94.3,5005.51,No
C2555-1929,Male,0,Yes,No,7,Yes,Yes,DSL,Yes,No,Yes,No,No,No,One year,No,Credit card (automatic),75.6,514.32,Yes
C2556-8185,Male,0,No,No,39,No,No phone service,DSL,No,No,No,No,Yes,No,One year,Yes,Electronic check,42.65,1624.69,No
C2557-8794,Male,0,No,No,35,Yes,No,Fiber optic,No,Yes,Yes,No,Yes,No,One year,No,Mailed check,113.47,3976.22,No
C2558-1279,Female,0,No,No,40,Yes,No,Fiber optic,No,Yes,No,No,No,Yes,One year,Yes,Electronic check,95.97,3863.74,No
C2559-6303,Female,0,Yes,No,72,Yes,No,Fiber optic,Yes,No,Yes,Yes,No,Yes,Two year,Yes,Electronic check,124.58,8958.58,No
C2560-6196,Female,0,No,Yes,72,Yes,Yes,Fiber optic,No,Yes,Yes,Yes,No,No,One year,Yes,Bank transfer (automatic),107.03,7705.12,No
C2561-4227,Female,0,Yes,Yes,66,Yes,Yes,DSL,No,Yes,Yes,No,Yes,No,Month-to-month,No,Mailed check,93.11,6162.96,Yes
C2562-6999,Female,1,No,No,11,Yes,No,DSL,No,Yes,Yes,Yes,No,Yes,Two year,No,Electronic check,95.29,1071.95,No
C2563-4677,Female,0,No,No,16,Yes,No,No,No internet service,No internet service,No internet service,No internet service,No internet service,No internet service,Two year,No,Bank transfer (automatic),40.93,661.41,No
C2564-4956,Female,0,Yes,Yes,29,Yes,No,DSL,No,No,No,Yes,Yes,Yes,Month-to-month,No,Credit card (automatic),76.99,2224.24,No
C2565-4883,Female,1,No,No,17,Yes,No,No,No internet service,No internet service,No internet service,No internet service,No internet service,No internet service,Two year,Yes,Electronic check,38.39,654.76,No
C2566-8205,Male,0,No,Yes,11,Yes,Yes,DSL,Yes,Yes,Yes,Yes,No,No,Two year,No,Mailed check,83.97,917.64,No
C2567-6697,Male,1,No,No,53,Yes,No,DSL,No,No,Yes,Yes,No,No,Month-to-month,Yes,Electronic check,99.7,5277.7,Yes
C2568-4411,Male,0,Yes,No,6,Yes,No,Fiber optic,No,Yes,Yes,No,Yes,No,Month-to-month,No,Mailed check,117.22,713.06,No
C2569-9339,Female,0,No,Yes,2,Yes,Yes,DSL,Yes,No,No,Yes,Yes,No,Month-to-month,No,Bank transfer (automatic),101.32,209.34,No
C2570-8217,Female,0,Yes,Yes,44,Yes,No,No,No internet service,No internet service,No internet service,No internet service,No internet service,No internet service,One year,Yes,Electronic check,35.64,1575.25,No
C2571-9394,Male,0,Yes,Yes,43,Yes,No,Fiber optic,Yes,No,Yes,No,No,No,Two year,Yes,Electronic check,100.83,4330.85,No
C2572-7573,Male,0,No,No,5,Yes,No,Fiber optic,Yes,Yes,Yes,Yes,No,No,Month-to-month,No,Credit card (automatic),120.98,629.55,No
C2573-4523,Female,0,Yes,No,4,Yes,No,Fiber optic,No,No,No,Yes,Yes,No,Month-to-month,Yes,Credit card (automatic),99.89,385.88,No
C2574-7955,Female,0,Yes,Yes,24,Yes,Yes,DSL,Yes,Yes,Yes,No,Yes,Yes,One year,Yes,Mailed check,112.4,2667.52,No
C2575-3963,Female,0,No,No,31,Yes,No,Fiber optic,Yes,Yes,No,No,No,Yes,One year,No,Credit card (automatic),120.58,3727.05,No
C2576-3438,Male,0,Yes,No,18,Yes,No,DSL,No,No,Yes,No,Yes,Yes,One year,Yes,Electronic check,77.36,1398.85,No
C2577-5058,Female,0,No,No,15,Yes,No,Fiber optic,No,No,No,No,Yes,No,One year,Yes,Mailed check,102.81,1538.67,No
C2578-9722,Male,0,No,No,23,Yes,Yes,Fiber optic,No,Yes,Yes,Yes,Yes,No,Month-to-month,No,Mailed check,116.58,2663.49,No
C2579-6110,Female,1,Yes,No,42,No,No phone service,No,No internet service,No internet service,No internet service,No internet service,No internet service,No internet service,Month-to-month,No,Electronic check,18.25,788.61,No
C2580-4452,Male,0,No,No,5,Yes,Yes,Fiber optic,No,No,No,No,No,Yes,Month-to-month,Yes,Electronic check,102.65,479.2,No
C2581-5155,Male,0,No,No,27,Yes,Yes,No,No internet service,No internet service,No internet service,No internet service,No internet service,No internet service,Month-to-month,No,Electronic check,49.56,1335.23,No
C2582-3620,Male,0,No,Yes,11,Yes,Yes,DSL,Yes,Yes,No,No,No,No,One year,No,Electronic check,73.52,807.23,No
C2583-6928,Female,0,No,No,72,Yes,Yes,Fiber optic,No,Yes,No,No,No,Yes,Two year,Yes,Bank transfer (automatic),119.8,8665.16,No
C2584-4153,Male,0,No,No,29,No,No phone service,Fiber optic,Yes,No,Yes,No,Yes,Yes,Month-to-month,No,Credit card (automatic),87.3,2547.18,No
C2585-5989,Male,1,No,No,72,Yes,Yes,DSL,No,No,No,No,No,No,One year,Yes,Credit card (automatic),52.72,3804.61,No
C2586-4327,Female,0,Yes,Yes,40,Yes,No,DSL,Yes,No,No,Yes,Yes,No,Month-to-month,Yes,Mailed check,81.32,3290.33,No
C2587-3886,Female,0,Yes,Yes,72,Yes,Yes,Fiber optic,No,Yes,Yes,No,No,No,Month-to-month,Yes,Mailed check,100.53,7249.92,No
C2588-9731,Female,1,No,No,23,Yes,Yes,Fiber optic,Yes,Yes,Yes,No,No,No,Month-to-month,No,Credit card (automatic),117.05,2707.41,No
C2589-4111,Female,0,No,No,26,Yes,Yes,DSL,Yes,Yes,No,No,Yes,No,Month-to-month,Yes,Bank transfer (automatic),95.56,2476.2,No
C2590-1634,Female,0,No,No,20,Yes,No,Fiber optic,Yes,Yes,Yes,No,Yes,Yes,Two year,Yes,Mailed check,112.06,2263.75,No
C2591-4406,Male,0,Yes,No,12,Yes,Yes,DSL,No,No,Yes,No,No,No,Month-to-month,Yes,Mailed check,78.14,921.07,No
C2592-5788,Male,0,No,No,5,Yes,Yes,DSL,No,Yes,No,Yes,Yes,Yes,Month-to-month,Yes,Electronic check,109.17,535.31,Yes
C2593-1851,Male,0,Yes,Yes,32,Yes,No,DSL,No,No,No,Yes,No,Yes,Month-to-month,Yes,Electronic check,95.73,3091.23,No
C2594-3750,Male,0,Yes,No,52,Yes,No,Fiber optic,No,No,Yes,Yes,No,No,Two year,No,Credit card (automatic),99.5,5173.32,No
C2595-2494,Male,0,No,No,22,Yes,Yes,No,No internet service,No internet service,No internet service,No internet service,No internet service,No internet service,Month-to-month,No,Credit card (automatic),48.25,1064.63,No
C2596-5505,Male,0,Yes,Yes,15,Yes,No,No,No internet service,No internet service,No internet service,No internet service,No internet service,No internet service,Two year,Yes,Mailed check,30.84,493.76,Yes
C2597-7507,Female,0,No,No,72,Yes,No,DSL,No,No,Yes,Yes,No,Yes,One year,No,Bank transfer (automatic),84.03,6038.87,No
C2598-9715,Male,0,Yes,Yes,8,Yes,No,DSL,No,Yes,No,No,Yes,Yes,Month-to-month,Yes,Electronic check,95.2,762.64,Yes
C2599-4501,Female,1,No,No,25,Yes,No,No,No internet service,No internet service,No internet service,No internet service,No internet service,No internet service,Month-to-month,Yes,Credit card (automatic),34.42,836.06,No
C2600-8768,Female,0,No,Yes,45,Yes,No,Fiber optic,No,Yes,No,No,Yes,No,One year,Yes,Mailed check,95.53,4312.67,Yes
C2601-2930,Female,1,Yes,Yes,10,Yes,No,DSL,No,Yes,No,No,No,No,Two year,No,Bank transfer (automatic),70.76,721.57,No
C2602-8023,Male,0,No,No,25,Yes,No,No,No internet service,No internet service,No internet service,No internet service,No internet service,No internet service,Month-to-month,No,Bank transfer (automatic),31.36,789.95,Yes
C2603-6063,Female,0,No,No,53,Yes,No,No,No internet service,No internet service,No internet service,No internet service,No internet service,No internet service,Month-to-month,Yes,Bank transfer (automatic),32.03,1684.45,Yes
C2604-7822,Male,0,Yes,Yes,10,Yes,Yes,Fiber optic,No,Yes,Yes,No,Yes,Yes,Month-to-month,Yes,Mailed check,125.47,1262.69,Yes
C2605-7799,Male,0,No,No,41,Yes,Yes,No,No internet service,No internet service,No internet service,No internet service,No internet service,No internet service,Two year,No,Electronic check,38.73,1575.34,No
C2606-5791,Female,0,No,No,4,Yes,Yes,Fiber optic,No,No,Yes,Yes,No,Yes,Month-to-month,Yes,Mailed check,96.73,363.27,No
C2607-3316,Female,1,Yes,No,21,Yes,Yes,No,No internet service,No internet service,No internet service,No internet service,No internet service,No internet service,Month-to-month,No,Credit card (automatic),41.15,881.09,No
C2608-5735,Female,0,No,No,60,Yes,Yes,Fiber optic,No,No,No,No,Yes,Yes,Month-to-month,Yes,Electronic check,104.71,6285.53,No
C2609-8440,Male,0,Yes,Yes,42,Yes,No,Fiber optic,Yes,No,Yes,No,No,No,Month-to-month,Yes,Mailed check,102.08,4281.07,No
C2610-9734,Female,0,Yes,Yes,63,Yes,Yes,Fiber optic,Yes,Yes,Yes,Yes,Yes,Yes,Two year,Yes,Credit card (automatic),141.97,8954.63,No
C2611-9346,Male,1,Yes,No,22,Yes,Yes,DSL,No,No,No,Yes,Yes,No,Month-to-month,Yes,Bank transfer (automatic),87.27,1898.7,No
C2612-2633,Female,0,No,No,11,Yes,Yes,Fiber optic,No,Yes,No,No,No,No,Month-to-month,Yes,Electronic check,96.83,1081.22,No
C2613-6375,Male,0,No,No,23,Yes,Yes,Fiber optic,No,No,No,No,No,Yes,One year,No,Electronic check,104.68,2418.14,No
C2614-1941,Male,0,Yes,Yes,55,Yes,No,DSL,No,No,Yes,No,No,No,Month-to-month,No,Mailed check,77.29,4225.48,No
C2615-7019,Male,1,Yes,No,72,Yes,Yes,No,No internet service,No internet service,No internet service,No internet service,No internet service,No internet service,One year,Yes,Electronic check,40.19,2914.44,No
C2616-9930,Male,0,Yes,No,72,Yes,No,DSL,Yes,No,Yes,No,No,Yes,Month-to-month,Yes,Electronic check,83.85,6077.8,Yes
C2617-1473,Female,0,No,No,16,Yes,No,No,No internet service,No internet service,No internet service,No internet service,No internet service,No internet service,One year,Yes,Credit card (automatic),52.46,863.89,No
C2618-6908,Male,0,Yes,Yes,3,Yes,Yes,Fiber optic,No,Yes,No,No,Yes,Yes,Month-to-month,Yes,Bank transfer (automatic),122.25,389.02,Yes
C2619-9508,Female,0,Yes,Yes,2,Yes,Yes,Fiber optic,Yes,Yes,No,Yes,No,No,Month-to-month,No,Mailed check,127.87,254.24,Yes
C2620-8623,Female,0,Yes,No,6,Yes,No,No,No internet service,No internet service,No internet service,No internet service,No internet service,No internet service,Two year,No,Electronic check,39.61,205.94,No
C2621-4531,Female,0,Yes,No,51,Yes,Yes,Fiber optic,No,Yes,Yes,No,Yes,No,Two year,No,Electronic check,111.74,5696.8,No
C2622-1935,Male,0,No,No,36,Yes,Yes,DSL,Yes,Yes,No,Yes,No,Yes,Month-to-month,No,Electronic check,106.55,3833.2,Yes
C2623-9314,Male,1,No,No,38,Yes,No,DSL,Yes,Yes,Yes,No,No,No,One year,Yes,Electronic check,82.54,3132.8,No
C2624-9290,Male,1,Yes,Yes,23,Yes,No,Fiber optic,No,No,No,No,No,No,One year,Yes,Electronic check,77.53,1775.1,No
C2625-6210,Female,1,No,No,16,Yes,Yes,No,No internet service,No internet service,No internet service,No internet service,No internet service,No internet service,Month-to-month,No,Electronic check,39.11,631.39,Yes
C2626-9809,Female,1,Yes,No,72,Yes,Yes,Fiber optic,No,No,No,Yes,No,Yes,Month-to-month,No,Electronic check,112.98,8124.03,Yes
C2627-1041,Male,0,No,No,1,Yes,No,DSL,No,No,Yes,Yes,No,No,Month-to-month,No,Electronic check,78.16,64.24,No
C2628-6548,Male,1,Yes,Yes,7,No,No phone service,No,No internet service,No internet service,No internet service,No internet service,No internet service,No internet service,Month-to-month,Yes,Electronic check,18.25,124.16,Yes
C2629-1346,Male,1,Yes,Yes,44,Yes,No,Fiber optic,Yes,Yes,No,No,Yes,No,One year,Yes,Credit card (automatic),105.75,4651.22,No
C2630-9420,Female,0,No,Yes,18,Yes,Yes,Fiber optic,No,No,Yes,No,Yes,Yes,Two year,Yes,Electronic check,116.35,2085.63,No
C2631-7123,Female,0,Yes,No,50,Yes,No,No,No internet service,No internet service,No internet service,No internet service,No internet service,No internet service,Month-to-month,Yes,Electronic check,47.86,2415.74,No
C2632-9219,Female,0,No,No,46,Yes,No,DSL,No,No,Yes,No,Yes,No,One year,No,Electronic check,64.26,2964.1,No
C2633-6063,Male,0,Yes,No,42,Yes,No,Fiber optic,No,No,No,No,No,No,Month-to-month,No,Mailed check,89.96,3790.82,Yes
C2634-1749,Female,0,Yes,Yes,40,Yes,No,Fiber optic,Yes,Yes,No,No,No,Yes,Month-to-month,Yes,Credit card (automatic),117.93,4733.38,No
C2635-1238,Male,0,No,No,54,No,No phone service,DSL,Yes,Yes,No,No,No,Yes,Month-to-month,Yes,Bank transfer (automatic),67.71,3649.06,Yes
C2636-4019,Female,0,Yes,No,54,Yes,No,DSL,No,No,No,No,Yes,Yes,Month-to-month,Yes,Credit card (automatic),82.74,4497.93,Yes
C2637-7690,Female,0,Yes,Yes,25,No,No phone service,No,No internet service,No internet service,No internet service,No internet service,No internet service,No internet service,Two year,Yes,Electronic check,26.62,678.38,No
C2638-2359,Male,0,No,No,20,Yes,Yes,No,No internet service,No internet service,No internet service,No internet service,No internet service,No internet service,Month-to-month,No,Bank transfer (automatic),39.06,790.15,No
C2639-8668,Female,1,Yes,Yes,34,Yes,Yes,DSL,Yes,No,No,No,No,No,Two year,Yes,Electronic check,81.15,2739.09,No
C2640-3155,Female,0,No,No,65,Yes,No,DSL,No,No,Yes,No,No,No,Month-to-month,No,Bank transfer (automatic),62.43,4042.29,No
C2641-5467,Male,0,Yes,Yes,11,Yes,Yes,DSL,No,Yes,Yes,Yes,Yes,No,Month-to-month,Yes,Bank transfer (automatic),107.1,1187.22,No
C2642-2827,Female,0,No,No,21,Yes,Yes,DSL,No,No,Yes,No,Yes,Yes,Month-to-month,Yes,Electronic check,106.78,2224.69,No
C2643-5191,Male,1,No,No,15,Yes,Yes,Fiber optic,No,No,No,Yes,No,Yes,One year,No,Mailed check,115.13,1718.83,No
C2644-5069,Female,1,Yes,Yes,9,Yes,Yes,Fiber optic,Yes,No,Yes,No,No,Yes,Month-to-month,Yes,Electronic check,109.1,984.71,Yes
C2645-1049,Female,0,No,No,17,Yes,No,DSL,No,No,Yes,Yes,No,Yes,Month-to-month,No,Mailed check,106.29,1801.16,No
C2646-6109,Female,0,No,No,6,Yes,No,Fiber optic,No,No,No,No,No,Yes,Month-to-month,Yes,Electronic check,103.54,634.33,Yes
C2647-8079,Female,0,No,No,5,Yes,Yes,Fiber optic,Yes,Yes,Yes,No,No,Yes,One year,No,Bank transfer (automatic),117.69,604.76,No
C2648-9425,Female,0,Yes,No,72,Yes,Yes,DSL,No,No,Yes,No,No,Yes,Month-to-month,Yes,Electronic check,88.36,6344.22,No
C2649-3976,Male,0,No,No,8,Yes,No,Fiber optic,No,Yes,No,Yes,Yes,No,Two year,No,Electronic check,105.31,835.42,Yes
C2650-8924,Female,0,No,No,41,Yes,Yes,Fiber optic,No,No,No,No,No,No,Month-to-month,Yes,Electronic check,96.27,3942.17,No
C2651-8907,Female,0,No,No,72,Yes,Yes,Fiber optic,No,Yes,Yes,No,No,Yes,Month-to-month,Yes,Credit card (automatic),123.87,8914.87,Yes
C2652-9894,Male,0,No,Yes,61,Yes,Yes,Fiber optic,No,No,No,No,No,Yes,Two year,Yes,Electronic check,99.89,6099.17,No
C2653-4357,Female,0,No,No,40,Yes,No,No,No internet service,No internet service,No internet service,No internet service,No internet service,No internet service,Month-to-month,Yes,Bank transfer (automatic),28.84,1110.44,No
C2654-8657,Female,0,No,No,46,Yes,No,Fiber optic,Yes,Yes,Yes,No,Yes,No,Month-to-month,Yes,Mailed check,105.4,4847.9,No
C2655-6085,Male,0,No,No,15,No,No phone service,No,No internet service,No internet service,No internet service,No internet service,No internet service,No internet service,One year,No,Electronic check,18.25,232.18,No
C2656-1524,Male,0,No,Yes,62,Yes,Yes,Fiber optic,No,Yes,No,Yes,No,Yes,Month-to-month,No,Bank transfer (automatic),123.56,7669.85,Yes
C2657-3432,Female,0,No,No,72,Yes,Yes,DSL,Yes,No,Yes,No,No,No,Month-to-month,No,Credit card (automatic),73.65,5294.84,No
C2658-7047,Female,0,Yes,No,18,Yes,Yes,DSL,No,Yes,Yes,No,Yes,No,Month-to-month,Yes,Credit card (automatic),93.37,1683.37,No
C2659-2445,Female,1,No,No,5,Yes,Yes,Fiber optic,No,Yes,Yes,No,Yes,No,One year,Yes,Electronic check,117.06,580.88,Yes
C2660-4912,Male,0,Yes,Yes,52,Yes,No,No,No internet service,No internet service,No internet service,No internet service,No internet service,No internet service,One year,Yes,Electronic check,32.41,1701.13,No
C2661-7973,Female,0,No,No,72,Yes,No,Fiber optic,Yes,Yes,No,No,No,Yes,One year,Yes,Credit card (automatic),98.68,7092.71,No
C2662-2347,Male,0,No,No,9,Yes,Yes,DSL,No,No,No,No,Yes,No,Two year,No,Electronic check,81.49,728.77,Yes
C2663-5468,Female,0,No,No,22,Yes,Yes,DSL,No,No,No,Yes,Yes,Yes,One year,No,Mailed check,96.62,2135.72,No
C2664-2933,Female,1,Yes,Yes,14,Yes,No,Fiber optic,No,Yes,No,No,Yes,Yes,Month-to-month,No,Credit card (automatic),108.49,1554.29,No
C2665-5827,Male,0,No,Yes,30,No,No phone service,Fiber optic,No,Yes,No,No,Yes,Yes,One year,Yes,Mailed check,88.95,2655.75,No
C2666-3166,Female,0,Yes,No,12,Yes,Yes,Fiber optic,No,No,Yes,No,No,No,Two year,No,Credit card (automatic),100.22,1221.56,No
C2667-9687,Female,0,No,No,21,Yes,Yes,DSL,No,Yes,Yes,No,No,No,Month-to-month,No,Electronic check,85.52,1774.99,No
C2668-1690,Male,0,No,No,8,Yes,No,Fiber optic,No,Yes,Yes,No,No,Yes,One year,Yes,Electronic check,123.73,976.86,Yes
C2669-9671,Male,1,No,Yes,2,No,No phone service,Fiber optic,No,No,Yes,Yes,Yes,Yes,Month-to-month,Yes,Electronic check,97.83,223.33,Yes
C2670-8126,Female,0,Yes,Yes,23,No,No phone service,No,No internet service,No internet service,No internet service,No internet service,No internet service,No internet service,Month-to-month,Yes,Mailed check,24.3,562.09,No
C2671-8699,Male,0,No,No,44,Yes,No,No,No internet service,No internet service,No internet service,No internet service,No internet service,No internet service,One year,No,Electronic check,30.98,1363.53,No
C2672-8662,Male,0,Yes,Yes,6,No,No phone service,Fiber optic,No,No,Yes,No,No,Yes,Month-to-month,Yes,Bank transfer (automatic),74.98,443.32,Yes
C2673-2688,Male,0,No,Yes,72,Yes,Yes,DSL,No,No,No,Yes,Yes,Yes,Month-to-month,Yes,Credit card (automatic),94.99,6829.72,Yes
C2674-9378,Female,0,No,Yes,38,Yes,Yes,No,No internet service,No internet service,No internet service,No internet service,No internet service,No internet service,Month-to-month,Yes,Bank transfer (automatic),40.38,1526.02,No
C2675-6347,Male,1,No,No,15,No,No phone service,No,No internet service,No internet service,No internet service,No internet service,No internet service,No internet service,One year,No,Electronic check,18.25,294.02,No
C2676-9658,Female,0,Yes,Yes,70,Yes,No,Fiber optic,No,Yes,No,No,No,Yes,One year,Yes,Mailed check,95.48,6666.59,No
C2677-8902,Male,0,Yes,No,54,Yes,Yes,Fiber optic,Yes,No,Yes,No,Yes,Yes,Two year,Yes,Credit card (automatic),119.77,6447.99,No
C2678-6215,Male,1,No,No,42,Yes,No,Fiber optic,No,No,Yes,No,Yes,No,One year,Yes,Mailed check,119.66,5010.95,No
C2679-4369,Female,0,No,No,29,Yes,Yes,Fiber optic,No,Yes,Yes,Yes,Yes,Yes,Two year,Yes,Electronic check,146.45,4241.13,Yes
C2680-2055,Male,0,Yes,No,16,No,No phone service,No,No internet service,No internet service,No internet service,No internet service,No internet service,No internet service,Month-to-month,No,Electronic check,27.65,408.55,No
C2681-1909,Female,0,No,No,35,Yes,Yes,Fiber optic,Yes,Yes,No,No,Yes,Yes,Month-to-month,No,Electronic check,133.38,4650.18,No
C2682-4506,Female,0,Yes,No,29,Yes,No,Fiber optic,No,No,No,No,Yes,No,One year,Yes,Electronic check,101.61,2951.98,No
C2683-8297,Male,0,Yes,Yes,67,Yes,Yes,No,No internet service,No internet service,No internet service,No internet service,No internet service,No internet service,One year,Yes,Mailed check,34.54,2320.2,No
C2684-5547,Male,0,No,No,40,No,No phone service,No,No internet service,No internet service,No internet service,No internet service,No internet service,No internet service,Two year,Yes,Bank transfer (automatic),24.43,998.95,No
C2685-5335,Male,0,No,No,19,Yes,No,Fiber optic,No,No,No,No,Yes,No,One year,No,Mailed check,81.72,1556.96,Yes
C2686-3199,Male,1,No,No,19,Yes,No,No,No internet service,No internet service,No internet service,No internet service,No internet service,No internet service,Month-to-month,Yes,Electronic check,50.4,968.23,Yes
C2687-6078,Male,0,Yes,No,12,Yes,Yes,Fiber optic,No,Yes,No,Yes,Yes,Yes,One year,No,Electronic check,128.11,1558.61,No
C2688-6742,Female,0,No,Yes,31,Yes,No,DSL,No,Yes,Yes,No,No,Yes,Month-to-month,Yes,Credit card (automatic),79.62,2461.74,No
C2689-9838,Male,1,No,No,17,Yes,No,DSL,No,Yes,Yes,No,Yes,Yes,Month-to-month,Yes,Bank transfer (automatic),96.27,1654.28,No
C2690-7564,Female,0,No,No,7,Yes,No,DSL,No,No,No,No,No,No,One year,Yes,Mailed check,56.88,407.35,No
C2691-6464,Female,0,Yes,No,50,Yes,No,Fiber optic,No,Yes,No,No,No,Yes,One year,Yes,Credit card (automatic),100.64,5028.66,No
C2692-9189,Female,0,No,No,15,Yes,No,No,No internet service,No internet service,No internet service,No internet service,No internet service,No internet service,Month-to-month,Yes,Bank transfer (automatic),37.41,574.88,No
C2693-4824,Female,0,Yes,Yes,20,Yes,No,DSL,No,Yes,No,No,No,Yes,One year,Yes,Bank transfer (automatic),76.35,1502.49,No
C2694-9413,Female,0,No,No,72,No,No phone service,No,No internet service,No internet service,No internet service,No internet service,No internet service,No internet service,Two year,Yes,Electronic check,32.35,2327.61,No
C2695-4329,Male,0,No,No,56,Yes,No,DSL,No,Yes,No,No,No,No,Month-to-month,No,Electronic check,77.0,4309.97,Yes
C2696-2149,Male,0,Yes,No,39,Yes,No,DSL,Yes,Yes,Yes,No,No,No,Month-to-month,Yes,Electronic check,90.66,3551.65,Yes
C2697-4758,Female,0,Yes,No,30,Yes,Yes,DSL,No,No,Yes,No,Yes,No,Month-to-month,Yes,Mailed check,83.1,2493.89,No
C2698-2158,Female,0,No,No,72,Yes,No,Fiber optic,No,No,No,No,No,No,Month-to-month,No,Bank transfer (automatic),85.98,6197.79,No
C2699-2065,Male,0,No,No,21,Yes,No,No,No internet service,No internet service,No internet service,No internet service,No internet service,No internet service,Month-to-month,No,Electronic check,46.05,982.86,No
C2700-8929,Female,0,Yes,Yes,12,No,No phone service,DSL,Yes,No,No,No,Yes,No,Month-to-month,No,Mailed check,54.84,657.45,Yes
C2701-8151,Male,0,Yes,Yes,67,Yes,No,DSL,No,Yes,Yes,No,Yes,No,Month-to-month,No,Electronic check,81.86,5455.6,Yes
C2702-2990,Male,0,No,No,39,No,No phone service,No,No internet service,No internet service,No internet service,No internet service,No internet service,No internet service,Month-to-month,No,Credit card (automatic),19.04,744.24,No
C2703-8538,Female,0,Yes,Yes,10,Yes,Yes,Fiber optic,Yes,No,Yes,No,No,No,Month-to-month,No,Mailed check,112.21,1103.29,No
C2704-1620,Male,1,No,No,39,Yes,No,Fiber optic,No,Yes,No,No,No,No,Two year,No,Bank transfer (automatic),92.57,3612.52,No
C2705-3559,Male,0,No,No,5,Yes,Yes,Fiber optic,Yes,No,No,No,Yes,No,Month-to-month,No,Credit card (automatic),107.0,537.97,Yes
C2706-7354,Male,0,Yes,Yes,57,Yes,No,Fiber optic,No,No,No,No,No,No,Month-to-month,Yes,Electronic check,77.39,4433.23,No
C2707-3733,Female,1,No,No,31,No,No phone service,Fiber optic,No,No,No,Yes,No,No,Month-to-month,Yes,Electronic check,80.96,2510.24,No
C2708-7573,Male,1,No,No,35,Yes,No,Fiber optic,No,Yes,Yes,No,Yes,Yes,Two year,Yes,Electronic check,110.53,3865.03,Yes
C2709-8868,Male,0,No,No,37,No,No phone service,No,No internet service,No internet service,No internet service,No internet service,No internet service,No internet service,Month-to-month,No,Bank transfer (automatic),18.25,664.85,No
C2710-1594,Female,0,No,No,39,Yes,No,DSL,No,No,Yes,Yes,No,Yes,Two year,Yes,Mailed check,66.03,2578.46,No
C2711-1215,Male,0,Yes,No,24,Yes,Yes,Fiber optic,No,Yes,No,No,Yes,No,Month-to-month,No,Electronic check,115.64,2794.68,Yes
C2712-9459,Male,0,Yes,No,27,Yes,No,No,No internet service,No internet service,No internet service,No internet service,No internet service,No internet service,Month-to-month,No,Electronic check,46.59,1239.14,Yes
C2713-5683,Female,0,No,No,16,Yes,No,DSL,No,Yes,No,No,No,Yes,Month-to-month,Yes,Electronic check,84.8,1366.01,No
C2714-5557,Female,0,Yes,No,30,Yes,Yes,DSL,No,No,Yes,Yes,No,No,One year,Yes,Bank transfer (automatic),93.09,2785.54,No
C2715-5172,Male,0,Yes,Yes,24,No,No phone service,Fiber optic,No,Yes,Yes,No,No,Yes,Two year,Yes,Credit card (automatic),86.96,2083.4,No
C2716-4902,Female,0,Yes,No,28,No,No phone service,Fiber optic,No,No,No,Yes,No,No,Month-to-month,Yes,Bank transfer (automatic),89.83,2501.93,No
C2717-7210,Male,1,No,No,6,Yes,Yes,Fiber optic,Yes,Yes,Yes,No,Yes,Yes,Two year,Yes,Electronic check,129.16,757.44,No
C2718-6217,Female,0,Yes,Yes,14,Yes,Yes,No,No internet service,No internet service,No internet service,No internet service,No internet service,No internet service,Month-to-month,No,Mailed check,57.85,813.36,No
C2719-2470,Male,0,No,No,22,Yes,Yes,DSL,No,No,No,No,No,Yes,Month-to-month,No,Electronic check,76.07,1675.98,Yes
C2720-6639,Male,0,No,No,8,Yes,No,DSL,Yes,Yes,No,No,No,No,Two year,Yes,Credit card (automatic),93.71,746.95,Yes
C2721-7014,Male,0,Yes,Yes,3,Yes,No,DSL,Yes,No,Yes,No,Yes,No,Month-to-month,Yes,Electronic check,86.51,266.44,Yes
C2722-2022,Male,0,No,No,30,Yes,Yes,No,No internet service,No internet service,No internet service,No internet service,No internet service,No internet service,One year,Yes,Mailed check,38.8,1141.52,No
C2723-4390,Female,0,Yes,Yes,9,Yes,No,DSL,No,No,No,No,No,No,One year,No,Electronic check,47.98,435.72,No
C2724-8113,Female,0,No,No,14,No,No phone service,Fiber optic,No,Yes,No,No,No,No,Month-to-month,No,Electronic check,71.09,1004.49,Yes
C2725-6567,Male,0,No,No,35,Yes,No,No,No internet service,No internet service,No internet service,No internet service,No internet service,No internet service,Month-to-month,Yes,Credit card (automatic),45.68,1586.5,No
C2726-2227,Male,0,No,No,48,Yes,Yes,DSL,No,No,Yes,No,Yes,No,Two year,Yes,Electronic check,80.7,3875.96,No
C2727-1360,Female,0,No,No,17,Yes,Yes,DSL,No,No,No,No,No,No,Two year,No,Mailed check,60.56,1043.37,No
C2728-6230,Male,0,No,No,57,Yes,No,No,No internet service,No internet service,No internet service,No internet service,No internet service,No internet service,Two year,No,Electronic check,36.51,2067.4,No
C2729-5155,Male,0,No,No,68,Yes,No,DSL,No,No,Yes,No,Yes,No,One year,No,Electronic check,92.38,6291.95,No
C2730-9648,Female,0,No,No,23,Yes,Yes,Fiber optic,No,Yes,No,No,Yes,Yes,One year,No,Electronic check,130.28,2994.3,No
C2731-5699,Female,0,Yes,Yes,23,No,No phone service,Fiber optic,No,No,No,No,No,Yes,Month-to-month,No,Mailed check,48.81,1131.59,No
C2732-9382,Male,0,No,No,13,Yes,Yes,Fiber optic,Yes,Yes,No,Yes,No,Yes,One year,Yes,Mailed check,128.7,1673.27,No
C2733-2928,Male,0,No,Yes,29,Yes,No,DSL,No,No,No,No,Yes,Yes,Month-to-month,Yes,Electronic check,82.82,2381.94,No
C2734-5025,Female,0,Yes,No,49,Yes,Yes,No,No internet service,No internet service,No internet service,No internet service,No internet service,No internet service,Month-to-month,Yes,Electronic check,34.48,1682.76,No
C2735-2256,Male,0,No,No,65,No,No phone service,Fiber optic,No,No,No,No,No,Yes,One year,No,Bank transfer (automatic),74.73,4856.38,Yes
C2736-6167,Male,0,No,No,10,Yes,No,DSL,No,Yes,No,Yes,Yes,Yes,Month-to-month,No,Electronic check,107.54,1049.35,Yes
C2737-2696,Female,0,No,No,25,Yes,Yes,DSL,Yes,Yes,No,No,Yes,Yes,Month-to-month,No,Electronic check,103.94,2636.02,No
C2738-5429,Female,0,Yes,Yes,42,Yes,No,Fiber optic,Yes,Yes,Yes,Yes,Yes,Yes,One year,Yes,Electronic check,140.25,5885.57,No
C2739-4096,Male,0,No,No,3,Yes,Yes,Fiber optic,Yes,Yes,No,No,No,No,Month-to-month,Yes,Bank transfer (automatic),99.51,298.94,No
C2740-2671,Female,0,No,No,0,No,No phone service,Fiber optic,No,No,Yes,No,Yes,No,Month-to-month,No,Mailed check,89.16,,Yes
C2741-1871,Female,0,Yes,No,24,Yes,Yes,DSL,Yes,Yes,No,No,No,No,Month-to-month,Yes,Electronic check,86.31,2056.23,No
C2742-5607,Female,0,No,No,10,Yes,Yes,Fiber optic,No,No,Yes,No,No,Yes,One year,No,Electronic check,107.24,1076.71,Yes
C2743-9524,Male,0,No,No,8,Yes,No,DSL,Yes,No,No,No,No,Yes,Month-to-month,No,Electronic check,72.42,581.74,Yes
C2744-2788,Female,0,Yes,Yes,11,Yes,Yes,Fiber optic,No,No,No,Yes,No,Yes,Month-to-month,Yes,Credit card (automatic),105.2,1117.7,Yes
C2745-4644,Male,0,No,No,11,No,No phone service,Fiber optic,No,No,No,No,No,No,Two year,Yes,Mailed check,68.21,745.98,No
C2746-3021,Male,1,Yes,No,34,Yes,Yes,No,No internet service,No internet service,No internet service,No internet service,No internet service,No internet service,Month-to-month,No,Mailed check,41.56,1416.64,No
C2747-8279,Female,0,No,No,1,Yes,No,DSL,Yes,No,No,Yes,No,Yes,Month-to-month,No,Bank transfer (automatic),93.06,78.6,Yes
C2748-4733,Female,0,No,No,32,Yes,No,Fiber optic,Yes,Yes,No,No,No,Yes,Month-to-month,Yes,Mailed check,92.14,2923.05,No
C2749-9768,Female,0,No,Yes,18,No,No phone service,DSL,No,No,No,Yes,Yes,Yes,Two year,Yes,Credit card (automatic),73.63,1342.66,No
C2750-3206,Female,0,No,No,5,No,No phone service,DSL,No,No,No,No,Yes,No,One year,No,Electronic check,38.2,188.08,No
C2751-1726,Male,0,Yes,Yes,39,Yes,Yes,DSL,No,Yes,Yes,Yes,No,Yes,One year,No,Electronic check,94.03,3636.64,No
C2752-6242,Male,0,Yes,Yes,34,Yes,Yes,No,No internet service,No internet service,No internet service,No internet service,No internet service,No internet service,One year,Yes,Electronic check,53.2,1815.85,No
C2753-6864,Male,0,No,No,12,Yes,No,Fiber optic,Yes,Yes,Yes,Yes,No,No,Month-to-month,Yes,Bank transfer (automatic),123.49,1462.35,No
C2754-9915,Male,0,Yes,Yes,37,No,No phone service,No,No internet service,No internet service,No internet service,No internet service,No internet service,No internet service,Month-to-month,Yes,Mailed check,21.29,814.33,Yes
C2755-8841,Male,0,Yes,No,61,Yes,Yes,DSL,No,Yes,Yes,Yes,No,No,Month-to-month,No,Bank transfer (automatic),101.72,6196.39,No
C2756-8956,Male,0,Yes,Yes,2,Yes,Yes,Fiber optic,Yes,No,Yes,No,No,No,Month-to-month,No,Bank transfer (automatic),112.3,190.65,No
C2757-6707,Male,0,No,No,9,Yes,No,Fiber optic,No,No,Yes,No,No,No,Month-to-month,Yes,Bank transfer (automatic),93.53,863.02,No
C2758-4237,Female,0,No,No,45,Yes,No,Fiber optic,Yes,Yes,No,No,No,No,Two year,Yes,Electronic check,99.07,4457.81,No
C2759-4860,Male,0,Yes,No,21,Yes,Yes,No,No internet service,No internet service,No internet service,No internet service,No internet service,No internet service,Month-to-month,Yes,Electronic check,45.09,935.89,Yes
C2760-2203,Female,0,Yes,Yes,16,Yes,Yes,No,No internet service,No internet service,No internet service,No internet service,No internet service,No internet service,Month-to-month,No,Credit card (automatic),46.54,746.95,No
C2761-4879,Male,0,Yes,No,43,Yes,Yes,No,No internet service,No internet service,No internet service,No internet service,No internet service,No internet service,Month-to-month,No,Bank transfer (automatic),43.86,1894.45,No
C2762-4279,Female,1,Yes,Yes,14,No,No phone service,DSL,No,No,No,Yes,No,Yes,Month-to-month,Yes,Bank transfer (automatic),52.31,764.65,No
C2763-1323,Male,0,Yes,Yes,43,Yes,Yes,Fiber optic,Yes,No,Yes,No,Yes,No,Month-to-month,Yes,Credit card (automatic),104.62,4488.39,Yes
C2764-2840,Male,0,No,No,7,Yes,No,No,No internet service,No internet service,No internet service,No internet service,No internet service,No internet service,Two year,Yes,Electronic check,30.54,198.6,Yes
C2765-5810,Female,0,No,No,24,Yes,Yes,Fiber optic,No,Yes,No,Yes,No,No,Month-to-month,No,Electronic check,118.1,2882.0,Yes
C2766-4323,Male,0,Yes,No,49,Yes,Yes,Fiber optic,No,Yes,No,Yes,No,No,One year,No,Credit card (automatic),108.12,5276.89,No
C2767-9940,Male,0,No,Yes,4,Yes,No,Fiber optic,No,Yes,No,Yes,No,Yes,Month-to-month,No,Credit card (automatic),104.77,416.34,Yes
C2768-5306,Male,0,No,No,11,Yes,Yes,Fiber optic,No,Yes,No,Yes,No,Yes,Month-to-month,Yes,Bank transfer (automatic),124.51,1358.93,Yes
C2769-9627,Female,0,Yes,Yes,16,Yes,No,DSL,No,No,Yes,No,Yes,Yes,Month-to-month,No,Mailed check,85.29,1349.03,Yes
C2770-6945,Male,0,Yes,Yes,72,No,No phone service,DSL,Yes,No,No,No,Yes,Yes,Month-to-month,Yes,Mailed check,69.39,4988.45,No
C2771-1363,Male,1,No,No,31,Yes,No,DSL,No,Yes,Yes,Yes,No,Yes,Two year,Yes,Credit card (automatic),89.94,2773.17,Yes
C2772-2830,Female,0,Yes,Yes,6,Yes,No,Fiber optic,No,No,No,Yes,No,No,One year,No,Electronic check,92.54,561.62,Yes
C2773-7351,Female,0,No,Yes,72,Yes,No,DSL,Yes,Yes,Yes,No,Yes,Yes,Month-to-month,No,Credit card (automatic),91.03,6553.69,No
C2774-5905,Male,0,No,No,72,Yes,Yes,No,No internet service,No internet service,No internet service,No internet service,No internet service,No internet service,Month-to-month,No,Electronic check,45.83,3293.91,No
C2775-3715,Female,0,No,No,29,Yes,Yes,Fiber optic,No,Yes,No,No,No,No,One year,Yes,Credit card (automatic),96.88,2816.58,Yes
C2776-5698,Female,1,Yes,Yes,72,Yes,Yes,DSL,Yes,Yes,Yes,No,No,Yes,Month-to-month,Yes,Bank transfer (automatic),93.7,6714.18,Yes
C2777-9125,Male,0,Yes,No,13,Yes,No,Fiber optic,Yes,No,Yes,No,Yes,Yes,Month-to-month,No,Electronic check,117.14,1522.47,No
C2778-4497,Female,1,No,No,19,Yes,No,DSL,Yes,Yes,No,No,Yes,No,One year,Yes,Electronic check,86.65,1640.09,No
C2779-1405,Female,0,Yes,Yes,9,Yes,Yes,Fiber optic,No,No,No,No,No,No,Two year,Yes,Bank transfer (automatic),89.78,806.29,No
C2780-3798,Female,0,Yes,No,43,Yes,Yes,No,No internet service,No internet service,No internet service,No internet service,No internet service,No internet service,Two year,No,Credit card (automatic),43.63,1883.97,No
C2781-9421,Female,0,No,No,72,Yes,Yes,Fiber optic,No,Yes,Yes,Yes,Yes,Yes,One year,Yes,Bank transfer (automatic),129.95,9360.17,Yes
C2782-7855,Female,0,Yes,No,55,Yes,Yes,DSL,No,No,Yes,No,No,No,Two year,Yes,Electronic check,89.27,4928.8,No
C2783-8536,Male,1,No,No,10,Yes,No,Fiber optic,No,No,No,No,Yes,Yes,Month-to-month,Yes,Bank transfer (automatic),89.43,889.57,Yes
C2784-9203,Male,0,No,No,14,Yes,Yes,Fiber optic,No,Yes,No,Yes,No,No,Month-to-month,Yes,Bank transfer (automatic),119.82,1676.16,No
C2785-2057,Male,0,No,No,50,Yes,No,Fiber optic,Yes,Yes,Yes,Yes,No,Yes,Month-to-month,Yes,Electronic check,130.9,6550.29,Yes
C2786-3543,Female,0,Yes,No,9,Yes,Yes,Fiber optic,No,No,No,Yes,Yes,No,One year,No,Electronic check,110.13,963.56,No
C2787-1538,Female,0,No,No,24,Yes,No,DSL,No,No,No,Yes,Yes,No,Two year,No,Bank transfer (automatic),82.54,2003.82,Yes
C2788-1042,Male,0,No,Yes,4,Yes,No,No,No internet service,No internet service,No internet service,No internet service,No internet service,No internet service,One year,Yes,Credit card (automatic),42.12,177.4,No
C2789-8511,Female,0,Yes,Yes,18,Yes,No,Fiber optic,No,No,No,No,Yes,Yes,Month-to-month,No,Mailed check,90.84,1626.04,No
C2790-9431,Male,0,No,No,29,Yes,No,Fiber optic,No,No,Yes,Yes,Yes,No,Month-to-month,Yes,Credit card (automatic),111.01,3214.16,No
C2791-2401,Female,1,Yes,Yes,30,Yes,No,DSL,Yes,Yes,No,No,Yes,No,Month-to-month,Yes,Bank transfer (automatic),82.75,2498.2,No
C2792-7498,Male,0,Yes,No,39,No,No phone service,DSL,No,No,Yes,No,Yes,Yes,One year,Yes,Electronic check,51.01,1978.23,No
C2793-5813,Male,0,No,No,72,Yes,Yes,Fiber optic,No,Yes,Yes,No,No,No,One year,No,Electronic check,103.64,7478.45,No
C2794-1622,Male,0,Yes,Yes,57,Yes,Yes,Fiber optic,No,No,No,Yes,No,Yes,One year,No,Electronic check,118.74,6786.98,No
C2795-9240,Female,1,Yes,Yes,54,Yes,No,No,No internet service,No internet service,No internet service,No internet service,No internet service,No internet service,Month-to-month,Yes,Credit card (automatic),36.42,1957.82,No
C2796-8840,Female,1,No,No,48,No,No phone service,DSL,No,Yes,No,No,No,No,Month-to-month,No,Electronic check,59.27,2829.51,No
C2797-6106,Male,0,Yes,No,30,Yes,No,No,No internet service,No internet service,No internet service,No internet service,No internet service,No internet service,Month-to-month,Yes,Credit card (automatic),40.1,1221.06,No
C2798-7370,Female,0,No,No,24,Yes,No,DSL,Yes,No,Yes,No,Yes,Yes,Month-to-month,Yes,Mailed check,82.21,1984.21,No
C2799-4574,Male,0,Yes,No,60,Yes,Yes,No,No internet service,No internet service,No internet service,No internet service,No internet service,No internet service,Month-to-month,Yes,Mailed check,52.22,3134.08,No
C2800-8134,Female,0,No,No,49,Yes,No,DSL,No,No,No,No,No,Yes,Two year,Yes,Mailed check,78.68,3858.85,No
C2801-5004,Male,0,No,No,12,Yes,No,Fiber optic,No,Yes,No,No,Yes,No,Two year,Yes,Electronic check,97.97,1170.31,No
C2802-9901,Female,0,Yes,No,41,Yes,Yes,Fiber optic,No,No,No,No,No,Yes,One year,Yes,Electronic check,91.13,3738.57,No
C2803-1567,Male,0,No,No,31,No,No phone service,Fiber optic,No,Yes,Yes,No,No,No,Month-to-month,Yes,Bank transfer (automatic),80.63,2515.56,No
C2804-2549,Male,0,Yes,No,37,Yes,No,No,No internet service,No internet service,No internet service,No internet service,No internet service,No internet service,Month-to-month,No,Bank transfer (automatic),33.09,1241.91,No
C2805-9717,Male,0,Yes,Yes,66,Yes,No,No,No internet service,No internet service,No internet service,No internet service,No internet service,No internet service,Month-to-month,No,Credit card (automatic),37.07,2462.39,No
C2806-3598,Female,0,Yes,No,13,No,No phone service,DSL,No,No,Yes,No,No,No,Month-to-month,Yes,Mailed check,61.94,802.31,No
C2807-3795,Female,0,Yes,No,12,Yes,No,DSL,No,No,No,No,Yes,No,Month-to-month,Yes,Electronic check,80.51,946.42,No
C2808-8120,Female,0,Yes,Yes,33,Yes,Yes,DSL,Yes,No,Yes,No,No,No,Month-to-month,Yes,Mailed check,93.56,3125.73,No
C2809-2704,Male,0,No,No,14,Yes,Yes,DSL,Yes,Yes,No,No,No,No,Two year,Yes,Electronic check,91.36,1259.45,No
C2810-5621,Female,0,No,No,5,Yes,Yes,Fiber optic,No,Yes,Yes,No,Yes,No,Two year,Yes,Electronic check,115.76,582.99,No
C2811-3574,Male,0,No,Yes,8,Yes,No,DSL,No,No,Yes,No,Yes,No,Two year,Yes,Electronic check,88.73,710.24,No
C2812-2781,Female,0,No,No,72,Yes,Yes,Fiber optic,No,No,No,No,Yes,Yes,Month-to-month,Yes,Electronic check,102.9,7440.05,Yes
C2813-9678,Female,0,Yes,Yes,28,No,No phone service,DSL,No,No,Yes,No,No,Yes,Month-to-month,Yes,Bank transfer (automatic),53.64,1525.48,Yes
C2814-2798,Male,0,Yes,Yes,42,No,No phone service,No,No internet service,No internet service,No internet service,No internet service,No internet service,No internet service,Month-to-month,Yes,Credit card (automatic),21.96,884.69,Yes
C2815-1848,Female,0,Yes,No,22,Yes,No,DSL,No,No,Yes,No,Yes,Yes,One year,Yes,Bank transfer (automatic),103.31,2243.41,No
C2816-7064,Female,0,No,No,62,Yes,No,Fiber optic,Yes,No,No,Yes,No,No,Month-to-month,No,Bank transfer (automatic),100.72,6268.0,No
C2817-8804,Male,0,No,No,1,Yes,No,Fiber optic,Yes,No,No,No,Yes,No,Month-to-month,Yes,Bank transfer (automatic),110.91,124.87,No
C2818-2147,Male,0,Yes,No,72,Yes,No,Fiber optic,Yes,No,No,No,No,Yes,Month-to-month,Yes,Credit card (automatic),93.35,6708.77,No
C2819-7369,Male,0,Yes,Yes,28,Yes,No,Fiber optic,Yes,Yes,No,No,Yes,No,Month-to-month,No,Bank transfer (automatic),111.11,3116.07,Yes
C2820-5866,Male,1,Yes,No,14,Yes,No,DSL,No,Yes,No,No,Yes,No,Month-to-month,Yes,Mailed check,84.18,1173.69,Yes
C2821-8469,Male,0,No,No,72,No,No phone service,Fiber optic,No,No,No,No,Yes,Yes,Month-to-month,Yes,Credit card (automatic),88.73,6384.1,No
C2822-2142,Male,0,Yes,Yes,40,Yes,No,DSL,No,No,Yes,No,Yes,Yes,Month-to-month,No,Mailed check,83.97,3367.17,No
C2823-9782,Female,0,No,No,24,Yes,No,DSL,Yes,No,Yes,No,No,No,Two year,No,Credit card (automatic),74.14,1788.06,No
C2824-6571,Female,0,Yes,No,5,Yes,No,No,No internet service,No internet service,No internet service,No internet service,No internet service,No internet service,Month-to-month,No,Bank transfer (automatic),29.16,141.19,No
C2825-8578,Female,0,Yes,No,25,Yes,No,DSL,No,No,No,No,No,No,Month-to-month,Yes,Mailed check,63.79,1587.34,No
C2826-4257,Male,1,Yes,Yes,31,Yes,Yes,DSL,Yes,No,No,No,Yes,Yes,Two year,No,Bank transfer (automatic),107.48,3323.37,No
C2827-9489,Male,0,No,No,34,No,No phone service,DSL,No,Yes,Yes,No,No,No,Two year,No,Bank transfer (automatic),56.72,1919.27,No
C2828-6636,Female,0,No,No,12,Yes,Yes,Fiber optic,Yes,Yes,Yes,No,Yes,No,Month-to-month,Yes,Electronic check,143.96,1707.63,Yes
C2829-2142,Male,0,Yes,No,13,Yes,Yes,Fiber optic,Yes,Yes,No,No,No,No,Two year,No,Bank transfer (automatic),110.25,1450.43,No
C2830-9305,Female,0,Yes,Yes,8,Yes,No,DSL,No,Yes,No,Yes,No,Yes,Month-to-month,Yes,Mailed check,92.81,788.89,Yes
C2831-8161,Male,0,Yes,Yes,14,Yes,No,Fiber optic,No,Yes,No,No,No,No,One year,No,Bank transfer (automatic),112.57,1574.14,No
C2832-3701,Male,0,Yes,No,46,Yes,No,No,No internet service,No internet service,No internet service,No internet service,No internet service,No internet service,Two year,Yes,Bank transfer (automatic),39.22,1802.62,No
C2833-5910,Male,0,Yes,No,72,Yes,No,No,No internet service,No internet service,No internet service,No internet service,No internet service,No internet service,Month-to-month,Yes,Electronic check,53.27,3885.07,No
C2834-4492,Male,1,Yes,No,21,Yes,No,No,No internet service,No internet service,No internet service,No internet service,No internet service,No internet service,Month-to-month,No,Mailed check,38.7,786.23,Yes
C2835-5890,Male,0,No,No,35,Yes,No,DSL,No,Yes,Yes,No,Yes,No,One year,Yes,Mailed check,84.57,2949.08,No
C2836-9687,Female,0,No,No,7,Yes,Yes,DSL,No,Yes,Yes,No,Yes,No,One year,Yes,Electronic check,95.17,672.14,Yes
C2837-9089,Female,0,No,No,7,Yes,No,Fiber optic,No,No,Yes,Yes,No,Yes,Two year,No,Electronic check,97.09,676.75,Yes
C2838-2939,Male,0,No,No,59,Yes,Yes,Fiber optic,No,Yes,Yes,Yes,No,No,Month-to-month,Yes,Credit card (automatic),110.19,6489.47,No
C2839-9745,Female,0,No,No,1,Yes,Yes,Fiber optic,Yes,Yes,Yes,Yes,Yes,No,Month-to-month,No,Mailed check,122.7,157.6,Yes
C2840-4941,Female,0,No,Yes,41,Yes,Yes,No,No internet service,No internet service,No internet service,No internet service,No internet service,No internet service,One year,Yes,Bank transfer (automatic),46.12,1907.13,No
C2841-7342,Female,0,Yes,No,42,Yes,No,Fiber optic,No,Yes,Yes,No,Yes,Yes,Month-to-month,Yes,Electronic check,120.83,5082.87,No
C2842-7877,Male,1,Yes,Yes,60,Yes,Yes,Fiber optic,No,No,No,No,Yes,Yes,Month-to-month,No,Credit card (automatic),105.62,6354.32,Yes
C2843-5345,Male,0,Yes,No,37,No,No phone service,Fiber optic,No,Yes,Yes,No,Yes,Yes,Month-to-month,Yes,Electronic check,116.06,4300.12,No
C2844-5109,Male,0,No,No,5,Yes,Yes,DSL,Yes,Yes,Yes,No,Yes,Yes,Month-to-month,No,Electronic check,95.47,492.29,No
C2845-5107,Male,0,Yes,No,71,Yes,No,Fiber optic,Yes,Yes,Yes,No,Yes,No,Month-to-month,No,Electronic check,106.44,7570.77,Yes
C2846-8762,Male,1,Yes,Yes,16,Yes,No,DSL,No,No,No,No,Yes,Yes,One year,No,Bank transfer (automatic),84.91,1326.96,No
C2847-4476,Male,0,No,No,67,No,No phone service,Fiber optic,No,No,Yes,No,No,No,Month-to-month,No,Mailed check,72.16,4834.43,No
C2848-3519,Male,0,No,No,56,Yes,No,No,No internet service,No internet service,No internet service,No internet service,No internet service,No internet service,Month-to-month,Yes,Electronic check,21.89,1225.58,No
C2849-4254,Female,0,No,No,36,Yes,No,No,No internet service,No internet service,No internet service,No internet service,No internet service,No internet service,One year,Yes,Credit card (automatic),41.74,1486.17,No
C2850-2753,Male,1,No,No,57,Yes,Yes,Fiber optic,Yes,No,No,No,Yes,Yes,Month-to-month,Yes,Bank transfer (automatic),119.79,6817.3,No
C2851-4523,Female,0,No,No,72,Yes,Yes,DSL,Yes,No,No,No,No,Yes,One year,No,Electronic check,88.77,6387.49,No
C2852-2026,Male,0,No,No,40,Yes,No,DSL,No,Yes,Yes,No,Yes,No,Two year,Yes,Electronic check,85.67,3425.08,No
C2853-1807,Male,0,Yes,Yes,52,Yes,Yes,No,No internet service,No internet service,No internet service,No internet service,No internet service,No internet service,Month-to-month,Yes,Credit card (automatic),45.88,2412.8,No
C2854-7513,Male,0,No,No,11,Yes,Yes,DSL,No,No,No,No,Yes,No,Two year,No,Credit card (automatic),93.42,1044.1,No
C2855-1696,Male,0,No,No,49,Yes,No,Fiber optic,No,No,No,No,No,No,Two year,Yes,Bank transfer (automatic),96.32,4715.22,No
C2856-6113,Male,1,Yes,Yes,11,Yes,No,DSL,No,No,No,No,No,Yes,Month-to-month,Yes,Credit card (automatic),78.0,877.67,No
C2857-8018,Male,0,No,No,33,Yes,Yes,No,No internet service,No internet service,No internet service,No internet service,No internet service,No internet service,Two year,No,Electronic check,54.81,1803.36,No
C2858-7519,Female,0,No,No,14,Yes,Yes,DSL,No,No,Yes,Yes,No,Yes,Month-to-month,Yes,Bank transfer (automatic),93.49,1272.77,No
C2859-5014,Female,0,No,No,18,Yes,No,Fiber optic,Yes,Yes,Yes,No,No,No,Two year,No,Credit card (automatic),111.68,2006.39,No
C2860-2742,Male,0,No,No,72,Yes,No,Fiber optic,No,No,No,No,Yes,Yes,One year,Yes,Credit card (automatic),76.65,5539.15,No
C2861-9375,Male,0,Yes,No,27,Yes,No,Fiber optic,Yes,Yes,No,Yes,Yes,No,Two year,Yes,Bank transfer (automatic),136.36,3712.51,No
C2862-8515,Female,0,Yes,No,33,Yes,No,Fiber optic,No,No,No,No,Yes,Yes,Month-to-month,Yes,Mailed check,102.39,3381.64,Yes
C2863-6509,Male,0,Yes,No,50,Yes,Yes,DSL,No,Yes,No,Yes,No,Yes,One year,Yes,Bank transfer (automatic),103.49,5171.2,No
C2864-1780,Male,0,No,Yes,31,No,No phone service,DSL,Yes,No,Yes,No,Yes,No,Month-to-month,No,Electronic check,73.34,2272.71,No
C2865-1316,Male,0,No,No,48,Yes,Yes,DSL,No,Yes,No,Yes,No,No,Two year,Yes,Mailed check,93.46,4477.9,No
C2866-3836,Female,1,No,No,52,Yes,Yes,No,No internet service,No internet service,No internet service,No internet service,No internet service,No internet service,Month-to-month,Yes,Mailed check,43.57,2263.24,No
C2867-2417,Male,0,No,Yes,17,Yes,No,DSL,Yes,Yes,Yes,No,No,Yes,Month-to-month,No,Electronic check,103.62,1745.07,Yes
C2868-8742,Female,0,No,No,9,Yes,Yes,Fiber optic,Yes,No,No,Yes,Yes,No,Two year,No,Electronic check,123.68,1091.82,No
C2869-2852,Female,1,Yes,Yes,30,Yes,Yes,DSL,No,No,No,Yes,No,No,Month-to-month,Yes,Mailed check,70.9,2123.48,No
C2870-3543,Male,0,Yes,Yes,18,Yes,Yes,Fiber optic,No,No,Yes,No,Yes,No,One year,No,Bank transfer (automatic),111.5,2003.02,No
C2871-9780,Male,0,Yes,No,55,Yes,Yes,DSL,Yes,No,Yes,No,Yes,No,Month-to-month,No,Bank transfer (automatic),94.98,5203.94,No
C2872-8363,Female,0,No,No,19,Yes,Yes,No,No internet service,No internet service,No internet service,No internet service,No internet service,No internet service,One year,Yes,Bank transfer (automatic),42.6,810.42,Yes
C2873-2968,Female,0,Yes,Yes,72,Yes,Yes,No,No internet service,No internet service,No internet service,No internet service,No internet service,No internet service,Two year,Yes,Mailed check,37.16,2679.97,No
C2874-4451,Female,0,No,Yes,72,Yes,Yes,Fiber optic,No,No,No,Yes,No,Yes,Two year,Yes,Mailed check,102.44,7387.26,No
C2875-5641,Male,0,No,No,72,Yes,No,No,No internet service,No internet service,No internet service,No internet service,No internet service,No internet service,Month-to-month,No,Bank transfer (automatic),43.27,3075.08,No
C2876-6977,Male,1,Yes,Yes,45,No,No phone service,DSL,No,Yes,No,No,Yes,Yes,One year,Yes,Credit card (automatic),62.97,2838.99,No
C2877-9424,Female,0,No,No,15,Yes,Yes,Fiber optic,No,Yes,No,No,Yes,No,Month-to-month,Yes,Bank transfer (automatic),114.17,1729.01,Yes
C2878-8839,Female,0,No,Yes,21,Yes,No,DSL,No,No,Yes,No,No,Yes,Two year,Yes,Mailed check,77.93,1647.18,No
C2879-9793,Male,0,No,No,44,Yes,No,Fiber optic,No,No,No,No,No,Yes,One year,Yes,Electronic check,94.14,4151.32,No
C2880-1365,Female,0,Yes,No,25,Yes,No,Fiber optic,No,Yes,No,No,Yes,No,Month-to-month,Yes,Bank transfer (automatic),94.7,2363.99,Yes
C2881-3127,Female,0,Yes,No,24,Yes,Yes,Fiber optic,Yes,Yes,Yes,No,Yes,No,Month-to-month,No,Electronic check,119.23,2849.34,No
C2882-6066,Female,1,Yes,Yes,72,Yes,No,No,No internet service,No internet service,No internet service,No internet service,No internet service,No internet service,Month-to-month,No,Electronic check,37.42,2695.51,No
C2883-1442,Male,0,No,No,7,Yes,Yes,No,No internet service,No internet service,No internet service,No internet service,No internet service,No internet service,Two year,Yes,Credit card (automatic),32.9,238.91,No
C2884-4197,Female,0,No,No,46,Yes,Yes,DSL,No,No,Yes,Yes,No,No,Month-to-month,No,Credit card (automatic),88.92,4099.28,Yes
C2885-2382,Female,0,No,No,42,Yes,No,Fiber optic,No,Yes,Yes,No,Yes,Yes,Month-to-month,No,Electronic check,115.41,4871.99,Yes
C2886-9395,Female,0,No,No,32,Yes,Yes,No,No internet service,No internet service,No internet service,No internet service,No internet service,No internet service,Month-to-month,Yes,Bank transfer (automatic),33.75,1070.26,Yes
C2887-1569,Female,0,Yes,No,10,Yes,No,Fiber optic,No,No,Yes,No,Yes,Yes,One year,No,Electronic check,108.19,1081.54,Yes
C2888-2335,Female,0,No,No,21,Yes,Yes,Fiber optic,No,Yes,No,No,No,Yes,One year,Yes,Electronic check,88.05,1849.88,No
C2889-2755,Female,0,Yes,Yes,32,No,No phone service,Fiber optic,Yes,Yes,No,No,No,No,Month-to-month,Yes,Bank transfer (automatic),78.32,2487.72,No
C2890-2337,Female,0,Yes,Yes,9,Yes,No,DSL,Yes,No,No,No,No,No,Month-to-month,Yes,Electronic check,72.7,644.03,Yes
C2891-6116,Female,1,No,Yes,65,Yes,No,Fiber optic,Yes,No,Yes,No,Yes,No,Month-to-month,Yes,Credit card (automatic),116.34,7557.52,No
C2892-4278,Female,0,No,No,29,Yes,No,Fiber optic,No,No,Yes,No,Yes,No,One year,No,Electronic check,123.17,3568.64,No
C2893-9211,Male,0,No,No,27,Yes,Yes,DSL,No,Yes,No,No,No,Yes,Two year,Yes,Credit card (automatic),88.54,2380.22,No
C2894-3347,Female,0,No,No,48,Yes,Yes,No,No internet service,No internet service,No internet service,No internet service,No internet service,No internet service,Two year,No,Bank transfer (automatic),48.39,2341.81,No
C2895-5834,Male,0,Yes,Yes,72,Yes,No,DSL,Yes,No,Yes,Yes,Yes,Yes,Month-to-month,No,Mailed check,87.25,6286.06,No
C2896-6940,Male,0,Yes,Yes,21,Yes,No,No,No internet service,No internet service,No internet service,No internet service,No internet service,No internet service,Month-to-month,Yes,Credit card (automatic),36.57,779.26,No
C2897-6633,Male,1,Yes,Yes,8,Yes,No,Fiber optic,No,No,No,No,Yes,No,Month-to-month,Yes,Electronic check,91.32,723.72,No
C2898-8166,Male,0,No,No,72,Yes,No,DSL,Yes,No,Yes,No,Yes,No,Two year,Yes,Bank transfer (automatic),72.41,5195.68,No
C2899-2816,Male,0,No,No,34,Yes,Yes,DSL,Yes,No,Yes,No,No,No,One year,Yes,Electronic check,100.89,3438.89,No
C2900-5566,Female,0,Yes,Yes,72,Yes,No,No,No internet service,No internet service,No internet service,No internet service,No internet service,No internet service,Month-to-month,Yes,Electronic check,41.57,2941.97,No
C2901-8204,Female,0,Yes,No,72,Yes,Yes,DSL,Yes,Yes,No,No,Yes,No,Month-to-month,No,Mailed check,98.38,7087.95,No
C2902-8766,Female,0,No,No,13,No,No phone service,DSL,No,No,Yes,No,Yes,No,Month-to-month,No,Credit card (automatic),72.41,901.97,Yes
C2903-6559,Male,0,No,No,24,No,No phone service,Fiber optic,Yes,No,Yes,No,Yes,Yes,Month-to-month,No,Electronic check,84.74,2048.59,No
C2904-6866,Male,0,Yes,No,1,No,No phone service,No,No internet service,No internet service,No internet service,No internet service,No internet service,No internet service,Two year,Yes,Credit card (automatic),18.25,0.0,No
C2905-8776,Male,0,Yes,No,15,Yes,No,Fiber optic,No,No,Yes,No,Yes,Yes,Month-to-month,Yes,Electronic check,120.25,1787.9,No
C2906-6623,Male,0,No,No,7,Yes,No,Fiber optic,No,No,No,Yes,Yes,Yes,Two year,Yes,Credit card (automatic),101.17,721.01,No
C2907-9538,Female,0,No,No,16,Yes,Yes,Fiber optic,No,No,Yes,No,Yes,Yes,Two year,Yes,Bank transfer (automatic),122.53,1937.48,No
C2908-2148,Female,1,Yes,No,4,Yes,No,Fiber optic,Yes,Yes,No,No,Yes,No,Month-to-month,No,Mailed check,111.37,445.65,No
C2909-4130,Female,0,Yes,No,12,Yes,Yes,DSL,No,Yes,Yes,Yes,No,No,Month-to-month,Yes,Mailed check,110.1,1346.8,No
C2910-2009,Female,0,No,No,16,Yes,Yes,Fiber optic,Yes,No,No,No,Yes,Yes,Month-to-month,Yes,Mailed check,129.03,2087.03,No
C2911-1815,Male,0,No,Yes,27,Yes,No,Fiber optic,No,No,No,Yes,Yes,No,One year,No,Mailed check,114.38,3094.36,No
C2912-5246,Female,0,Yes,Yes,5,Yes,Yes,DSL,No,Yes,No,No,No,No,Month-to-month,No,Bank transfer (automatic),66.65,357.11,Yes
C2913-3033,Male,0,No,No,67,Yes,No,DSL,No,Yes,Yes,No,No,No,Two year,Yes,Credit card (automatic),84.48,5666.29,No
C2914-4664,Male,0,No,No,15,No,No phone service,Fiber optic,Yes,Yes,No,No,Yes,Yes,One year,Yes,Credit card (automatic),104.48,1553.54,No
C2915-4940,Female,0,Yes,No,36,Yes,No,DSL,No,Yes,No,No,Yes,No,One year,Yes,Electronic check,78.94,2815.25,No
C2916-6587,Male,0,Yes,Yes,14,Yes,Yes,Fiber optic,Yes,Yes,No,No,Yes,No,One year,No,Bank transfer (automatic),112.16,1570.52,Yes
C2917-9510,Female,0,No,No,28,Yes,Yes,Fiber optic,No,No,Yes,No,Yes,Yes,Month-to-month,Yes,Bank transfer (automatic),116.0,3248.55,No
C2918-8643,Male,0,No,No,26,Yes,Yes,DSL,No,No,Yes,Yes,No,No,One year,No,Credit card (automatic),94.0,2470.36,No
C2919-4404,Male,0,Yes,Yes,69,Yes,No,No,No internet service,No internet service,No internet service,No internet service,No internet service,No internet service,One year,Yes,Credit card (automatic),27.98,1933.86,No
C2920-3929,Female,1,No,No,22,Yes,No,No,No internet service,No internet service,No internet service,No internet service,No internet service,No internet service,Month-to-month,Yes,Mailed check,52.23,1164.99,Yes
C2921-7936,Male,0,Yes,Yes,24,Yes,Yes,Fiber optic,No,No,Yes,No,Yes,Yes,Month-to-month,Yes,Electronic check,102.13,2459.59,No
C2922-2112,Female,0,No,No,9,Yes,Yes,Fiber optic,No,No,No,No,No,No,Month-to-month,No,Mailed check,90.59,816.5,Yes
C2923-5863,Male,0,Yes,Yes,4,Yes,No,Fiber optic,Yes,No,No,No,Yes,Yes,Month-to-month,Yes,Electronic check,99.31,373.7,Yes
C2924-4806,Female,0,Yes,Yes,34,No,No phone service,DSL,No,Yes,Yes,No,No,No,Month-to-month,No,Credit card (automatic),59.22,1993.89,No
C2925-2645,Female,0,Yes,No,35,Yes,Yes,Fiber optic,No,Yes,No,Yes,No,No,Month-to-month,No,Mailed check,105.99,3716.55,Yes
C2926-6547,Female,0,No,No,32,Yes,Yes,DSL,No,Yes,Yes,No,Yes,Yes,Two year,Yes,Mailed check,111.5,3571.65,No
C2927-3886,Female,0,No,No,57,Yes,No,No,No internet service,No internet service,No internet service,No internet service,No internet service,No internet service,Month-to-month,Yes,Electronic check,36.27,2040.42,No
C2928-2670,Female,0,No,No,27,No,No phone service,Fiber optic,No,Yes,Yes,Yes,Yes,No,Month-to-month,Yes,Bank transfer (automatic),98.53,2649.53,Yes
C2929-6878,Male,1,Yes,Yes,19,Yes,No,Fiber optic,No,Yes,No,No,No,No,Month-to-month,Yes,Bank transfer (automatic),94.03,1759.66,No
C2930-2567,Male,0,No,No,31,Yes,No,DSL,No,No,Yes,Yes,Yes,No,Month-to-month,Yes,Mailed check,83.52,2608.0,Yes
C2931-7055,Male,0,No,No,23,Yes,Yes,Fiber optic,No,No,No,No,Yes,Yes,Two year,Yes,Credit card (automatic),111.62,2568.4,No
C2932-2458,Female,0,No,No,6,Yes,No,DSL,No,Yes,No,No,No,Yes,Month-to-month,No,Electronic check,68.54,424.17,Yes
C2933-4912,Female,0,Yes,Yes,61,Yes,Yes,Fiber optic,No,Yes,No,Yes,Yes,Yes,Month-to-month,No,Mailed check,116.39,7078.07,No
C2934-8271,Male,1,No,No,14,Yes,No,Fiber optic,Yes,Yes,Yes,No,No,Yes,Month-to-month,Yes,Credit card (automatic),107.15,1493.72,No
C2935-3057,Female,0,Yes,No,24,Yes,No,Fiber optic,No,No,Yes,No,Yes,No,Month-to-month,Yes,Credit card (automatic),104.51,2498.15,No
C2936-7907,Female,0,Yes,No,16,Yes,No,Fiber optic,No,No,Yes,No,No,No,One year,Yes,Bank transfer (automatic),96.17,1530.62,No
C2937-7496,Female,0,No,Yes,69,Yes,Yes,DSL,Yes,No,Yes,No,No,No,Month-to-month,No,Electronic check,88.77,6151.41,No
C2938-9123,Female,0,Yes,Yes,16,Yes,No,Fiber optic,No,Yes,Yes,No,Yes,Yes,One year,No,Electronic check,116.31,1871.39,No
C2939-2519,Female,1,Yes,Yes,72,Yes,Yes,DSL,No,No,No,Yes,No,Yes,One year,Yes,Bank transfer (automatic),90.31,6511.43,Yes
C2940-7435,Male,0,No,No,13,Yes,No,No,No internet service,No internet service,No internet service,No internet service,No internet service,No internet service,One year,No,Electronic check,34.62,443.78,No
C2941-9429,Female,0,Yes,No,46,Yes,No,Fiber optic,Yes,Yes,Yes,No,Yes,No,Month-to-month,Yes,Credit card (automatic),114.9,5277.51,No
C2942-7866,Male,1,No,No,23,Yes,No,Fiber optic,No,No,Yes,No,No,Yes,Month-to-month,Yes,Mailed check,105.11,2425.69,No
C2943-2690,Female,0,No,No,5,Yes,Yes,No,No internet service,No internet service,No internet service,No internet service,No internet service,No internet service,Month-to-month,Yes,Bank transfer (automatic),40.09,236.01,No
C2944-8398,Female,0,No,No,72,Yes,Yes,DSL,No,No,Yes,No,Yes,Yes,Month-to-month,No,Credit card (automatic),97.95,7048.33,No
C2945-1965,Male,0,Yes,Yes,12,Yes,No,Fiber optic,No,No,No,No,Yes,Yes,Month-to-month,Yes,Bank transfer (automatic),111.29,1310.11,No
C2946-6299,Male,0,No,No,19,No,No phone service,Fiber optic,No,Yes,Yes,Yes,No,No,One year,Yes,Bank transfer (automatic),90.64,1716.73,No
C2947-5478,Female,0,No,No,34,No,No phone service,Fiber optic,No,No,No,Yes,No,No,Two year,No,Electronic check,86.64,2949.29,No
C2948-5779,Female,0,Yes,Yes,8,Yes,Yes,Fiber optic,Yes,Yes,Yes,No,Yes,Yes,One year,No,Electronic check,130.19,1060.53,No
C2949-5675,Male,0,No,No,14,Yes,No,No,No internet service,No internet service,No internet service,No internet service,No internet service,No internet service,Month-to-month,No,Electronic check,46.85,665.9,No
C2950-1283,Female,0,No,Yes,22,Yes,No,Fiber optic,Yes,Yes,No,No,No,No,Month-to-month,Yes,Electronic check,95.59,2107.27,No
C2951-5573,Male,0,Yes,No,4,Yes,Yes,No,No internet service,No internet service,No internet service,No internet service,No internet service,No internet service,One year,No,Electronic check,48.6,182.83,No
C2952-9429,Female,0,Yes,No,31,Yes,No,Fiber optic,No,Yes,Yes,No,No,Yes,Month-to-month,Yes,Bank transfer (automatic),113.6,3526.81,Yes
C2953-4929,Male,0,No,No,7,Yes,No,No,No internet service,No internet service,No internet service,No internet service,No internet service,No internet service,Month-to-month,No,Bank transfer (automatic),45.99,294.24,Yes
C2954-3491,Female,0,Yes,Yes,46,Yes,No,DSL,Yes,No,No,No,Yes,No,Two year,No,Mailed check,83.18,3837.77,No
C2955-9952,Male,0,No,No,62,Yes,No,DSL,Yes,Yes,Yes,Yes,No,Yes,Month-to-month,Yes,Electronic check,112.57,6955.84,Yes
C2956-1890,Male,0,Yes,No,48,Yes,No,No,No internet service,No internet service,No internet service,No internet service,No internet service,No internet service,One year,Yes,Mailed check,44.11,2117.96,No
C2957-5376,Female,0,Yes,Yes,53,Yes,No,No,No internet service,No internet service,No internet service,No internet service,No internet service,No internet service,Month-to-month,Yes,Electronic check,38.75,2049.35,No
C2958-5612,Female,0,No,Yes,21,No,No phone service,Fiber optic,No,No,No,Yes,No,Yes,One year,No,Mailed check,82.98,1760.17,No
C2959-5301,Male,0,No,Yes,6,Yes,Yes,Fiber optic,Yes,No,No,Yes,No,Yes,Month-to-month,No,Mailed check,112.11,659.35,No
C2960-9294,Male,0,Yes,Yes,60,Yes,No,DSL,No,No,No,Yes,No,No,Two year,No,Credit card (automatic),70.05,4170.88,No
C2961-4795,Female,0,No,No,14,Yes,Yes,DSL,No,No,Yes,Yes,Yes,No,Month-to-month,No,Bank transfer (automatic),92.86,1300.19,No
C2962-9758,Male,0,Yes,No,25,No,No phone service,DSL,No,Yes,No,Yes,No,No,Month-to-month,No,Electronic check,60.95,1535.93,No
C2963-1601,Male,0,Yes,No,11,Yes,Yes,No,No internet service,No internet service,No internet service,No internet service,No internet service,No internet service,One year,Yes,Electronic check,44.93,517.74,No
C2964-7604,Female,1,No,Yes,9,Yes,Yes,DSL,Yes,No,Yes,No,No,No,One year,No,Electronic check,76.09,679.32,Yes
C2965-6336,Male,0,Yes,Yes,33,No,No phone service,Fiber optic,No,No,Yes,No,Yes,No,Month-to-month,Yes,Mailed check,91.94,3051.28,No
C2966-3164,Female,0,No,No,28,Yes,Yes,Fiber optic,No,Yes,No,No,No,Yes,Month-to-month,Yes,Mailed check,92.95,2605.84,No
C2967-3051,Male,0,Yes,No,5,Yes,No,Fiber optic,No,No,Yes,Yes,No,No,Month-to-month,No,Mailed check,95.17,484.27,Yes
C2968-7476,Female,0,No,Yes,15,Yes,No,Fiber optic,No,Yes,No,No,No,No,Two year,Yes,Electronic check,105.27,1585.45,No
C2969-6737,Male,0,Yes,No,72,Yes,Yes,Fiber optic,No,Yes,No,Yes,No,No,One year,No,Electronic check,103.68,7436.71,No
C2970-6499,Male,0,No,No,41,Yes,No,DSL,Yes,No,Yes,No,Yes,Yes,Month-to-month,No,Electronic check,101.09,4123.26,No
C2971-1457,Male,1,No,Yes,14,Yes,No,Fiber optic,No,No,No,No,No,Yes,Month-to-month,Yes,Electronic check,97.05,1341.85,Yes
C2972-6380,Male,0,Yes,Yes,19,Yes,No,Fiber optic,Yes,No,No,No,Yes,No,Month-to-month,Yes,Credit card (automatic),106.35,2010.49,No
C2973-9831,Male,0,Yes,No,27,Yes,Yes,No,No internet service,No internet service,No internet service,No internet service,No internet service,No internet service,Two year,No,Electronic check,42.8,1144.21,No
C2974-1155,Male,0,No,No,19,Yes,No,Fiber optic,Yes,No,No,No,Yes,No,Month-to-month,Yes,Mailed check,99.94,1895.33,No
C2975-5220,Male,0,Yes,No,71,Yes,Yes,Fiber optic,Yes,No,No,No,No,Yes,Month-to-month,No,Credit card (automatic),115.36,8188.09,No
C2976-5448,Female,0,No,No,39,Yes,No,No,No internet service,No internet service,No internet service,No internet service,No internet service,No internet service,Month-to-month,No,Mailed check,38.67,1502.47,No
C2977-9069,Female,0,No,No,48,Yes,No,DSL,Yes,Yes,Yes,Yes,No,No,One year,No,Electronic check,89.34,4311.67,Yes
C2978-3545,Female,0,No,No,52,Yes,No,DSL,No,Yes,No,No,Yes,No,One year,Yes,Bank transfer (automatic),78.82,4114.55,No
C2979-5279,Male,0,Yes,No,39,Yes,No,DSL,No,Yes,No,Yes,No,No,One year,Yes,Mailed check,76.71,2985.21,No
C2980-7454,Male,1,Yes,Yes,44,Yes,Yes,No,No internet service,No internet service,No internet service,No internet service,No internet service,No internet service,Two year,Yes,Mailed check,35.91,1599.45,No
C2981-1542,Female,0,Yes,Yes,69,Yes,Yes,Fiber optic,No,No,Yes,No,No,Yes,One year,No,Electronic check,110.76,7686.07,No
C2982-8209,Female,0,Yes,Yes,45,Yes,No,Fiber optic,Yes,Yes,Yes,No,Yes,No,Two year,Yes,Electronic check,121.63,5476.2,No
C2983-8399,Male,1,Yes,No,8,No,No phone service,Fiber optic,No,No,No,No,No,No,Month-to-month,Yes,Electronic check,67.95,527.41,No
C2984-7476,Male,0,No,No,72,Yes,No,Fiber optic,No,No,Yes,No,Yes,No,Month-to-month,No,Mailed check,100.93,7259.19,No
C2985-6833,Male,1,Yes,Yes,3,Yes,Yes,Fiber optic,No,No,No,No,Yes,Yes,Month-to-month,No,Credit card (automatic),112.64,349.82,Yes
C2986-7727,Female,0,Yes,No,38,Yes,No,DSL,Yes,No,No,No,No,No,One year,Yes,Mailed check,63.87,2414.71,No
C2987-8035,Female,0,Yes,Yes,30,Yes,Yes,Fiber optic,No,No,No,No,Yes,No,Month-to-month,Yes,Bank transfer (automatic),87.27,2605.28,No
C2988-9129,Female,0,Yes,No,17,Yes,Yes,Fiber optic,No,No,Yes,No,No,No,Month-to-month,No,Bank transfer (automatic),110.62,1877.66,Yes
C2989-4853,Male,0,No,No,52,Yes,Yes,Fiber optic,No,Yes,No,No,No,No,One year,No,Electronic check,107.87,5625.33,No
C2990-5104,Male,0,Yes,No,23,No,No phone service,DSL,No,No,Yes,No,No,Yes,Month-to-month,Yes,Credit card (automatic),43.01,998.3,No
C2991-6740,Male,1,No,Yes,40,No,No phone service,DSL,Yes,Yes,Yes,Yes,Yes,No,One year,Yes,Credit card (automatic),78.71,3171.6,No
C2992-2737,Female,1,No,Yes,7,Yes,Yes,DSL,No,Yes,Yes,No,No,No,One year,Yes,Credit card (automatic),86.94,586.2,Yes
C2993-8705,Female,1,Yes,Yes,59,Yes,No,No,No internet service,No internet service,No internet service,No internet service,No internet service,No internet service,Two year,No,Electronic check,34.51,2028.28,No
C2994-7933,Male,0,No,No,55,Yes,Yes,DSL,No,Yes,No,No,Yes,Yes,One year,No,Electronic check,87.01,4770.9,No
C2995-6678,Male,0,Yes,No,27,Yes,No,Fiber optic,Yes,Yes,No,No,Yes,Yes,Month-to-month,Yes,Electronic check,115.55,3105.25,No
C2996-3714,Female,0,Yes,Yes,11,Yes,No,DSL,No,No,No,No,No,Yes,Month-to-month,Yes,Credit card (automatic),65.86,721.79,No
C2997-4128,Male,0,No,No,62,No,No phone service,DSL,No,Yes,Yes,Yes,Yes,Yes,Month-to-month,Yes,Mailed check,79.6,4942.19,No
C2998-4914,Male,0,No,No,4,Yes,Yes,Fiber optic,No,No,No,No,No,Yes,Month-to-month,Yes,Mailed check,92.01,358.17,No
C2999-6962,Female,0,Yes,Yes,28,Yes,Yes,No,No internet service,No internet service,No internet service,No internet service,No internet service,No internet service,One year,Yes,Electronic check,50.14,1414.8,No
C3000-8001,Male,0,No,No,21,Yes,Yes,Fiber optic,Yes,No,No,No,Yes,Yes,One year,Yes,Mailed check,129.84,2703.76,No
C3001-7046,Male,0,Yes,No,37,Yes,No,Fiber optic,No,Yes,Yes,Yes,Yes,No,One year,Yes,Electronic check,116.34,4320.06,Yes
C3002-9368,Male,0,No,No,20,Yes,No,No,No internet service,No internet service,No internet service,No internet service,No internet service,No internet service,One year,Yes,Mailed check,43.75,864.65,No
C3003-9644,Female,0,No,No,53,No,No phone service,Fiber optic,No,No,No,No,Yes,No,One year,No,Bank transfer (automatic),73.11,3894.23,No
C3004-7343,Male,0,Yes,Yes,8,No,No phone service,No,No internet service,No internet service,No internet service,No internet service,No internet service,No internet service,One year,No,Credit card (automatic),30.43,262.85,No
C3005-4337,Female,1,No,No,63,Yes,No,DSL,Yes,Yes,Yes,No,No,Yes,Month-to-month,Yes,Credit card (automatic),87.64,5501.97,Yes
C3006-6391,Male,0,No,No,24,Yes,No,DSL,No,Yes,No,No,Yes,Yes,Month-to-month,No,Bank transfer (automatic),73.29,1757.09,Yes
C3007-4825,Female,0,Yes,Yes,17,Yes,Yes,Fiber optic,No,No,Yes,No,No,Yes,Month-to-month,No,Electronic check,98.47,1667.69,No
C3008-6661,Male,0,No,No,36,Yes,No,Fiber optic,No,No,No,No,No,Yes,Two year,Yes,Electronic check,87.91,3156.38,No
C3009-8308,Male,0,No,No,51,Yes,No,Fiber optic,Yes,No,Yes,Yes,Yes,No,Two year,No,Mailed check,117.34,5993.29,No
C3010-4323,Female,0,Yes,No,22,Yes,Yes,No,No internet service,No internet service,No internet service,No internet service,No internet service,No internet service,Two year,Yes,Mailed check,43.55,961.03,No
C3011-5551,Female,0,No,No,24,Yes,Yes,DSL,No,Yes,No,No,Yes,No,Month-to-month,No,Mailed check,103.0,2462.35,No
C3012-1410,Female,0,No,No,13,Yes,Yes,No,No internet service,No internet service,No internet service,No internet service,No internet service,No internet service,Two year,Yes,Bank transfer (automatic),48.0,615.04,No
C3013-7628,Male,0,No,No,3,Yes,Yes,Fiber optic,Yes,Yes,No,No,Yes,No,One year,No,Bank transfer (automatic),117.84,371.85,No
C3014-5408,Male,0,Yes,Yes,16,No,No phone service,No,No internet service,No internet service,No internet service,No internet service,No internet service,No internet service,Month-to-month,Yes,Bank transfer (automatic),19.11,279.54,Yes
C3015-5136,Male,0,No,No,27,Yes,No,Fiber optic,No,No,No,No,Yes,Yes,One year,Yes,Credit card (automatic),112.43,3028.68,No
C3016-5791,Female,1,No,No,19,No,No phone service,Fiber optic,No,Yes,Yes,No,No,Yes,Two year,No,Electronic check,75.49,1449.48,No
C3017-2939,Female,1,No,No,19,Yes,Yes,Fiber optic,Yes,Yes,No,No,Yes,Yes,Month-to-month,No,Credit card (automatic),129.04,2439.53,Yes
C3018-6381,Female,0,Yes,No,8,Yes,No,Fiber optic,No,No,Yes,No,No,No,Two year,No,Mailed check,87.57,701.42,No
C3019-7706,Male,0,No,No,10,Yes,No,No,No internet service,No internet service,No internet service,No internet service,No internet service,No internet service,Month-to-month,No,Bank transfer (automatic),40.59,406.31,No
C3020-4146,Male,0,No,No,8,Yes,No,Fiber optic,No,Yes,No,Yes,No,Yes,Month-to-month,No,Mailed check,106.29,847.86,Yes
C3021-2180,Female,0,Yes,Yes,28,Yes,Yes,DSL,No,No,Yes,No,Yes,No,Month-to-month,No,Credit card (automatic),87.77,2455.43,No
C3022-4481,Female,1,Yes,Yes,38,Yes,No,No,No internet service,No internet service,No internet service,No internet service,No internet service,No internet service,Month-to-month,No,Electronic check,41.99,1569.95,Yes
C3023-2787,Male,0,No,No,29,Yes,Yes,Fiber optic,No,No,Yes,Yes,No,No,One year,Yes,Mailed check,117.15,3388.24,No
C3024-4365,Male,1,No,No,39,Yes,No,Fiber optic,Yes,Yes,No,Yes,No,No,Month-to-month,Yes,Mailed check,112.99,4401.12,No
C3025-6640,Female,0,No,No,10,No,No phone service,DSL,No,Yes,No,No,No,Yes,Month-to-month,Yes,Electronic check,60.14,632.07,No
C3026-2020,Male,0,Yes,Yes,26,No,No phone service,Fiber optic,No,No,No,No,No,No,Two year,No,Bank transfer (automatic),71.96,1856.35,No
C3027-7724,Female,0,No,No,17,Yes,Yes,Fiber optic,No,No,Yes,No,Yes,Yes,Month-to-month,No,Electronic check,116.62,1935.74,Yes
C3028-3021,Female,1,Yes,Yes,23,Yes,No,No,No internet service,No internet service,No internet service,No internet service,No internet service,No internet service,Month-to-month,No,Credit card (automatic),42.45,1003.8,No
C3029-9051,Female,0,No,No,5,Yes,Yes,Fiber optic,Yes,No,No,No,No,No,Two year,No,Electronic check,112.38,569.78,No
C3030-7591,Male,0,Yes,No,8,Yes,Yes,DSL,Yes,Yes,Yes,No,No,No,Two year,No,Bank transfer (automatic),108.52,868.29,No
C3031-3453,Male,0,Yes,Yes,27,Yes,Yes,Fiber optic,No,No,No,No,Yes,No,Two year,Yes,Electronic check,112.42,3029.63,No
C3032-6068,Female,0,No,No,12,Yes,No,Fiber optic,No,Yes,No,Yes,No,Yes,Month-to-month,Yes,Bank transfer (automatic),120.56,1423.27,No
C3033-1996,Male,0,No,Yes,13,Yes,No,Fiber optic,No,Yes,No,No,Yes,Yes,Month-to-month,Yes,Electronic check,102.15,1353.03,No
C3034-1897,Male,0,Yes,Yes,21,Yes,Yes,No,No internet service,No internet service,No internet service,No internet service,No internet service,No internet service,One year,No,Credit card (automatic),53.44,1117.44,No
C3035-9603,Male,0,Yes,No,38,No,No phone service,No,No internet service,No internet service,No internet service,No internet service,No internet service,No internet service,Two year,No,Electronic check,19.89,742.91,No
C3036-8221,Male,0,No,Yes,50,Yes,Yes,No,No internet service,No internet service,No internet service,No internet service,No internet service,No internet service,One year,No,Bank transfer (automatic),39.5,2011.74,No
C3037-2389,Female,0,No,Yes,4,Yes,Yes,DSL,No,Yes,No,Yes,Yes,Yes,Month-to-month,Yes,Electronic check,95.94,383.17,No
C3038-3543,Female,0,Yes,No,16,Yes,Yes,DSL,Yes,No,Yes,No,No,No,One year,No,Mailed check,95.81,1545.58,No
C3039-2778,Female,0,No,No,30,Yes,Yes,DSL,No,No,No,Yes,No,No,One year,No,Electronic check,87.83,2669.6,No
C3040-4556,Female,1,Yes,No,37,Yes,Yes,No,No internet service,No internet service,No internet service,No internet service,No internet service,No internet service,Two year,No,Bank transfer (automatic),37.11,1375.44,No
C3041-3621,Female,0,No,No,47,Yes,No,No,No internet service,No internet service,No internet service,No internet service,No internet service,No internet service,Month-to-month,No,Bank transfer (automatic),37.02,1737.85,No
C3042-3952,Female,0,Yes,Yes,34,Yes,Yes,DSL,No,Yes,Yes,No,Yes,Yes,Month-to-month,No,Mailed check,90.61,3070.93,No
C3043-5763,Male,0,Yes,No,14,Yes,No,Fiber optic,Yes,Yes,No,No,Yes,Yes,Month-to-month,No,Bank transfer (automatic),112.96,1579.81,No
C3044-2701,Female,0,No,No,30,Yes,No,No,No internet service,No internet service,No internet service,No internet service,No internet service,No internet service,Two year,Yes,Electronic check,32.52,993.9,Yes
C3045-8944,Female,0,Yes,Yes,27,Yes,Yes,DSL,No,Yes,Yes,No,Yes,Yes,Two year,No,Credit card (automatic),100.77,2713.78,No
C3046-7548,Female,0,No,No,7,Yes,Yes,Fiber optic,No,No,No,Yes,Yes,No,Month-to-month,Yes,Mailed check,116.27,827.22,No
C3047-7844,Female,0,Yes,Yes,12,Yes,No,Fiber optic,No,Yes,No,No,No,Yes,Month-to-month,Yes,Credit card (automatic),95.64,1141.4,No
C3048-2525,Male,0,Yes,No,32,Yes,No,DSL,No,Yes,Yes,No,No,Yes,One year,Yes,Bank transfer (automatic),77.91,2503.09,No
C3049-7372,Male,0,No,No,47,Yes,No,Fiber optic,No,Yes,No,Yes,No,Yes,Month-to-month,No,Mailed check,109.07,5144.83,No
C3050-8525,Female,0,No,No,15,Yes,Yes,No,No internet service,No internet service,No internet service,No internet service,No internet service,No internet service,One year,Yes,Mailed check,45.93,684.06,No
C3051-2576,Male,1,Yes,No,72,Yes,No,DSL,No,No,No,Yes,Yes,No,Month-to-month,Yes,Electronic check,69.09,5005.52,Yes
C3052-7760,Male,0,No,No,1,Yes,Yes,Fiber optic,Yes,No,Yes,No,Yes,No,One year,Yes,Bank transfer (automatic),121.41,142.16,No
C3053-4218,Male,0,Yes,Yes,25,Yes,No,No,No internet service,No internet service,No internet service,No internet service,No internet service,No internet service,Month-to-month,Yes,Mailed check,30.8,767.28,No
C3054-8087,Female,1,No,No,27,Yes,No,Fiber optic,No,No,Yes,No,No,No,Two year,No,Bank transfer (automatic),105.9,2848.94,No
C3055-5305,Male,0,Yes,Yes,54,Yes,Yes,DSL,No,No,No,Yes,No,No,Month-to-month,No,Electronic check,86.01,4604.7,No
C3056-8219,Male,0,No,Yes,13,Yes,No,Fiber optic,No,No,Yes,No,No,Yes,Month-to-month,No,Mailed check,112.01,1472.07,Yes
C3057-2326,Male,1,Yes,No,16,Yes,Yes,Fiber optic,No,Yes,No,Yes,No,Yes,Month-to-month,Yes,Electronic check,115.19,1854.26,No
C3058-4501,Female,0,No,No,16,No,No phone service,DSL,No,No,No,No,Yes,Yes,Month-to-month,Yes,Electronic check,71.3,1137.34,No
C3059-3460,Male,1,No,No,52,Yes,Yes,DSL,No,No,Yes,No,No,No,One year,No,Mailed check,84.12,4335.6,No
C3060-3235,Female,0,No,No,59,Yes,No,No,No internet service,No internet service,No internet service,No internet service,No internet service,No internet service,One year,Yes,Electronic check,45.55,2659.16,No
C3061-3774,Female,0,Yes,No,18,Yes,No,Fiber optic,Yes,No,No,No,No,No,Month-to-month,No,Electronic check,103.54,1838.25,No
C3062-4441,Male,0,Yes,Yes,11,Yes,No,DSL,No,Yes,Yes,No,Yes,No,Two year,No,Mailed check,92.41,1022.75,Yes
C3063-2145,Male,0,Yes,Yes,11,Yes,Yes,DSL,No,Yes,Yes,Yes,No,No,Month-to-month,Yes,Bank transfer (automatic),84.76,927.27,No
C3064-7363,Female,1,No,No,6,Yes,Yes,No,No internet service,No internet service,No internet service,No internet service,No internet service,No internet service,Month-to-month,No,Mailed check,43.5,271.64,No
C3065-5951,Male,1,Yes,Yes,64,Yes,Yes,No,No internet service,No internet service,No internet service,No internet service,No internet service,No internet service,Month-to-month,No,Bank transfer (automatic),47.78,3037.68,No
C3066-8462,Male,0,No,No,25,Yes,No,Fiber optic,No,No,Yes,No,No,No,One year,Yes,Bank transfer (automatic),88.88,2219.58,No
C3067-7344,Male,0,Yes,No,50,Yes,No,Fiber optic,Yes,No,No,No,Yes,No,Month-to-month,No,Bank transfer (automatic),105.69,5289.49,Yes
C3068-2341,Female,0,No,No,20,Yes,Yes,DSL,No,No,Yes,No,Yes,Yes,Month-to-month,Yes,Electronic check,87.7,1778.92,No
C3069-1629,Female,0,No,No,72,Yes,No,DSL,No,Yes,No,No,Yes,Yes,Month-to-month,Yes,Electronic check,91.04,6551.42,Yes
C3070-4804,Male,1,No,Yes,44,Yes,No,No,No internet service,No internet service,No internet service,No internet service,No internet service,No internet service,Month-to-month,Yes,Mailed check,47.22,2082.13,No
C3071-5329,Male,0,No,No,33,Yes,Yes,Fiber optic,No,No,No,No,No,Yes,Month-to-month,Yes,Bank transfer (automatic),119.87,3930.93,No
C3072-3162,Male,0,No,No,38,Yes,No,DSL,No,No,No,No,Yes,No,Month-to-month,Yes,Electronic check,70.66,2667.47,No
C3073-8039,Male,1,No,No,10,Yes,Yes,Fiber optic,No,No,Yes,Yes,No,Yes,One year,Yes,Electronic check,119.29,1195.4,No
C3074-6233,Male,0,No,No,16,Yes,No,Fiber optic,No,Yes,No,Yes,No,No,Month-to-month,Yes,Credit card (automatic),100.0,1619.47,No
C3075-7731,Male,0,No,No,49,Yes,No,No,No internet service,No internet service,No internet service,No internet service,No internet service,No internet service,Month-to-month,Yes,Credit card (automatic),44.43,2164.96,No
C3076-1980,Female,0,Yes,No,26,Yes,Yes,DSL,No,Yes,No,No,Yes,No,One year,No,Credit card (automatic),86.97,2248.5,No
C3077-8334,Male,0,Yes,Yes,40,Yes,No,Fiber optic,Yes,Yes,Yes,No,No,No,Month-to-month,Yes,Mailed check,106.31,4222.42,Yes
C3078-2854,Female,0,No,No,19,Yes,No,Fiber optic,Yes,No,Yes,No,No,No,Month-to-month,No,Mailed check,118.29,2214.35,Yes
C3079-5033,Male,0,No,No,23,Yes,No,Fiber optic,Yes,Yes,No,No,No,No,One year,No,Electronic check,109.15,2468.74,No
C3080-4953,Female,0,Yes,Yes,60,Yes,Yes,Fiber optic,No,Yes,No,No,Yes,Yes,Month-to-month,No,Electronic check,106.56,6407.11,No
C3081-8384,Male,0,Yes,No,29,No,No phone service,Fiber optic,No,No,No,No,Yes,Yes,One year,Yes,Mailed check,78.57,2272.25,No
C3082-3491,Female,0,No,No,30,Yes,Yes,Fiber optic,Yes,Yes,Yes,No,Yes,Yes,One year,Yes,Credit card (automatic),133.18,3999.43,No
C3083-3166,Female,0,Yes,Yes,24,Yes,No,DSL,Yes,Yes,Yes,No,Yes,No,Two year,Yes,Mailed check,95.83,2291.21,No
C3084-4056,Female,1,No,No,18,Yes,Yes,No,No internet service,No internet service,No internet service,No internet service,No internet service,No internet service,Month-to-month,No,Mailed check,32.56,596.48,No
C3085-4246,Female,0,No,No,21,Yes,No,DSL,No,No,No,No,Yes,Yes,One year,Yes,Mailed check,77.46,1636.69,No
C3086-2634,Male,0,Yes,Yes,26,Yes,Yes,DSL,Yes,No,No,Yes,Yes,No,One year,Yes,Mailed check,106.76,2772.92,No
C3087-2587,Female,1,Yes,Yes,63,Yes,No,DSL,Yes,Yes,Yes,No,No,Yes,One year,Yes,Bank transfer (automatic),100.25,6292.95,No
C3088-3081,Male,0,Yes,No,26,Yes,No,DSL,No,No,No,No,No,Yes,Month-to-month,No,Electronic check,78.52,2064.91,Yes
C3089-5206,Male,0,Yes,Yes,54,Yes,No,DSL,Yes,No,Yes,Yes,Yes,No,One year,No,Bank transfer (automatic),76.34,4099.66,Yes
C3090-4089,Male,1,No,No,11,Yes,No,Fiber optic,No,Yes,No,Yes,Yes,Yes,Month-to-month,Yes,Electronic check,100.91,1097.5,Yes
C3091-4528,Female,0,No,No,36,Yes,Yes,Fiber optic,No,Yes,Yes,No,No,Yes,Month-to-month,No,Electronic check,115.92,4171.51,No
C3092-7470,Female,0,No,No,3,Yes,No,Fiber optic,No,Yes,No,No,No,Yes,Month-to-month,Yes,Electronic check,95.03,266.91,Yes
C3093-3168,Female,0,Yes,No,13,Yes,No,No,No internet service,No internet service,No internet service,No internet service,No internet service,No internet service,Two year,Yes,Bank transfer (automatic),34.2,456.69,No
C3094-9188,Female,0,No,No,13,Yes,No,Fiber optic,No,Yes,No,No,No,No,One year,No,Electronic check,90.43,1174.16,No
C3095-7765,Female,0,Yes,No,16,Yes,Yes,No,No internet service,No internet service,No internet service,No internet service,No internet service,No internet service,One year,Yes,Electronic check,47.04,761.47,No
C3096-2572,Male,0,No,No,54,Yes,No,DSL,No,Yes,Yes,No,Yes,Yes,One year,No,Credit card (automatic),89.16,4792.79,No
C3097-3824,Female,0,Yes,Yes,3,No,No phone service,Fiber optic,No,Yes,No,No,Yes,No,Month-to-month,No,Electronic check,94.16,300.65,Yes
C3098-2651,Female,0,No,No,59,Yes,Yes,DSL,No,Yes,No,No,No,No,Month-to-month,No,Credit card (automatic),60.33,3561.08,No
C3099-3454,Female,0,No,No,3,Yes,Yes,Fiber optic,No,No,No,No,Yes,Yes,Month-to-month,No,Credit card (automatic),113.8,354.13,Yes
C3100-4289,Female,0,Yes,No,19,Yes,No,No,No internet service,No internet service,No internet service,No internet service,No internet service,No internet service,One year,No,Credit card (automatic),36.23,699.21,No
C3101-2177,Female,0,No,No,19,Yes,Yes,DSL,No,No,Yes,Yes,No,No,One year,No,Bank transfer (automatic),89.73,1694.18,No
C3102-1129,Female,1,Yes,Yes,72,No,No phone service,Fiber optic,No,No,No,No,Yes,Yes,Month-to-month,Yes,Electronic check,85.03,6143.68,Yes
C3103-4948,Male,0,Yes,No,42,Yes,No,Fiber optic,Yes,No,No,Yes,Yes,No,One year,No,Bank transfer (automatic),102.67,4304.02,No
C3104-7308,Male,0,No,No,72,Yes,Yes,DSL,No,Yes,No,Yes,Yes,No,One year,No,Electronic check,93.03,6699.28,No
C3105-3726,Male,0,No,No,72,Yes,No,Fiber optic,No,Yes,No,No,Yes,No,Month-to-month,Yes,Mailed check,106.42,7678.67,No
C3106-8743,Male,0,Yes,Yes,54,Yes,No,DSL,No,No,No,No,Yes,Yes,One year,No,Electronic check,73.79,3943.81,No
C3107-4323,Male,0,Yes,No,12,Yes,No,Fiber optic,No,No,Yes,No,No,No,Month-to-month,No,Electronic check,99.92,1207.59,No
C3108-9106,Female,1,Yes,No,35,Yes,No,No,No internet service,No internet service,No internet service,No internet service,No internet service,No internet service,Month-to-month,No,Credit card (automatic),45.46,1604.45,No
C3109-3123,Female,0,No,No,27,Yes,Yes,DSL,No,No,Yes,No,No,No,One year,No,Bank transfer (automatic),68.58,1841.53,No
C3110-5853,Female,0,No,No,15,Yes,No,No,No internet service,No internet service,No internet service,No internet service,No internet service,No internet service,Month-to-month,No,Mailed check,30.48,464.35,No
C3111-7867,Female,0,Yes,No,51,Yes,Yes,Fiber optic,Yes,No,Yes,No,No,No,One year,Yes,Credit card (automatic),90.93,4669.95,No
C3112-1531,Female,0,Yes,Yes,6,Yes,Yes,DSL,No,Yes,No,No,No,Yes,One year,No,Bank transfer (automatic),97.55,579.54,No
C3113-9369,Female,0,No,No,11,Yes,No,Fiber optic,Yes,Yes,No,No,Yes,No,Month-to-month,No,Electronic check,103.06,1139.81,Yes
C3114-4284,Female,0,No,No,3,Yes,No,Fiber optic,No,Yes,No,No,Yes,Yes,Month-to-month,Yes,Mailed check,123.93,349.62,No
C3115-5480,Male,0,Yes,Yes,9,Yes,Yes,Fiber optic,Yes,No,Yes,No,No,No,Month-to-month,Yes,Mailed check,107.44,978.81,Yes
C3116-6655,Male,0,No,No,12,Yes,Yes,Fiber optic,No,Yes,No,Yes,No,No,Month-to-month,No,Bank transfer (automatic),126.4,1526.94,No
C3117-6786,Male,0,Yes,No,22,Yes,Yes,Fiber optic,No,No,Yes,No,Yes,Yes,Month-to-month,Yes,Electronic check,115.66,2563.11,Yes
C3118-1212,Female,0,Yes,No,55,Yes,No,No,No internet service,No internet service,No internet service,No internet service,No internet service,No internet service,One year,Yes,Mailed check,28.3,1528.3,No
C3119-8803,Female,0,No,No,16,Yes,Yes,DSL,Yes,Yes,Yes,No,No,No,Month-to-month,Yes,Credit card (automatic),94.27,1517.96,No
C3120-6611,Male,0,No,No,55,Yes,Yes,Fiber optic,No,No,No,Yes,No,No,Month-to-month,Yes,Mailed check,99.11,5472.0,No
C3121-9988,Female,0,Yes,No,72,Yes,No,DSL,Yes,Yes,Yes,No,Yes,No,Two year,Yes,Mailed check,90.62,6533.98,No
C3122-5243,Female,1,No,No,61,Yes,Yes,Fiber optic,No,Yes,Yes,No,No,No,Two year,No,Electronic check,118.44,7225.27,No
C3123-6521,Female,1,No,Yes,10,Yes,No,DSL,No,No,Yes,No,Yes,No,Two year,No,Electronic check,85.0,816.34,Yes
C3124-4969,Female,0,No,No,14,Yes,No,DSL,No,Yes,No,No,Yes,No,Month-to-month,Yes,Credit card (automatic),81.08,1119.17,No
C3125-9007,Male,1,No,No,56,Yes,No,DSL,No,Yes,Yes,No,No,Yes,One year,Yes,Mailed check,83.36,4654.0,No
C3126-8490,Male,0,No,No,13,Yes,Yes,No,No internet service,No internet service,No internet service,No internet service,No internet service,No internet service,One year,Yes,Electronic check,43.35,583.52,No
C3127-9176,Female,0,No,No,27,Yes,No,DSL,No,No,No,No,No,No,Month-to-month,Yes,Electronic check,69.89,1858.67,No
C3128-5538,Female,0,Yes,No,37,Yes,Yes,Fiber optic,Yes,No,Yes,No,No,Yes,Month-to-month,Yes,Mailed check,130.78,4878.01,No
C3129-8122,Male,1,No,No,45,Yes,No,Fiber optic,No,No,No,No,Yes,Yes,Month-to-month,Yes,Bank transfer (automatic),110.78,4976.01,No
C3130-4228,Male,0,Yes,Yes,30,Yes,Yes,DSL,Yes,No,No,No,Yes,No,Two year,No,Electronic check,75.77,2278.6,No
C3131-5147,Male,0,No,No,8,Yes,Yes,No,No internet service,No internet service,No internet service,No internet service,No internet service,No internet service,One year,Yes,Electronic check,53.54,434.87,No
C3132-7841,Female,0,Yes,No,18,Yes,No,DSL,No,Yes,No,Yes,No,No,Month-to-month,Yes,Credit card (automatic),74.88,1333.54,Yes
C3133-1730,Male,0,Yes,No,61,Yes,No,No,No internet service,No internet service,No internet service,No internet service,No internet service,No internet service,Month-to-month,No,Mailed check,36.97,2249.04,No
C3134-7393,Male,0,No,No,25,No,No phone service,DSL,Yes,No,Yes,No,Yes,No,Two year,Yes,Credit card (automatic),73.82,1814.33,No
C3135-1142,Male,0,Yes,No,72,Yes,Yes,Fiber optic,Yes,No,No,No,Yes,Yes,One year,Yes,Electronic check,117.77,8497.31,Yes
C3136-6225,Female,0,Yes,Yes,32,Yes,No,No,No internet service,No internet service,No internet service,No internet service,No internet service,No internet service,Two year,No,Electronic check,45.27,1460.53,No
C3137-5294,Male,1,Yes,Yes,11,Yes,Yes,DSL,No,No,No,No,Yes,No,Month-to-month,No,Bank transfer (automatic),78.07,847.51,Yes
C3138-5217,Female,0,No,No,40,Yes,No,No,No internet service,No internet service,No internet service,No internet service,No internet service,No internet service,Two year,Yes,Mailed check,24.79,1006.63,No
C3139-5448,Female,0,Yes,Yes,63,Yes,No,Fiber optic,No,No,No,No,Yes,Yes,Month-to-month,Yes,Mailed check,97.18,6122.16,Yes
C3140-5426,Male,0,Yes,No,28,Yes,No,Fiber optic,No,Yes,Yes,Yes,Yes,Yes,Month-to-month,No,Electronic check,108.61,3007.73,No
C3141-4665,Male,0,No,No,29,Yes,Yes,DSL,No,Yes,Yes,No,Yes,No,Two year,No,Credit card (automatic),97.35,2842.21,No
C3142-5061,Female,0,No,No,35,Yes,No,DSL,No,Yes,Yes,Yes,Yes,No,Month-to-month,Yes,Electronic check,89.44,3133.99,No
C3143-6112,Female,0,No,No,38,Yes,Yes,No,No internet service,No internet service,No internet service,No internet service,No internet service,No internet service,One year,Yes,Electronic check,43.38,1663.17,No
C3144-7870,Female,0,Yes,Yes,14,Yes,No,DSL,No,No,No,No,No,Yes,Month-to-month,No,Credit card (automatic),69.8,979.13,No
C3145-5968,Female,0,No,No,4,Yes,Yes,DSL,No,No,No,Yes,Yes,No,Month-to-month,Yes,Credit card (automatic),94.09,370.54,No
C3146-6782,Male,0,No,No,42,Yes,No,DSL,No,Yes,Yes,No,No,Yes,Month-to-month,No,Mailed check,89.78,3767.94,No
C3147-8528,Female,1,No,No,26,No,No phone service,DSL,No,No,Yes,No,Yes,Yes,Month-to-month,No,Electronic check,40.68,1037.12,No
C3148-9904,Male,0,No,No,35,Yes,Yes,DSL,No,No,No,No,No,Yes,Month-to-month,No,Mailed check,61.16,2148.79,No
C3149-1977,Female,0,Yes,No,22,Yes,No,DSL,Yes,Yes,Yes,Yes,Yes,No,Two year,Yes,Electronic check,108.26,2385.8,No
C3150-7415,Male,0,No,No,36,Yes,Yes,DSL,No,Yes,Yes,Yes,Yes,No,Two year,No,Mailed check,103.21,3713.77,No
C3151-3026,Male,0,No,No,10,Yes,No,Fiber optic,No,No,Yes,No,Yes,Yes,Two year,Yes,Credit card (automatic),107.36,1061.22,No
C3152-2770,Male,1,Yes,Yes,18,Yes,No,Fiber optic,No,Yes,No,No,No,No,Two year,No,Electronic check,95.25,1692.55,No
C3153-8136,Male,0,Yes,No,10,Yes,No,No,No internet service,No internet service,No internet service,No internet service,No internet service,No internet service,One year,Yes,Bank transfer (automatic),39.09,405.46,Yes
C3154-1618,Male,0,Yes,Yes,19,No,No phone service,Fiber optic,No,No,No,No,No,Yes,Month-to-month,Yes,Mailed check,75.33,1401.97,No
C3155-8629,Male,0,No,No,6,Yes,Yes,Fiber optic,No,No,Yes,No,Yes,No,Month-to-month,No,Bank transfer (automatic),115.75,708.53,No
C3156-7934,Male,0,Yes,Yes,45,No,No phone service,DSL,Yes,Yes,No,No,Yes,No,One year,Yes,Mailed check,57.43,2549.12,No
C3157-9952,Female,0,No,No,72,Yes,No,Fiber optic,No,No,Yes,No,Yes,Yes,Month-to-month,No,Bank transfer (automatic),106.35,7647.46,Yes
C3158-7010,Male,0,No,No,7,Yes,Yes,Fiber optic,No,Yes,No,No,No,Yes,Month-to-month,Yes,Bank transfer (automatic),109.42,775.59,No
C3159-8855,Male,0,Yes,No,26,Yes,Yes,Fiber optic,No,No,No,Yes,No,Yes,Month-to-month,Yes,Electronic check,111.36,2910.8,No
C3160-2066,Female,0,Yes,Yes,22,Yes,Yes,DSL,No,No,Yes,No,Yes,No,Two year,No,Mailed check,85.48,1874.91,No
C3161-9008,Male,0,Yes,No,72,Yes,No,Fiber optic,No,No,Yes,Yes,Yes,No,Month-to-month,No,Electronic check,107.6,7759.19,No
C3162-2442,Female,0,Yes,Yes,27,Yes,No,Fiber optic,No,Yes,No,No,No,No,Month-to-month,No,Credit card (automatic),99.11,2655.4,No
C3163-3828,Male,0,No,No,59,Yes,No,Fiber optic,Yes,Yes,No,Yes,Yes,No,One year,No,Electronic check,124.25,7316.72,No
C3164-2153,Male,0,No,No,43,Yes,No,Fiber optic,No,Yes,No,Yes,Yes,No,One year,Yes,Bank transfer (automatic),110.88,4775.24,Yes
C3165-4614,Male,0,No,Yes,32,Yes,Yes,DSL,Yes,Yes,No,No,Yes,Yes,Month-to-month,Yes,Mailed check,90.89,2901.55,Yes
C3166-7740,Male,0,No,No,15,Yes,Yes,DSL,No,No,No,No,No,No,One year,Yes,Bank transfer (automatic),69.43,1029.71,Yes
C3167-3412,Female,0,Yes,No,32,Yes,No,DSL,No,No,Yes,No,No,Yes,Month-to-month,No,Electronic check,65.86,2103.18,No
C3168-8398,Female,0,No,No,10,Yes,Yes,Fiber optic,No,No,No,Yes,No,No,Month-to-month,No,Credit card (automatic),107.74,1070.9,No
C3169-6456,Male,0,Yes,Yes,18,No,No phone service,DSL,No,No,No,No,No,Yes,One year,Yes,Mailed check,50.06,896.83,No
C3170-6659,Female,0,No,No,3,Yes,No,No,No internet service,No internet service,No internet service,No internet service,No internet service,No internet service,One year,No,Credit card (automatic),46.01,163.79,No
C3171-9448,Male,0,Yes,No,66,No,No phone service,Fiber optic,No,Yes,Yes,No,Yes,No,One year,Yes,Bank transfer (automatic),91.53,6060.35,No
C3172-4886,Female,0,Yes,Yes,29,Yes,No,No,No internet service,No internet service,No internet service,No internet service,No internet service,No internet service,Month-to-month,Yes,Electronic check,41.64,1222.9,No
C3173-4101,Male,0,No,No,65,Yes,No,No,No internet service,No internet service,No internet service,No internet service,No internet service,No internet service,Month-to-month,No,Bank transfer (automatic),27.62,1795.52,Yes
C3174-9949,Male,0,No,No,28,Yes,Yes,Fiber optic,Yes,Yes,Yes,No,Yes,Yes,Month-to-month,Yes,Bank transfer (automatic),123.4,3460.32,No
C3175-6012,Male,0,Yes,Yes,30,Yes,Yes,Fiber optic,No,Yes,Yes,No,Yes,Yes,Month-to-month,Yes,Mailed check,121.89,3640.03,No
C3176-6530,Male,0,Yes,Yes,41,Yes,Yes,Fiber optic,No,No,No,Yes,Yes,No,Month-to-month,Yes,Bank transfer (automatic),106.04,4380.01,Yes
C3177-3666,Female,0,No,Yes,24,Yes,Yes,No,No internet service,No internet service,No internet service,No internet service,No internet service,No internet service,Month-to-month,Yes,Electronic check,43.55,1032.39,No
C3178-2938,Female,0,No,No,22,Yes,No,Fiber optic,Yes,No,Yes,No,No,Yes,Month-to-month,No,Credit card (automatic),100.9,2243.8,No
C3179-2528,Female,0,No,No,19,Yes,No,Fiber optic,No,No,No,No,No,Yes,Month-to-month,Yes,Electronic check,99.34,1884.6,Yes
C3180-3011,Male,0,Yes,No,10,Yes,Yes,DSL,Yes,No,No,No,Yes,No,Month-to-month,No,Bank transfer (automatic),85.46,876.74,No
C3181-2756,Male,0,Yes,No,19,Yes,Yes,Fiber optic,Yes,No,Yes,No,Yes,Yes,Month-to-month,No,Credit card (automatic),131.95,2498.84,No
C3182-7719,Male,0,No,No,55,Yes,Yes,Fiber optic,No,No,Yes,No,No,No,Month-to-month,Yes,Bank transfer (automatic),91.45,5041.35,Yes
C3183-1521,Female,0,No,No,18,Yes,Yes,DSL,Yes,Yes,Yes,Yes,No,No,Month-to-month,Yes,Bank transfer (automatic),112.65,2051.76,Yes
C3184-6663,Male,0,Yes,No,72,No,No phone service,Fiber optic,Yes,No,No,No,No,Yes,Month-to-month,Yes,Mailed check,80.95,5852.11,No
C3185-9542,Female,0,Yes,No,3,Yes,Yes,Fiber optic,No,Yes,No,No,No,Yes,Month-to-month,Yes,Bank transfer (automatic),103.2,313.67,Yes
C3186-7889,Female,0,Yes,No,57,Yes,No,Fiber optic,No,No,No,No,Yes,No,Month-to-month,Yes,Mailed check,92.89,5294.83,No
C3187-4625,Female,0,No,No,21,Yes,Yes,Fiber optic,Yes,Yes,Yes,Yes,No,Yes,Month-to-month,Yes,Electronic check,124.18,2616.85,Yes
C3188-1534,Male,0,Yes,Yes,37,Yes,Yes,Fiber optic,Yes,No,No,Yes,Yes,Yes,Two year,Yes,Mailed check,121.81,4526.36,No
C3189-8506,Female,0,No,No,11,Yes,Yes,Fiber optic,No,No,Yes,No,Yes,Yes,Month-to-month,Yes,Electronic check,125.34,1392.57,Yes
C3190-1028,Male,0,No,No,5,Yes,Yes,Fiber optic,No,Yes,No,Yes,Yes,Yes,One year,Yes,Electronic check,121.39,612.8,Yes
C3191-7131,Male,0,Yes,Yes,49,Yes,Yes,Fiber optic,No,Yes,No,No,No,Yes,One year,No,Bank transfer (automatic),110.88,5454.6,No
C3192-7037,Male,0,Yes,No,65,Yes,No,No,No internet service,No internet service,No internet service,No internet service,No internet service,No internet service,One year,Yes,Electronic check,34.85,2243.25,No
C3193-2727,Male,0,Yes,No,26,Yes,No,DSL,Yes,No,No,Yes,Yes,Yes,One year,Yes,Mailed check,91.11,2378.83,No
C3194-7658,Female,0,Yes,Yes,18,Yes,Yes,No,No internet service,No internet service,No internet service,No internet service,No internet service,No internet service,Month-to-month,No,Electronic check,42.76,758.07,Yes
C3195-2578,Female,0,No,No,25,Yes,Yes,DSL,No,No,No,No,No,Yes,Month-to-month,No,Bank transfer (automatic),69.93,1779.03,No
C3196-3030,Male,0,No,No,25,Yes,No,Fiber optic,No,Yes,Yes,No,No,Yes,Month-to-month,Yes,Electronic check,123.4,3100.42,No
C3197-8307,Male,0,Yes,Yes,20,Yes,Yes,DSL,No,No,No,No,Yes,Yes,Month-to-month,No,Bank transfer (automatic),89.66,1768.67,No
C3198-9811,Male,0,No,No,29,Yes,Yes,No,No internet service,No internet service,No internet service,No internet service,No internet service,No internet service,Month-to-month,No,Mailed check,60.24,1724.67,Yes
C3199-3382,Male,0,Yes,Yes,39,Yes,Yes,DSL,Yes,No,Yes,No,Yes,Yes,Month-to-month,Yes,Credit card (automatic),106.09,4114.11,No
C3200-9291,Female,0,No,No,36,Yes,No,Fiber optic,No,No,No,No,No,No,Month-to-month,Yes,Electronic check,73.75,2663.85,No
C3201-9218,Female,0,No,No,15,No,No phone service,Fiber optic,No,No,No,No,No,No,Two year,Yes,Mailed check,70.93,1078.03,No
C3202-7923,Female,0,Yes,No,21,Yes,No,DSL,No,Yes,Yes,No,Yes,No,Month-to-month,Yes,Electronic check,85.8,1769.22,No
C3203-2260,Female,0,No,No,9,Yes,No,No,No internet service,No internet service,No internet service,No internet service,No internet service,No internet service,Month-to-month,Yes,Mailed check,36.02,314.14,No
C3204-3694,Male,0,No,No,36,Yes,Yes,DSL,No,No,No,No,No,Yes,One year,Yes,Bank transfer (automatic),77.42,2779.33,No
C3205-7098,Male,0,Yes,No,12,Yes,No,DSL,Yes,Yes,No,Yes,Yes,Yes,Two year,Yes,Mailed check,110.46,1330.85,No
C3206-9991,Male,1,No,No,1,Yes,No,Fiber optic,No,No,No,No,No,No,Month-to-month,No,Mailed check,79.03,73.61,Yes
C3207-8329,Male,0,Yes,Yes,16,Yes,Yes,DSL,No,No,No,No,No,Yes,One year,No,Credit card (automatic),77.83,1249.17,No
C3208-4781,Female,1,Yes,No,37,Yes,No,Fiber optic,No,No,Yes,No,No,No,Month-to-month,No,Electronic check,98.79,3636.33,Yes
C3209-3117,Male,1,No,No,39,Yes,No,DSL,Yes,No,No,No,No,No,Two year,No,Credit card (automatic),66.81,2581.51,No
C3210-9642,Female,0,Yes,No,56,Yes,Yes,Fiber optic,Yes,Yes,Yes,Yes,No,Yes,One year,Yes,Credit card (automatic),132.47,7405.02,No
C3211-3485,Female,0,Yes,No,72,Yes,No,Fiber optic,No,No,No,No,Yes,No,Month-to-month,Yes,Mailed check,103.68,7463.75,No
C3212-4079,Female,0,Yes,Yes,25,Yes,No,No,No internet service,No internet service,No internet service,No internet service,No internet service,No internet service,One year,Yes,Electronic check,42.9,1073.93,No
C3213-9679,Male,1,Yes,No,22,Yes,Yes,DSL,No,No,Yes,No,Yes,No,Month-to-month,Yes,Bank transfer (automatic),71.51,1544.32,No
C3214-6054,Male,0,Yes,No,28,Yes,Yes,DSL,No,Yes,Yes,No,Yes,No,Month-to-month,No,Mailed check,87.85,2445.24,Yes
C3215-3381,Male,0,Yes,Yes,18,Yes,Yes,Fiber optic,No,Yes,Yes,No,No,No,Month-to-month,Yes,Mailed check,102.93,1859.17,No
C3216-1048,Male,1,No,No,8,Yes,Yes,DSL,Yes,No,Yes,No,Yes,Yes,One year,Yes,Credit card (automatic),106.1,872.42,No
C3217-4869,Female,0,Yes,No,7,No,No phone service,Fiber optic,No,No,Yes,Yes,Yes,Yes,Two year,No,Mailed check,91.96,627.06,No
C3218-9873,Female,1,No,No,23,Yes,Yes,No,No internet service,No internet service,No internet service,No internet service,No internet service,No internet service,Month-to-month,Yes,Electronic check,46.32,1080.35,No
C3219-4892,Male,0,No,No,69,No,No phone service,No,No internet service,No internet service,No internet service,No internet service,No internet service,No internet service,One year,No,Credit card (automatic),18.25,1238.75,No
C3220-7295,Female,0,Yes,Yes,17,Yes,Yes,DSL,Yes,No,No,Yes,No,No,One year,Yes,Electronic check,85.82,1486.43,No
C3221-3277,Male,0,No,No,44,Yes,No,No,No internet service,No internet service,No internet service,No internet service,No internet service,No internet service,Month-to-month,No,Mailed check,52.33,2276.7,No
C3222-7979,Female,0,No,No,60,Yes,No,Fiber optic,Yes,No,Yes,No,Yes,No,One year,Yes,Mailed check,127.58,7622.63,No
C3223-7981,Female,0,No,No,43,No,No phone service,No,No internet service,No internet service,No internet service,No internet service,No internet service,No internet service,Two year,Yes,Mailed check,20.13,862.31,No
C3224-6474,Female,0,No,No,47,Yes,No,No,No internet service,No internet service,No internet service,No internet service,No internet service,No internet service,One year,No,Mailed check,29.92,1381.55,No
C3225-7945,Female,0,Yes,No,8,No,No phone service,DSL,No,No,No,No,No,No,Month-to-month,Yes,Electronic check,46.78,376.41,No
C3226-6208,Male,0,Yes,Yes,20,Yes,Yes,No,No internet service,No internet service,No internet service,No internet service,No internet service,No internet service,One year,Yes,Electronic check,58.23,1148.61,No
C3227-4404,Male,0,No,No,5,Yes,No,DSL,No,No,No,No,Yes,No,Two year,No,Mailed check,74.07,381.9,No
C3228-7640,Male,1,No,No,14,Yes,No,Fiber optic,No,No,No,No,Yes,Yes,Month-to-month,Yes,Electronic check,88.64,1237.56,No
C3229-8515,Male,0,No,Yes,7,Yes,No,Fiber optic,No,No,Yes,Yes,Yes,Yes,Month-to-month,Yes,Electronic check,114.67,787.76,Yes
C3230-8568,Female,0,No,No,37,Yes,Yes,Fiber optic,Yes,Yes,No,No,Yes,Yes,One year,Yes,Electronic check,113.46,4203.18,No
C3231-2917,Female,0,Yes,No,7,Yes,No,DSL,Yes,No,Yes,No,No,No,Month-to-month,Yes,Electronic check,71.37,484.24,No
C3232-7088,Female,0,Yes,No,7,Yes,Yes,DSL,Yes,Yes,Yes,Yes,No,Yes,Two year,No,Electronic check,107.0,747.42,No
C3233-1038,Male,0,No,No,24,Yes,No,No,No internet service,No internet service,No internet service,No internet service,No internet service,No internet service,Month-to-month,No,Mailed check,31.27,739.64,No
C3234-6147,Female,0,Yes,Yes,3,Yes,No,Fiber optic,No,Yes,No,No,No,Yes,Month-to-month,Yes,Bank transfer (automatic),105.82,329.74,No
C3235-6139,Female,0,No,Yes,72,Yes,Yes,Fiber optic,No,No,Yes,No,Yes,Yes,One year,Yes,Bank transfer (automatic),124.62,8951.16,No
C3236-4271,Male,1,No,No,20,Yes,No,Fiber optic,No,Yes,No,No,Yes,No,Month-to-month,Yes,Credit card (automatic),91.82,1808.82,No
C3237-9945,Male,0,Yes,Yes,59,Yes,Yes,No,No internet service,No internet service,No internet service,No internet service,No internet service,No internet service,Month-to-month,No,Electronic check,53.73,3179.98,No
C3238-8945,Male,1,Yes,No,8,Yes,No,DSL,No,No,No,No,Yes,Yes,Month-to-month,Yes,Mailed check,85.77,662.66,Yes
C3239-1347,Female,0,No,No,33,Yes,Yes,DSL,No,Yes,No,Yes,No,No,Two year,Yes,Mailed check,87.68,2895.62,No
C3240-2879,Male,1,No,No,38,Yes,Yes,No,No internet service,No internet service,No internet service,No internet service,No internet service,No internet service,Month-to-month,No,Credit card (automatic),48.6,1864.61,No
C3241-2871,Male,0,No,Yes,10,Yes,Yes,Fiber optic,Yes,No,Yes,Yes,No,No,One year,No,Mailed check,121.86,1230.59,No
C3242-9077,Female,0,Yes,Yes,46,Yes,No,DSL,Yes,Yes,Yes,No,Yes,Yes,Two year,Yes,Credit card (automatic),108.3,4977.67,No
C3243-5669,Male,1,Yes,Yes,14,Yes,Yes,DSL,No,Yes,No,No,Yes,No,One year,No,Bank transfer (automatic),73.57,1046.9,No
C3244-7559,Male,1,Yes,Yes,17,Yes,No,No,No internet service,No internet service,No internet service,No internet service,No internet service,No internet service,Month-to-month,Yes,Credit card (automatic),45.31,769.82,No
C3245-8288,Female,0,Yes,No,10,Yes,Yes,Fiber optic,Yes,Yes,No,Yes,No,No,Month-to-month,No,Electronic check,125.97,1240.21,No
C3246-7907,Female,0,Yes,Yes,47,Yes,Yes,No,No internet service,No internet service,No internet service,No internet service,No internet service,No internet service,Month-to-month,Yes,Electronic check,47.79,2279.21,No
C3247-1801,Female,0,No,No,32,Yes,Yes,Fiber optic,No,No,Yes,Yes,No,No,Month-to-month,Yes,Mailed check,116.8,3726.03,No
C3248-2262,Male,0,Yes,No,30,Yes,Yes,Fiber optic,Yes,Yes,Yes,No,Yes,Yes,Month-to-month,No,Mailed check,115.16,3459.32,No
C3249-4556,Female,1,No,No,30,Yes,No,No,No internet service,No internet service,No internet service,No internet service,No internet service,No internet service,Month-to-month,Yes,Mailed check,44.84,1346.03,No
C3250-4045,Male,0,No,No,31,Yes,Yes,Fiber optic,No,Yes,No,Yes,Yes,Yes,One year,No,Electronic check,114.4,3523.16,No
C3251-7722,Male,0,No,No,13,No,No phone service,Fiber optic,Yes,Yes,Yes,No,No,Yes,One year,No,Bank transfer (automatic),103.91,1366.22,No
C3252-2405,Female,0,No,No,43,No,No phone service,Fiber optic,No,No,No,No,Yes,Yes,One year,Yes,Electronic check,97.84,4201.19,No
C3253-4343,Male,0,Yes,No,12,Yes,No,No,No internet service,No internet service,No internet service,No internet service,No internet service,No internet service,Month-to-month,No,Bank transfer (automatic),51.42,632.03,No
C3254-3128,Male,0,No,No,30,Yes,Yes,Fiber optic,No,Yes,No,Yes,Yes,Yes,Month-to-month,No,Electronic check,136.61,4080.72,Yes
C3255-2699,Male,0,Yes,No,22,Yes,No,DSL,No,No,Yes,No,Yes,No,Two year,Yes,Bank transfer (automatic),77.2,1684.57,No
C3256-2555,Female,1,Yes,Yes,16,Yes,Yes,Fiber optic,No,No,Yes,No,Yes,No,One year,Yes,Electronic check,119.03,1910.87,No
C3257-2759,Female,0,No,No,23,Yes,Yes,No,No internet service,No internet service,No internet service,No internet service,No internet service,No internet service,Month-to-month,Yes,Electronic check,44.26,1036.31,No
C3258-6078,Male,0,Yes,No,30,Yes,No,No,No internet service,No internet service,No internet service,No internet service,No internet service,No internet service,Month-to-month,Yes,Mailed check,49.6,1498.41,Yes
C3259-4690,Female,0,Yes,Yes,43,No,No phone service,Fiber optic,No,No,No,No,No,No,One year,No,Electronic check,71.97,3064.3,No
C3260-4917,Female,0,No,No,26,No,No phone service,Fiber optic,No,Yes,No,No,No,Yes,Month-to-month,Yes,Mailed check,62.89,1650.14,Yes
C3261-5314,Male,1,Yes,Yes,51,Yes,No,DSL,No,No,Yes,No,No,No,Month-to-month,No,Electronic check,78.74,4007.08,No
C3262-7668,Female,0,Yes,Yes,14,Yes,No,DSL,No,Yes,No,Yes,No,No,Month-to-month,Yes,Credit card (automatic),66.78,912.72,No
C3263-8755,Male,0,Yes,Yes,20,No,No phone service,No,No internet service,No internet service,No internet service,No internet service,No internet service,No internet service,Month-to-month,Yes,Bank transfer (automatic),33.1,680.34,No
C3264-5737,Female,0,Yes,No,38,Yes,Yes,Fiber optic,No,Yes,No,No,No,Yes,Month-to-month,No,Electronic check,116.68,4423.96,No
C3265-6779,Female,0,No,No,8,Yes,No,Fiber optic,No,Yes,Yes,No,No,Yes,Month-to-month,No,Mailed check,107.98,880.65,Yes
C3266-7646,Female,0,No,No,47,Yes,No,Fiber optic,Yes,Yes,Yes,Yes,Yes,No,Month-to-month,No,Credit card (automatic),137.23,6453.72,Yes
C3267-7212,Female,0,Yes,Yes,9,Yes,Yes,DSL,No,No,No,No,Yes,No,Two year,Yes,Electronic check,81.9,739.28,No
C3268-2208,Female,0,No,No,72,Yes,No,Fiber optic,Yes,Yes,Yes,No,Yes,No,Two year,No,Electronic check,108.88,7856.64,No
C3269-9845,Female,0,No,No,14,Yes,Yes,No,No internet service,No internet service,No internet service,No internet service,No internet service,No internet service,Month-to-month,No,Mailed check,48.23,659.25,Yes
C3270-2483,Female,1,No,Yes,72,Yes,No,Fiber optic,No,Yes,No,Yes,No,Yes,Month-to-month,Yes,Bank transfer (automatic),122.92,8869.11,No
C3271-4706,Male,0,No,No,44,No,No phone service,Fiber optic,No,Yes,No,No,Yes,No,Month-to-month,No,Mailed check,85.84,3749.47,Yes
C3272-6872,Male,1,No,Yes,6,Yes,No,Fiber optic,No,Yes,Yes,No,Yes,No,Two year,Yes,Mailed check,93.77,565.87,No
C3273-4629,Female,0,No,No,11,Yes,No,DSL,No,No,Yes,No,Yes,Yes,Month-to-month,No,Mailed check,88.48,1000.63,Yes
C3274-3187,Female,0,No,No,7,Yes,No,DSL,No,No,No,Yes,No,No,Two year,Yes,Mailed check,75.81,546.46,No
C3275-9309,Female,1,Yes,Yes,20,Yes,No,DSL,No,No,Yes,No,Yes,No,One year,Yes,Mailed check,80.15,1603.3,No
C3276-1643,Female,0,Yes,Yes,51,No,No phone service,Fiber optic,No,No,Yes,No,Yes,Yes,One year,Yes,Electronic check,68.34,3511.84,No
C3277-3212,Male,0,Yes,Yes,72,Yes,Yes,No,No internet service,No internet service,No internet service,No internet service,No internet service,No internet service,Month-to-month,Yes,Mailed check,39.79,2852.7,No
C3278-9935,Male,0,No,No,10,Yes,No,Fiber optic,Yes,Yes,Yes,No,No,No,One year,No,Mailed check,113.12,1136.84,No
C3279-7567,Female,0,Yes,No,8,No,No phone service,No,No internet service,No internet service,No internet service,No internet service,No internet service,No internet service,Month-to-month,Yes,Bank transfer (automatic),30.56,240.82,No
C3280-1782,Male,0,No,No,34,Yes,No,DSL,No,Yes,Yes,No,Yes,No,One year,No,Credit card (automatic),78.7,2677.27,No
C3281-7790,Male,0,Yes,No,7,No,No phone service,Fiber optic,No,No,Yes,No,No,Yes,One year,Yes,Credit card (automatic),75.54,542.89,No
C3282-9724,Female,0,No,No,50,Yes,Yes,Fiber optic,No,Yes,No,No,Yes,Yes,Two year,Yes,Electronic check,110.02,5503.86,No
C3283-1879,Male,0,Yes,No,41,Yes,No,DSL,Yes,No,Yes,No,No,No,One year,Yes,Credit card (automatic),83.73,3419.21,Yes
C3284-4726,Female,0,Yes,No,27,Yes,Yes,DSL,No,No,Yes,No,No,Yes,Two year,No,Electronic check,91.75,2434.12,No
C3285-5213,Male,0,Yes,No,49,Yes,Yes,DSL,Yes,No,No,Yes,Yes,No,Month-to-month,No,Credit card (automatic),98.79,4861.42,No
C3286-2178,Male,1,No,Yes,48,Yes,No,DSL,No,No,Yes,Yes,No,Yes,One year,No,Electronic check,82.52,3974.04,No
C3287-2804,Female,0,No,No,11,Yes,No,No,No internet service,No internet service,No internet service,No internet service,No internet service,No internet service,Month-to-month,Yes,Bank transfer (automatic),33.0,372.41,No
C3288-2563,Male,1,Yes,Yes,8,Yes,Yes,DSL,No,No,Yes,Yes,Yes,Yes,Month-to-month,No,Bank transfer (automatic),105.69,852.34,Yes
C3289-2668,Male,0,No,Yes,24,Yes,No,DSL,No,No,No,Yes,Yes,No,Month-to-month,Yes,Electronic check,90.34,2165.5,No
C3290-4631,Female,0,No,No,50,Yes,No,No,No internet service,No internet service,No internet service,No internet service,No internet service,No internet service,Month-to-month,No,Electronic check,40.05,1982.56,No
C3291-5173,Female,0,No,No,10,Yes,Yes,DSL,No,No,No,No,Yes,Yes,Month-to-month,Yes,Bank transfer (automatic),90.44,908.85,Yes
C3292-3141,Male,1,No,No,9,Yes,Yes,Fiber optic,No,No,No,No,No,No,Month-to-month,No,Mailed check,89.31,803.77,No
C3293-3604,Female,0,No,No,9,Yes,No,DSL,No,No,Yes,No,No,Yes,Month-to-month,Yes,Mailed check,70.12,652.8,Yes
C3294-2729,Female,1,No,No,17,Yes,No,No,No internet service,No internet service,No internet service,No internet service,No internet service,No internet service,One year,Yes,Electronic check,42.77,725.24,No
C3295-8163,Male,0,No,No,1,Yes,No,No,No internet service,No internet service,No internet service,No internet service,No internet service,No internet service,Month-to-month,Yes,Bank transfer (automatic),34.81,48.7,No
C3296-2905,Female,0,No,No,12,Yes,No,No,No internet service,No internet service,No internet service,No internet service,No internet service,No internet service,Two year,No,Mailed check,38.1,453.86,No
C3297-9167,Male,0,No,No,36,Yes,Yes,DSL,Yes,Yes,No,Yes,No,Yes,Month-to-month,Yes,Bank transfer (automatic),107.69,3882.15,No
C3298-5849,Male,1,Yes,Yes,50,Yes,Yes,DSL,Yes,No,Yes,No,No,Yes,Month-to-month,Yes,Electronic check,98.06,4883.81,No
C3299-8223,Male,0,Yes,No,72,Yes,No,No,No internet service,No internet service,No internet service,No internet service,No internet service,No internet service,Two year,Yes,Electronic check,33.51,2384.68,No
C3300-6726,Male,1,No,Yes,23,Yes,No,No,No internet service,No internet service,No internet service,No internet service,No internet service,No internet service,Two year,No,Electronic check,43.93,1005.36,No
C3301-3394,Male,0,No,No,15,No,No phone service,Fiber optic,Yes,No,No,Yes,Yes,No,Month-to-month,No,Electronic check,96.91,1467.21,No
C3302-6411,Male,0,No,Yes,72,Yes,No,Fiber optic,No,Yes,No,No,Yes,No,Month-to-month,Yes,Electronic check,113.54,8177.61,Yes
C3303-3466,Male,0,No,No,26,No,No phone service,Fiber optic,No,No,No,Yes,Yes,No,Two year,No,Mailed check,79.93,2071.46,No
C3304-2066,Female,0,No,No,26,Yes,Yes,DSL,No,Yes,Yes,No,Yes,No,Two year,Yes,Electronic check,92.77,2399.94,No
C3305-3292,Male,0,Yes,Yes,63,Yes,No,Fiber optic,No,Yes,Yes,No,Yes,Yes,Two year,Yes,Bank transfer (automatic),108.64,6815.71,No
C3306-3480,Female,0,No,No,5,Yes,No,No,No internet service,No internet service,No internet service,No internet service,No internet service,No internet service,Month-to-month,Yes,Bank transfer (automatic),44.55,231.54,Yes
C3307-2215,Male,0,Yes,No,27,Yes,Yes,No,No internet service,No internet service,No internet service,No internet service,No internet service,No internet service,Month-to-month,Yes,Mailed check,53.31,1428.69,No
C3308-1212,Female,0,No,No,7,Yes,Yes,DSL,No,No,No,No,Yes,No,Month-to-month,Yes,Bank transfer (automatic),81.06,526.24,No
C3309-9493,Female,0,No,No,3,Yes,Yes,DSL,No,No,No,Yes,Yes,No,Month-to-month,Yes,Mailed check,99.88,297.76,No
C3310-5620,Female,0,Yes,Yes,11,Yes,Yes,DSL,No,Yes,No,No,No,Yes,Month-to-month,Yes,Mailed check,90.16,1003.96,No
C3311-4618,Male,0,No,No,72,Yes,Yes,DSL,No,No,No,Yes,Yes,Yes,Month-to-month,No,Electronic check,88.03,6380.39,No
C3312-9368,Female,0,No,No,5,Yes,No,DSL,No,No,Yes,No,Yes,No,Two year,Yes,Mailed check,80.36,423.93,Yes
C3313-3021,Female,0,Yes,Yes,17,Yes,No,DSL,No,No,No,No,No,No,Month-to-month,Yes,Electronic check,63.65,1088.3,Yes
C3314-4625,Male,0,No,No,46,Yes,Yes,No,No internet service,No internet service,No internet service,No internet service,No internet service,No internet service,Month-to-month,No,Bank transfer (automatic),50.32,2312.04,No
C3315-8619,Male,0,No,No,12,Yes,No,No,No internet service,No internet service,No internet service,No internet service,No internet service,No internet service,One year,Yes,Credit card (automatic),58.8,712.89,No
C3316-6687,Male,0,No,No,72,Yes,Yes,No,No internet service,No internet service,No internet service,No internet service,No internet service,No internet service,Two year,Yes,Credit card (automatic),58.23,4187.57,No
C3317-4592,Female,0,Yes,No,25,Yes,Yes,Fiber optic,No,No,No,No,Yes,Yes,Two year,No,Bank transfer (automatic),119.41,2970.97,No
C3318-3302,Male,0,Yes,No,4,Yes,Yes,Fiber optic,No,Yes,Yes,No,Yes,Yes,Month-to-month,No,Credit card (automatic),113.33,434.15,Yes
C3319-1316,Male,0,No,No,11,Yes,Yes,No,No internet service,No internet service,No internet service,No internet service,No internet service,No internet service,One year,No,Credit card (automatic),57.35,593.88,No
C3320-1765,Female,0,Yes,No,5,Yes,Yes,Fiber optic,Yes,Yes,Yes,No,No,No,Two year,No,Bank transfer (automatic),123.19,619.14,No
C3321-2457,Male,0,Yes,No,12,Yes,No,DSL,No,No,Yes,No,Yes,No,One year,Yes,Credit card (automatic),90.56,1090.55,No
C3322-8078,Female,0,No,No,20,No,No phone service,DSL,No,No,Yes,No,Yes,No,Month-to-month,No,Credit card (automatic),45.57,932.72,No
C3323-6752,Female,0,No,No,47,Yes,No,Fiber optic,No,Yes,No,No,No,No,One year,Yes,Mailed check,89.44,4162.88,No
C3324-4900,Male,0,No,No,72,Yes,Yes,Fiber optic,No,No,No,No,No,No,Month-to-month,Yes,Bank transfer (automatic),101.66,7337.33,Yes
C3325-8045,Female,0,No,No,20,Yes,No,DSL,No,Yes,No,Yes,Yes,Yes,Month-to-month,No,Bank transfer (automatic),80.39,1612.21,No
C3326-2446,Female,1,Yes,No,41,Yes,No,Fiber optic,No,No,No,No,No,Yes,Month-to-month,No,Electronic check,107.37,4423.25,No
C3327-2898,Female,0,Yes,No,23,Yes,No,No,No internet service,No internet service,No internet service,No internet service,No internet service,No internet service,Month-to-month,Yes,Credit card (automatic),43.11,1017.44,No
C3328-4534,Male,0,No,No,10,Yes,No,DSL,No,Yes,No,No,Yes,Yes,One year,Yes,Mailed check,87.44,843.33,No
C3329-9255,Female,0,Yes,No,14,No,No phone service,DSL,No,No,No,No,Yes,Yes,Month-to-month,Yes,Electronic check,52.2,739.04,No
C3330-6527,Female,0,Yes,No,72,Yes,No,No,No internet service,No internet service,No internet service,No internet service,No internet service,No internet service,Month-to-month,Yes,Mailed check,32.85,2369.28,No
C3331-8658,Male,0,No,No,16,Yes,No,DSL,No,Yes,Yes,No,Yes,No,Month-to-month,Yes,Credit card (automatic),77.25,1248.75,No
C3332-3233,Male,0,Yes,Yes,72,Yes,No,DSL,No,No,No,No,No,No,One year,Yes,Mailed check,63.26,4582.12,No
C3333-8634,Female,0,No,No,27,Yes,Yes,Fiber optic,No,No,No,No,Yes,Yes,One year,Yes,Credit card (automatic),117.27,3163.53,No
C3334-1652,Male,0,No,No,29,Yes,No,No,No internet service,No internet service,No internet service,No internet service,No internet service,No internet service,Two year,Yes,Mailed check,35.31,1013.08,No
C3335-3048,Female,0,No,No,61,Yes,No,DSL,Yes,Yes,No,No,Yes,Yes,Two year,No,Electronic check,100.35,6114.94,No
C3336-5706,Male,0,Yes,No,31,Yes,No,DSL,No,No,Yes,No,No,No,One year,Yes,Electronic check,61.23,1870.13,No
C3337-1454,Male,0,Yes,Yes,12,Yes,No,Fiber optic,No,Yes,Yes,No,Yes,Yes,One year,Yes,Electronic check,101.61,1256.67,No
C3338-8723,Male,0,No,No,29,Yes,Yes,Fiber optic,Yes,Yes,Yes,No,No,Yes,One year,No,Electronic check,133.44,3897.9,No
C3339-8805,Female,0,No,No,31,Yes,Yes,No,No internet service,No internet service,No internet service,No internet service,No internet service,No internet service,Month-to-month,No,Electronic check,40.73,1258.59,No
C3340-5872,Male,0,No,No,31,No,No phone service,No,No internet service,No internet service,No internet service,No internet service,No internet service,No internet service,Month-to-month,No,Electronic check,18.25,569.46,No
C3341-3751,Male,0,Yes,Yes,23,Yes,No,No,No internet service,No internet service,No internet service,No internet service,No internet service,No internet service,Month-to-month,Yes,Electronic check,31.13,698.18,Yes
C3342-1890,Female,0,No,No,28,Yes,Yes,DSL,No,No,No,No,Yes,Yes,Two year,Yes,Mailed check,89.16,2485.23,No
C3343-6569,Female,0,Yes,Yes,66,Yes,No,No,No internet service,No internet service,No internet service,No internet service,No internet service,No internet service,One year,Yes,Mailed check,51.64,3423.14,No
C3344-5838,Male,0,Yes,No,18,No,No phone service,Fiber optic,No,No,Yes,Yes,Yes,Yes,Month-to-month,Yes,Bank transfer (automatic),89.83,1623.44,Yes
C3345-7838,Female,0,Yes,No,24,Yes,No,Fiber optic,Yes,No,No,No,Yes,No,Two year,Yes,Electronic check,89.43,2152.26,No
C3346-6422,Male,0,Yes,No,51,No,No phone service,Fiber optic,Yes,No,No,Yes,Yes,No,Two year,Yes,Bank transfer (automatic),79.67,4061.02,No
C3347-2154,Female,0,Yes,No,53,Yes,No,Fiber optic,No,No,Yes,No,No,No,Month-to-month,Yes,Electronic check,95.39,5067.98,No
C3348-2095,Male,1,Yes,No,8,Yes,No,Fiber optic,No,No,No,No,No,No,Two year,Yes,Mailed check,78.56,595.32,No
C3349-8026,Male,0,No,No,2,Yes,No,Fiber optic,No,Yes,Yes,No,Yes,No,Month-to-month,No,Mailed check,102.04,209.34,No
C3350-2431,Female,0,No,No,45,Yes,No,DSL,No,No,Yes,No,Yes,Yes,Month-to-month,No,Electronic check,69.25,3148.04,No
C3351-9445,Female,0,Yes,No,35,No,No phone service,Fiber optic,No,Yes,No,Yes,No,Yes,One year,No,Electronic check,91.29,3209.34,No
C3352-1953,Female,0,Yes,Yes,25,Yes,Yes,DSL,No,Yes,No,No,Yes,No,Month-to-month,Yes,Mailed check,93.02,2300.07,Yes
C3353-7554,Male,0,No,No,48,No,No phone service,DSL,Yes,Yes,Yes,Yes,Yes,No,One year,No,Mailed check,72.94,3506.73,Yes
C3354-9776,Male,0,Yes,Yes,21,Yes,No,Fiber optic,No,Yes,No,No,Yes,No,Two year,No,Bank transfer (automatic),96.46,2018.43,No
C3355-4970,Female,1,Yes,Yes,34,Yes,No,No,No internet service,No internet service,No internet service,No internet service,No internet service,No internet service,Month-to-month,Yes,Bank transfer (automatic),39.56,1370.61,No
C3356-1510,Male,0,No,No,17,Yes,Yes,DSL,No,No,Yes,Yes,No,Yes,Month-to-month,Yes,Electronic check,98.31,1672.22,No
C3357-8889,Male,1,No,No,12,Yes,No,No,No internet service,No internet service,No internet service,No internet service,No internet service,No internet service,Month-to-month,Yes,Mailed check,38.56,499.5,No
C3358-2685,Female,0,No,No,21,Yes,No,DSL,Yes,No,Yes,No,No,Yes,Month-to-month,Yes,Credit card (automatic),86.8,1859.82,No
C3359-5746,Male,0,Yes,No,5,Yes,Yes,DSL,No,Yes,Yes,No,No,Yes,One year,Yes,Mailed check,91.03,463.26,No
C3360-9859,Female,0,Yes,Yes,11,Yes,Yes,Fiber optic,No,Yes,No,No,Yes,No,One year,Yes,Bank transfer (automatic),115.14,1269.57,No
C3361-7702,Male,0,Yes,No,25,Yes,No,DSL,No,No,Yes,Yes,No,Yes,Two year,Yes,Electronic check,89.69,2265.3,No
C3362-1416,Female,0,No,Yes,35,Yes,No,No,No internet service,No internet service,No internet service,No internet service,No internet service,No internet service,Month-to-month,Yes,Mailed check,31.09,1076.3,No
C3363-8383,Female,0,Yes,Yes,60,Yes,Yes,Fiber optic,No,Yes,Yes,Yes,Yes,Yes,Month-to-month,Yes,Electronic check,128.03,7688.45,No
C3364-2451,Female,0,Yes,Yes,23,Yes,Yes,Fiber optic,No,No,No,Yes,No,No,Month-to-month,No,Mailed check,107.58,2469.92,Yes
C3365-7743,Female,0,Yes,No,12,Yes,No,No,No internet service,No internet service,No internet service,No internet service,No internet service,No internet service,One year,No,Mailed check,42.43,500.19,No
C3366-6587,Female,0,No,No,7,Yes,No,Fiber optic,Yes,No,No,No,No,No,Month-to-month,Yes,Bank transfer (automatic),86.84,623.23,Yes
C3367-3590,Male,0,Yes,Yes,57,Yes,Yes,Fiber optic,No,No,Yes,Yes,No,Yes,Month-to-month,Yes,Mailed check,116.59,6647.11,No
C3368-4812,Female,0,Yes,Yes,29,Yes,No,DSL,No,Yes,No,No,Yes,No,Month-to-month,Yes,Bank transfer (automatic),75.71,2231.46,Yes
C3369-2060,Male,0,No,No,22,Yes,Yes,Fiber optic,No,Yes,Yes,Yes,No,Yes,One year,No,Mailed check,108.94,2386.3,No
C3370-9880,Female,0,No,No,30,Yes,No,No,No internet service,No internet service,No internet service,No internet service,No internet service,No internet service,Month-to-month,No,Credit card (automatic),50.41,1495.0,No
C3371-3144,Female,0,No,No,48,Yes,Yes,Fiber optic,Yes,Yes,No,No,No,No,Month-to-month,No,Credit card (automatic),107.07,5138.85,Yes
C3372-3777,Male,1,No,Yes,72,Yes,Yes,DSL,No,Yes,No,No,No,Yes,One year,Yes,Mailed check,80.56,5809.34,No
C3373-5525,Female,0,Yes,No,6,Yes,Yes,Fiber optic,No,Yes,No,No,Yes,Yes,One year,Yes,Mailed check,116.62,696.75,Yes
C3374-7050,Female,0,No,No,21,Yes,No,Fiber optic,Yes,Yes,Yes,No,Yes,Yes,Month-to-month,Yes,Credit card (automatic),119.33,2517.05,No
C3375-5546,Male,0,Yes,Yes,45,Yes,No,Fiber optic,No,Yes,Yes,Yes,No,No,Two year,No,Bank transfer (automatic),119.73,5373.22,No
C3376-5545,Female,0,No,No,7,Yes,Yes,Fiber optic,No,Yes,Yes,No,Yes,No,One year,Yes,Electronic check,126.16,896.63,No
C3377-6243,Male,0,Yes,No,72,Yes,No,Fiber optic,No,Yes,No,Yes,Yes,Yes,One year,No,Mailed check,115.75,8317.4,No
C3378-8718,Female,0,No,No,21,No,No phone service,No,No internet service,No internet service,No internet service,No internet service,No internet service,No internet service,One year,Yes,Electronic check,25.25,504.69,No
C3379-4555,Male,0,No,No,72,Yes,No,Fiber optic,No,Yes,Yes,Yes,Yes,Yes,One year,Yes,Mailed check,123.14,8836.07,No
C3380-8488,Female,0,Yes,No,6,Yes,Yes,Fiber optic,No,No,Yes,Yes,No,Yes,Two year,Yes,Credit card (automatic),103.53,645.92,Yes
C3381-8081,Female,0,Yes,No,55,Yes,No,No,No internet service,No internet service,No internet service,No internet service,No internet service,No internet service,Month-to-month,No,Electronic check,38.1,2105.92,No
C3382-9648,Male,0,No,No,14,Yes,No,No,No internet service,No internet service,No internet service,No internet service,No internet service,No internet service,Month-to-month,No,Electronic check,33.5,479.12,No
C3383-9217,Male,0,Yes,No,26,No,No phone service,DSL,No,Yes,No,No,No,No,Two year,Yes,Electronic check,46.14,1194.0,No
C3384-8182,Male,0,No,No,41,Yes,No,DSL,No,No,No,No,Yes,No,Month-to-month,Yes,Electronic check,76.61,3154.72,Yes
C3385-3220,Female,0,Yes,No,52,Yes,Yes,Fiber optic,No,No,Yes,No,Yes,Yes,Month-to-month,No,Electronic check,133.61,6934.52,Yes
C3386-7967,Female,0,No,No,36,No,No phone service,No,No internet service,No internet service,No internet service,No internet service,No internet service,No internet service,Month-to-month,No,Credit card (automatic),18.25,642.78,No
C3387-7627,Male,0,No,Yes,25,Yes,Yes,DSL,No,Yes,No,No,Yes,Yes,One year,Yes,Electronic check,95.9,2399.88,No
C3388-3605,Female,0,Yes,No,29,Yes,Yes,No,No internet service,No internet service,No internet service,No internet service,No internet service,No internet service,One year,Yes,Credit card (automatic),46.66,1360.3,No
C3389-7101,Female,0,No,No,72,Yes,No,DSL,Yes,Yes,No,No,No,No,One year,No,Mailed check,94.55,6794.12,No
C3390-3276,Female,0,No,No,59,No,No phone service,Fiber optic,Yes,Yes,No,Yes,No,No,Month-to-month,No,Electronic check,85.49,5061.55,No
C3391-5707,Male,0,No,No,10,Yes,Yes,No,No internet service,No internet service,No internet service,No internet service,No internet service,No internet service,Two year,No,Electronic check,59.67,578.49,No
C3392-8169,Female,1,No,No,29,Yes,No,DSL,No,Yes,No,No,Yes,Yes,Month-to-month,No,Mailed check,71.3,2068.15,No
C3393-2696,Female,0,No,No,38,Yes,No,No,No internet service,No internet service,No internet service,No internet service,No internet service,No internet service,Two year,Yes,Bank transfer (automatic),32.9,1261.17,No
C3394-4032,Female,1,Yes,No,1,Yes,No,No,No internet service,No internet service,No internet service,No internet service,No internet service,No internet service,Month-to-month,No,Mailed check,44.82,13.13,No
C3395-8156,Female,1,Yes,No,64,Yes,No,DSL,No,Yes,No,Yes,No,Yes,Month-to-month,Yes,Credit card (automatic),68.98,4411.29,No
C3396-5083,Female,0,Yes,No,11,Yes,Yes,DSL,No,Yes,Yes,No,Yes,Yes,Month-to-month,Yes,Electronic check,98.74,1097.1,Yes
C3397-9644,Female,0,No,No,15,Yes,Yes,No,No internet service,No internet service,No internet service,No internet service,No internet service,No internet service,One year,Yes,Credit card (automatic),34.88,528.16,Yes
C3398-1071,Female,0,No,No,8,Yes,No,No,No internet service,No internet service,No internet service,No internet service,No internet service,No internet service,Two year,No,Credit card (automatic),26.96,221.63,No
C3399-7495,Female,1,Yes,Yes,56,Yes,No,Fiber optic,No,No,No,Yes,No,Yes,One year,No,Electronic check,115.71,6463.48,No
C3400-8326,Male,0,No,No,43,Yes,Yes,DSL,No,No,No,No,No,Yes,Two year,Yes,Mailed check,88.0,3776.29,No
C3401-9259,Male,0,Yes,No,58,Yes,No,DSL,No,Yes,No,No,No,No,Month-to-month,Yes,Electronic check,73.32,4268.1,No
C3402-2410,Female,0,No,Yes,72,Yes,Yes,DSL,Yes,No,No,No,No,No,Month-to-month,No,Mailed check,90.12,6516.35,Yes
C3403-9856,Female,1,No,No,32,Yes,Yes,Fiber optic,No,Yes,Yes,No,No,Yes,Month-to-month,No,Mailed check,120.86,3847.7,No
C3404-4530,Female,0,No,No,17,Yes,Yes,Fiber optic,No,No,No,No,No,No,One year,No,Credit card (automatic),103.74,1758.82,No
C3405-4168,Female,0,No,Yes,32,No,No phone service,Fiber optic,Yes,Yes,Yes,No,No,Yes,Month-to-month,Yes,Credit card (automatic),98.27,3115.79,No
C3406-4199,Female,0,No,No,15,Yes,Yes,No,No internet service,No internet service,No internet service,No internet service,No internet service,No internet service,Month-to-month,No,Mailed check,42.8,643.64,No
C3407-6743,Male,0,Yes,No,41,Yes,Yes,DSL,No,No,No,Yes,No,No,One year,No,Bank transfer (automatic),74.26,3049.15,No
C3408-6932,Female,1,No,Yes,66,Yes,No,Fiber optic,No,Yes,No,Yes,Yes,No,Month-to-month,Yes,Bank transfer (automatic),107.11,7068.13,Yes
C3409-5264,Male,0,Yes,Yes,12,Yes,Yes,DSL,No,No,Yes,No,No,No,One year,No,Credit card (automatic),66.88,815.07,Yes
C3410-1639,Female,0,No,No,32,Yes,No,Fiber optic,Yes,No,Yes,No,No,Yes,Month-to-month,No,Electronic check,109.91,3483.16,No
C3411-9878,Female,0,No,No,24,Yes,No,Fiber optic,Yes,Yes,Yes,No,Yes,No,Month-to-month,No,Electronic check,128.13,3073.02,Yes
C3412-2998,Female,0,Yes,No,26,Yes,Yes,No,No internet service,No internet service,No internet service,No internet service,No internet service,No internet service,Month-to-month,Yes,Mailed check,39.15,1028.79,Yes
C3413-1844,Female,0,Yes,Yes,55,Yes,No,DSL,Yes,No,No,No,No,No,Two year,Yes,Credit card (automatic),71.03,3938.37,No
C3414-6375,Female,0,Yes,Yes,39,Yes,Yes,No,No internet service,No internet service,No internet service,No internet service,No internet service,No internet service,Month-to-month,Yes,Electronic check,28.84,1127.38,No
C3415-4710,Female,0,No,No,21,Yes,No,Fiber optic,Yes,No,No,Yes,No,No,Month-to-month,Yes,Bank transfer (automatic),102.69,2164.89,Yes
C3416-6539,Female,0,Yes,No,23,Yes,Yes,DSL,No,No,No,No,No,No,Month-to-month,Yes,Mailed check,96.59,2194.05,No
C3417-8878,Male,1,No,No,29,Yes,No,No,No internet service,No internet service,No internet service,No internet service,No internet service,No internet service,Two year,No,Electronic check,39.39,1121.76,Yes
C3418-1875,Male,0,Yes,Yes,27,Yes,No,DSL,No,No,No,Yes,No,No,Month-to-month,Yes,Mailed check,79.88,2184.95,No
C3419-3556,Female,0,No,No,29,Yes,No,Fiber optic,No,No,Yes,No,No,No,Two year,Yes,Credit card (automatic),91.08,2646.04,No
C3420-5648,Male,0,No,No,48,Yes,Yes,Fiber optic,Yes,Yes,No,No,Yes,Yes,Month-to-month,Yes,Electronic check,128.79,6182.13,Yes
C3421-8089,Female,0,Yes,Yes,8,Yes,Yes,Fiber optic,No,No,No,No,Yes,Yes,One year,Yes,Mailed check,105.02,835.15,No
C3422-6405,Female,1,No,No,39,Yes,No,Fiber optic,No,No,No,Yes,No,No,Month-to-month,No,Bank transfer (automatic),96.67,3774.88,No
C3423-4444,Female,0,Yes,No,42,Yes,Yes,No,No internet service,No internet service,No internet service,No internet service,No internet service,No internet service,Month-to-month,No,Credit card (automatic),32.46,1339.14,No
C3424-6489,Female,0,No,No,72,Yes,Yes,Fiber optic,Yes,Yes,Yes,No,No,Yes,Two year,No,Electronic check,132.96,9593.08,No
C3425-9818,Male,0,Yes,No,25,Yes,Yes,DSL,No,Yes,Yes,No,Yes,No,Month-to-month,Yes,Bank transfer (automatic),97.95,2451.87,Yes
C3426-5320,Male,0,No,Yes,39,No,No phone service,No,No internet service,No internet service,No internet service,No internet service,No internet service,No internet service,One year,Yes,Bank transfer (automatic),23.73,896.62,No
C3427-8950,Male,0,Yes,Yes,55,Yes,Yes,DSL,No,Yes,Yes,Yes,Yes,No,Two year,No,Credit card (automatic),97.58,5371.22,No
C3428-8018,Male,0,No,No,38,Yes,No,Fiber optic,No,Yes,No,No,Yes,Yes,Month-to-month,No,Bank transfer (automatic),112.83,4273.47,No
C3429-3711,Male,0,Yes,No,3,Yes,Yes,No,No internet service,No internet service,No internet service,No internet service,No internet service,No internet service,Month-to-month,Yes,Bank transfer (automatic),57.74,196.95,No
C3430-3245,Female,0,No,No,3,Yes,No,DSL,No,No,Yes,No,No,Yes,Month-to-month,No,Bank transfer (automatic),72.98,206.54,No
C3431-7930,Female,0,Yes,No,23,Yes,Yes,DSL,No,Yes,No,No,Yes,Yes,Month-to-month,Yes,Credit card (automatic),100.07,2299.13,No
C3432-2867,Female,0,Yes,Yes,27,Yes,No,No,No internet service,No internet service,No internet service,No internet service,No internet service,No internet service,Month-to-month,No,Electronic check,37.9,1023.38,No
C3433-4031,Male,0,No,No,35,No,No phone service,DSL,No,No,Yes,No,Yes,Yes,One year,No,Electronic check,78.46,2758.42,Yes
C3434-3118,Female,0,Yes,No,7,Yes,Yes,Fiber optic,No,No,No,Yes,Yes,No,Month-to-month,Yes,Electronic check,104.19,757.96,Yes
C3435-6456,Male,0,No,No,44,Yes,No,DSL,No,No,No,No,No,Yes,Month-to-month,Yes,Bank transfer (automatic),67.78,2984.66,Yes
C3436-3646,Male,1,No,No,7,Yes,Yes,Fiber optic,No,No,Yes,No,No,Yes,One year,Yes,Mailed check,117.84,836.11,Yes
C3437-6925,Female,1,Yes,No,38,Yes,Yes,No,No internet service,No internet service,No internet service,No internet service,No internet service,No internet service,Month-to-month,Yes,Mailed check,44.69,1685.02,No
C3438-9412,Female,0,No,No,10,Yes,Yes,No,No internet service,No internet service,No internet service,No internet service,No internet service,No internet service,Month-to-month,Yes,Bank transfer (automatic),49.96,496.94,No
C3439-8465,Male,0,Yes,Yes,42,Yes,No,Fiber optic,Yes,Yes,Yes,No,No,Yes,Month-to-month,No,Bank transfer (automatic),122.08,5132.83,No
C3440-9530,Female,0,No,No,55,Yes,No,Fiber optic,Yes,Yes,Yes,No,No,No,Month-to-month,Yes,Bank transfer (automatic),110.7,6085.88,No
C3441-1220,Female,0,No,No,13,Yes,No,DSL,No,No,No,No,Yes,Yes,Month-to-month,Yes,Credit card (automatic),65.27,863.06,No
C3442-5098,Female,0,Yes,Yes,37,Yes,Yes,Fiber optic,No,No,No,No,Yes,Yes,Month-to-month,No,Bank transfer (automatic),115.33,4255.69,Yes
C3443-2981,Male,0,Yes,No,31,Yes,Yes,No,No internet service,No internet service,No internet service,No internet service,No internet service,No internet service,Two year,No,Bank transfer (automatic),40.76,1261.63,No
C3444-9259,Female,0,No,Yes,12,Yes,Yes,Fiber optic,Yes,No,No,No,No,Yes,One year,No,Electronic check,98.05,1160.73,No
C3445-7406,Male,1,No,No,7,Yes,No,Fiber optic,No,No,No,No,No,Yes,Two year,No,Credit card (automatic),108.9,776.48,No
C3446-3881,Female,0,Yes,Yes,44,Yes,Yes,DSL,No,No,No,Yes,No,Yes,One year,No,Electronic check,96.3,4242.88,No
C3447-6071,Male,0,Yes,Yes,72,Yes,Yes,Fiber optic,Yes,No,Yes,Yes,No,No,Two year,Yes,Credit card (automatic),107.36,7748.78,No
C3448-6448,Male,0,Yes,Yes,21,Yes,Yes,No,No internet service,No internet service,No internet service,No internet service,No internet service,No internet service,Month-to-month,Yes,Mailed check,27.29,564.98,No
C3449-5459,Female,1,No,Yes,3,Yes,No,Fiber optic,No,No,No,No,No,No,Month-to-month,Yes,Mailed check,86.1,303.92,Yes
C3450-5268,Male,0,No,No,1,Yes,Yes,Fiber optic,No,No,No,Yes,No,Yes,Month-to-month,No,Electronic check,123.39,128.73,Yes
C3451-1496,Female,1,Yes,No,29,Yes,Yes,Fiber optic,Yes,No,No,No,No,Yes,Month-to-month,Yes,Mailed check,102.14,2973.21,Yes
C3452-5071,Female,1,No,No,5,Yes,No,DSL,No,No,Yes,Yes,Yes,No,Two year,No,Mailed check,82.44,428.47,No
C3453-4134,Male,0,No,No,4,Yes,Yes,Fiber optic,No,Yes,No,Yes,No,No,Month-to-month,Yes,Credit card (automatic),101.26,405.13,No
C3454-8363,Female,0,No,No,12,Yes,No,DSL,Yes,No,No,No,Yes,No,Two year,Yes,Bank transfer (automatic),81.62,980.02,No
C3455-8785,Male,0,Yes,No,43,Yes,Yes,DSL,No,No,No,Yes,Yes,Yes,Month-to-month,Yes,Electronic check,93.16,4004.31,Yes
C3456-7752,Male,0,Yes,No,41,Yes,No,DSL,No,No,No,Yes,No,Yes,One year,Yes,Credit card (automatic),72.69,2994.23,No
C3457-1278,Female,0,Yes,Yes,45,Yes,No,Fiber optic,No,Yes,Yes,No,No,No,One year,Yes,Credit card (automatic),90.05,4045.9,No
C3458-8570,Female,0,No,No,17,No,No phone service,No,No internet service,No internet service,No internet service,No internet service,No internet service,No internet service,Month-to-month,Yes,Electronic check,19.9,342.89,No
C3459-4567,Male,0,Yes,Yes,18,Yes,No,DSL,Yes,Yes,Yes,No,Yes,Yes,One year,No,Credit card (automatic),106.88,1938.14,No
C3460-4746,Female,0,Yes,Yes,58,Yes,Yes,Fiber optic,No,Yes,No,Yes,Yes,Yes,One year,Yes,Mailed check,119.41,6936.83,No
C3461-9505,Female,0,No,No,20,No,No phone service,No,No internet service,No internet service,No internet service,No internet service,No internet service,No internet service,Month-to-month,No,Mailed check,23.11,421.47,Yes
C3462-8804,Female,0,No,No,7,No,No phone service,No,No internet service,No internet service,No internet service,No internet service,No internet service,No internet service,Month-to-month,Yes,Bank transfer (automatic),18.25,128.92,No
C3463-1457,Female,0,Yes,No,13,Yes,No,Fiber optic,Yes,No,Yes,Yes,Yes,Yes,One year,Yes,Credit card (automatic),139.05,1794.19,No
C3464-4238,Male,0,Yes,No,46,Yes,No,Fiber optic,No,Yes,Yes,No,No,Yes,One year,Yes,Mailed check,119.93,5512.99,No
C3465-7746,Female,0,Yes,No,36,Yes,Yes,DSL,No,Yes,No,No,Yes,No,Month-to-month,No,Electronic check,90.46,3273.36,Yes
C3466-5849,Male,0,Yes,No,23,Yes,Yes,Fiber optic,No,Yes,No,No,No,No,One year,Yes,Mailed check,103.65,2424.21,No
C3467-3318,Male,0,Yes,No,5,Yes,No,Fiber optic,No,No,No,No,Yes,Yes,Month-to-month,Yes,Electronic check,102.89,499.35,No
C3468-5722,Male,0,Yes,No,36,Yes,No,Fiber optic,No,Yes,Yes,No,No,No,Month-to-month,No,Bank transfer (automatic),102.07,3662.63,Yes
C3469-8798,Male,0,Yes,No,19,Yes,No,DSL,Yes,Yes,No,No,Yes,Yes,Month-to-month,No,Credit card (automatic),92.18,1754.17,No
C3470-3009,Male,0,No,No,7,Yes,No,DSL,No,No,Yes,Yes,No,No,Month-to-month,Yes,Electronic check,64.76,457.16,Yes
C3471-7713,Female,1,No,Yes,45,Yes,Yes,DSL,No,No,No,Yes,No,No,Month-to-month,No,Mailed check,93.93,4210.5,Yes
C3472-7612,Female,0,Yes,Yes,20,Yes,Yes,DSL,No,No,Yes,No,Yes,No,One year,No,Electronic check,77.57,1564.02,No
C3473-8970,Male,0,No,No,28,Yes,No,No,No internet service,No internet service,No internet service,No internet service,No internet service,No internet service,Two year,No,Credit card (automatic),48.64,1347.3,No
C3474-3681,Female,0,Yes,Yes,64,No,No phone service,DSL,No,Yes,Yes,No,No,No,Two year,Yes,Bank transfer (automatic),50.05,3177.28,No
C3475-2943,Male,0,No,No,34,Yes,No,DSL,No,No,Yes,No,No,Yes,Month-to-month,Yes,Mailed check,75.56,2550.55,No
C3476-5928,Female,1,No,No,43,Yes,Yes,Fiber optic,No,Yes,No,Yes,No,Yes,One year,No,Credit card (automatic),117.76,5077.35,No
C3477-5781,Male,1,No,No,26,Yes,Yes,DSL,No,Yes,Yes,No,No,Yes,Two year,Yes,Electronic check,94.81,2461.72,Yes
C3478-4685,Male,0,No,No,49,Yes,Yes,Fiber optic,Yes,No,No,No,Yes,Yes,Month-to-month,Yes,Electronic check,104.83,5099.97,Yes
C3479-8012,Female,0,Yes,Yes,8,Yes,Yes,DSL,Yes,No,Yes,Yes,No,Yes,Month-to-month,No,Electronic check,107.78,869.99,Yes
C3480-8190,Male,0,Yes,Yes,5,Yes,Yes,No,No internet service,No internet service,No internet service,No internet service,No internet service,No internet service,Month-to-month,Yes,Bank transfer (automatic),41.46,209.2,No
C3481-3211,Female,1,No,Yes,7,Yes,No,No,No internet service,No internet service,No internet service,No internet service,No internet service,No internet service,Month-to-month,No,Mailed check,42.53,317.53,No
C3482-8158,Female,0,Yes,No,18,Yes,No,Fiber optic,No,No,No,No,No,Yes,Two year,Yes,Bank transfer (automatic),110.37,1988.86,No
C3483-3076,Male,1,No,Yes,43,Yes,No,DSL,No,Yes,No,No,No,No,Month-to-month,Yes,Electronic check,71.72,3087.93,No
C3484-4668,Male,0,Yes,Yes,16,Yes,Yes,Fiber optic,No,Yes,No,No,No,No,Month-to-month,Yes,Electronic check,104.73,1670.27,No
C3485-1244,Male,0,Yes,No,42,Yes,No,Fiber optic,Yes,No,No,No,Yes,Yes,One year,No,Electronic check,99.92,4188.13,No
C3486-4063,Female,0,No,Yes,29,Yes,Yes,DSL,No,No,No,No,Yes,Yes,Two year,No,Credit card (automatic),87.27,2514.18,No
C3487-9625,Female,0,No,Yes,72,Yes,Yes,Fiber optic,Yes,Yes,No,No,Yes,Yes,Month-to-month,No,Mailed check,114.45,8220.65,No
C3488-4982,Female,0,No,Yes,29,Yes,Yes,DSL,No,No,No,No,No,No,One year,Yes,Bank transfer (automatic),71.56,2081.49,Yes
C3489-7389,Male,0,No,No,14,Yes,No,DSL,No,Yes,Yes,Yes,No,Yes,Month-to-month,Yes,Bank transfer (automatic),95.7,1322.77,No
C3490-1971,Female,0,No,Yes,38,Yes,Yes,Fiber optic,No,No,Yes,Yes,No,No,Month-to-month,Yes,Electronic check,100.0,3795.99,No
C3491-6719,Male,0,Yes,Yes,27,Yes,No,Fiber optic,Yes,No,No,Yes,No,No,Month-to-month,No,Electronic check,94.7,2584.63,No
C3492-4343,Male,0,No,No,8,Yes,No,Fiber optic,No,No,Yes,Yes,No,Yes,One year,No,Credit card (automatic),114.09,926.4,No
C3493-7695,Female,0,Yes,Yes,22,Yes,Yes,Fiber optic,No,No,Yes,Yes,Yes,No,Month-to-month,No,Bank transfer (automatic),114.98,2535.71,Yes
C3494-9351,Male,0,Yes,No,22,Yes,Yes,DSL,No,No,No,No,Yes,Yes,Month-to-month,No,Credit card (automatic),85.01,1877.17,No
C3495-5783,Female,0,No,No,23,Yes,No,DSL,No,No,No,Yes,No,Yes,Two year,Yes,Bank transfer (automatic),89.79,2054.43,No
C3496-1925,Female,1,Yes,Yes,9,Yes,No,DSL,No,No,No,Yes,No,Yes,Two year,No,Credit card (automatic),69.63,612.53,No
C3497-5284,Female,1,Yes,No,72,Yes,Yes,Fiber optic,No,Yes,Yes,Yes,No,Yes,Month-to-month,No,Mailed check,113.17,8162.37,No
C3498-2107,Male,0,Yes,Yes,5,Yes,No,DSL,Yes,Yes,Yes,No,Yes,Yes,Month-to-month,Yes,Electronic check,102.29,524.39,No
C3499-5045,Male,0,No,No,65,Yes,Yes,Fiber optic,Yes,Yes,No,Yes,No,No,Month-to-month,Yes,Mailed check,134.02,8680.96,No
C3500-1550,Male,0,No,No,25,Yes,No,Fiber optic,No,Yes,Yes,No,No,Yes,Month-to-month,Yes,Mailed check,113.47,2836.29,Yes
C3501-6763,Male,0,Yes,No,11,No,No phone service,No,No internet service,No internet service,No internet service,No internet service,No internet service,No internet service,Month-to-month,Yes,Mailed check,18.25,188.15,No
C3502-3793,Male,1,No,No,72,Yes,Yes,No,No internet service,No internet service,No internet service,No internet service,No internet service,No internet service,One year,No,Mailed check,48.21,3462.33,No
C3503-2813,Male,0,Yes,No,1,Yes,No,Fiber optic,No,No,No,No,Yes,Yes,Month-to-month,No,Bank transfer (automatic),98.63,81.54,Yes
C3504-1155,Male,0,No,Yes,11,Yes,No,No,No internet service,No internet service,No internet service,No internet service,No internet service,No internet service,Month-to-month,Yes,Electronic check,47.59,539.4,Yes
C3505-8991,Female,0,No,No,21,Yes,No,No,No internet service,No internet service,No internet service,No internet service,No internet service,No internet service,One year,No,Bank transfer (automatic),31.23,633.81,No
C3506-8533,Female,0,Yes,Yes,12,Yes,Yes,DSL,No,Yes,No,No,No,Yes,Month-to-month,Yes,Mailed check,84.28,980.19,Yes
C3507-8304,Male,1,No,No,23,Yes,Yes,Fiber optic,No,No,Yes,Yes,No,No,Month-to-month,Yes,Mailed check,122.45,2807.13,No
C3508-1523,Male,0,No,No,40,Yes,Yes,DSL,No,No,Yes,No,Yes,Yes,One year,Yes,Bank transfer (automatic),94.94,3830.36,No
C3509-4145,Male,1,Yes,No,7,Yes,No,No,No internet service,No internet service,No internet service,No internet service,No internet service,No internet service,Month-to-month,Yes,Credit card (automatic),43.96,325.83,No
C3510-9741,Male,0,Yes,Yes,31,Yes,Yes,Fiber optic,No,No,Yes,Yes,No,Yes,One year,No,Credit card (automatic),109.41,3417.07,No
C3511-6206,Male,0,No,No,43,Yes,No,DSL,No,No,No,No,Yes,No,Month-to-month,No,Credit card (automatic),66.6,2882.89,Yes
C3512-2156,Male,1,Yes,No,8,Yes,No,No,No internet service,No internet service,No internet service,No internet service,No internet service,No internet service,Month-to-month,Yes,Bank transfer (automatic),38.21,301.31,No
C3513-2269,Male,0,Yes,Yes,29,Yes,No,No,No internet service,No internet service,No internet service,No internet service,No internet service,No internet service,Month-to-month,Yes,Bank transfer (automatic),39.34,1139.67,Yes
C3514-3367,Female,0,No,No,22,Yes,No,Fiber optic,Yes,No,No,Yes,No,Yes,One year,Yes,Electronic check,106.41,2336.12,No
C3515-9750,Male,0,Yes,Yes,9,No,No phone service,Fiber optic,No,No,Yes,No,No,Yes,Month-to-month,No,Bank transfer (automatic),70.52,612.42,No
C3516-2526,Male,1,Yes,No,10,Yes,No,DSL,No,Yes,Yes,No,No,No,Two year,Yes,Electronic check,81.7,798.27,No
C3517-9125,Male,0,Yes,Yes,11,Yes,Yes,Fiber optic,No,Yes,No,No,Yes,No,Two year,No,Mailed check,110.88,1231.62,No
C3518-7101,Male,0,Yes,No,16,Yes,Yes,Fiber optic,No,Yes,No,No,No,No,Month-to-month,No,Credit card (automatic),111.23,1767.64,No
C3519-9296,Female,0,No,No,17,Yes,Yes,Fiber optic,Yes,No,No,Yes,No,Yes,Month-to-month,Yes,Electronic check,103.41,1759.21,No
C3520-8433,Female,0,No,No,67,Yes,Yes,Fiber optic,No,No,No,Yes,Yes,Yes,Month-to-month,No,Mailed check,108.09,7223.96,No
C3521-3989,Male,0,Yes,No,33,Yes,No,DSL,No,No,Yes,No,Yes,No,Two year,No,Electronic check,73.23,2410.46,No
C3522-8450,Male,0,No,No,33,Yes,No,Fiber optic,No,Yes,No,No,No,Yes,Month-to-month,No,Electronic check,84.3,2790.99,No
C3523-2522,Female,0,Yes,Yes,28,Yes,No,DSL,No,Yes,Yes,No,Yes,Yes,Month-to-month,Yes,Electronic check,96.99,2687.38,Yes
C3524-3618,Female,0,Yes,Yes,29,Yes,Yes,No,No internet service,No internet service,No internet service,No internet service,No internet service,No internet service,Month-to-month,Yes,Bank transfer (automatic),41.02,1189.08,No
C3525-2905,Male,0,No,No,35,Yes,No,Fiber optic,No,Yes,Yes,No,Yes,Yes,Month-to-month,Yes,Electronic check,111.37,3908.05,Yes
C3526-2198,Female,1,Yes,No,8,Yes,No,DSL,No,No,Yes,No,No,No,Month-to-month,Yes,Bank transfer (automatic),71.88,574.52,Yes
C3527-1809,Male,0,No,No,23,Yes,No,DSL,No,Yes,Yes,No,Yes,No,Month-to-month,Yes,Mailed check,76.28,1738.13,Yes
C3528-2686,Female,0,Yes,No,11,Yes,Yes,No,No internet service,No internet service,No internet service,No internet service,No internet service,No internet service,One year,Yes,Electronic check,42.61,469.43,Yes
C3529-2080,Female,0,No,No,51,Yes,No,No,No internet service,No internet service,No internet service,No internet service,No internet service,No internet service,Month-to-month,No,Mailed check,44.76,2259.57,No
C3530-4423,Male,0,No,No,15,Yes,No,No,No internet service,No internet service,No internet service,No internet service,No internet service,No internet service,One year,Yes,Electronic check,24.22,360.28,No
C3531-1641,Male,0,Yes,Yes,36,Yes,No,Fiber optic,Yes,No,No,No,No,Yes,Month-to-month,Yes,Credit card (automatic),94.95,3401.98,No
C3532-1551,Male,0,No,No,41,Yes,No,Fiber optic,No,Yes,Yes,No,Yes,Yes,Month-to-month,Yes,Bank transfer (automatic),118.79,4858.14,No
C3533-9907,Male,0,Yes,No,31,Yes,No,Fiber optic,Yes,No,No,No,No,No,Two year,No,Electronic check,109.09,3413.6,No
C3534-1789,Female,0,Yes,Yes,28,Yes,Yes,DSL,No,Yes,Yes,No,No,Yes,One year,Yes,Electronic check,100.65,2837.93,Yes
C3535-1666,Male,0,Yes,No,25,Yes,Yes,DSL,No,No,Yes,No,No,Yes,One year,Yes,Credit card (automatic),87.59,2197.53,No
C3536-1270,Male,0,No,Yes,42,Yes,No,Fiber optic,No,No,Yes,No,Yes,No,Month-to-month,No,Credit card (automatic),115.26,4847.4,No
C3537-2192,Male,0,No,No,12,Yes,No,Fiber optic,Yes,No,Yes,Yes,Yes,No,One year,No,Mailed check,108.82,1313.22,No
C3538-5750,Female,0,No,No,33,Yes,Yes,Fiber optic,Yes,No,No,No,No,Yes,One year,Yes,Bank transfer (automatic),118.18,3899.48,No
C3539-8444,Male,0,No,No,3,Yes,Yes,DSL,Yes,Yes,No,Yes,Yes,No,Two year,Yes,Bank transfer (automatic),105.1,311.45,No
C3540-7613,Female,0,Yes,Yes,14,Yes,No,Fiber optic,Yes,No,No,Yes,Yes,No,One year,Yes,Electronic check,116.39,1619.32,No
C3541-6221,Male,0,No,No,16,Yes,No,Fiber optic,Yes,No,Yes,No,Yes,No,Month-to-month,Yes,Mailed check,125.43,2007.99,Yes
C3542-1765,Male,0,No,No,6,No,No phone service,No,No internet service,No internet service,No internet service,No internet service,No internet service,No internet service,Two year,Yes,Electronic check,18.25,88.96,No
C3543-7968,Female,0,No,Yes,28,No,No phone service,Fiber optic,Yes,Yes,Yes,No,No,No,Month-to-month,No,Credit card (automatic),86.29,2418.34,No
C3544-1335,Male,1,No,No,13,Yes,No,DSL,No,Yes,No,No,Yes,Yes,Month-to-month,Yes,Electronic check,85.06,1126.41,No
C3545-6677,Male,0,No,No,59,Yes,Yes,DSL,No,No,Yes,No,Yes,No,One year,No,Bank transfer (automatic),96.14,5682.81,No
C3546-4683,Male,0,Yes,Yes,20,Yes,Yes,Fiber optic,Yes,No,No,No,Yes,Yes,Month-to-month,Yes,Mailed check,105.5,2112.37,Yes
C3547-8938,Male,0,No,No,40,No,No phone service,DSL,No,Yes,Yes,Yes,Yes,Yes,Month-to-month,Yes,Mailed check,88.85,3527.13,No
C3548-3767,Male,0,No,Yes,52,Yes,Yes,No,No internet service,No internet service,No internet service,No internet service,No internet service,No internet service,Month-to-month,Yes,Electronic check,27.95,1445.02,No
C3549-6745,Female,0,No,No,36,Yes,No,Fiber optic,No,No,No,No,Yes,No,Month-to-month,Yes,Electronic check,98.23,3576.34,Yes
C3550-4959,Male,0,Yes,No,18,Yes,No,Fiber optic,Yes,No,Yes,No,No,Yes,Two year,Yes,Bank transfer (automatic),100.55,1813.11,No
C3551-5698,Male,0,Yes,No,25,Yes,No,Fiber optic,Yes,Yes,No,No,No,No,One year,No,Credit card (automatic),99.51,2472.23,No
C3552-9448,Female,0,No,No,6,Yes,No,DSL,Yes,No,Yes,No,Yes,Yes,One year,Yes,Credit card (automatic),89.3,537.49,No
C3553-7414,Female,0,No,No,40,Yes,Yes,No,No internet service,No internet service,No internet service,No internet service,No internet service,No internet service,Two year,No,Electronic check,47.75,1915.29,No
C3554-4730,Female,0,No,No,49,No,No phone service,Fiber optic,No,No,No,No,Yes,Yes,Month-to-month,No,Electronic check,83.19,4076.32,No
C3555-5026,Male,0,No,No,17,Yes,Yes,Fiber optic,Yes,Yes,No,No,Yes,Yes,One year,Yes,Electronic check,134.78,2295.16,No
C3556-7340,Female,1,No,Yes,18,Yes,No,Fiber optic,No,No,Yes,No,No,No,Month-to-month,Yes,Mailed check,84.91,1515.14,No
C3557-4114,Male,0,No,No,51,Yes,Yes,Fiber optic,Yes,No,Yes,No,No,Yes,One year,No,Credit card (automatic),117.41,6017.77,No
C3558-2510,Male,0,Yes,Yes,7,Yes,No,Fiber optic,No,Yes,Yes,No,No,No,One year,Yes,Electronic check,103.7,722.34,No
C3559-5208,Female,1,Yes,No,13,Yes,No,Fiber optic,No,No,Yes,No,No,Yes,Two year,Yes,Mailed check,98.95,1285.71,No
C3560-1613,Male,0,No,Yes,14,Yes,No,No,No internet service,No internet service,No internet service,No internet service,No internet service,No internet service,One year,Yes,Credit card (automatic),38.42,531.78,No
C3561-2527,Male,0,Yes,No,3,Yes,No,Fiber optic,No,No,No,Yes,No,Yes,Month-to-month,No,Electronic check,99.87,326.0,Yes
C3562-4785,Male,0,Yes,Yes,34,Yes,No,DSL,No,Yes,No,No,No,No,One year,Yes,Electronic check,84.31,2860.84,Yes
C3563-8168,Male,0,No,No,17,No,No phone service,Fiber optic,No,Yes,No,Yes,No,Yes,Month-to-month,Yes,Electronic check,95.14,1603.68,No
C3564-8031,Female,1,Yes,Yes,17,Yes,Yes,Fiber optic,No,Yes,No,Yes,Yes,Yes,Month-to-month,Yes,Bank transfer (automatic),128.29,2193.11,No
C3565-3346,Female,1,No,No,27,Yes,No,DSL,No,No,No,Yes,Yes,No,Month-to-month,Yes,Electronic check,96.87,2599.14,Yes
C3566-4796,Female,0,Yes,Yes,5,Yes,No,Fiber optic,No,Yes,Yes,No,No,Yes,Month-to-month,No,Bank transfer (automatic),107.51,513.54,Yes
C3567-2381,Female,0,No,No,23,Yes,No,Fiber optic,No,Yes,Yes,No,Yes,No,One year,Yes,Bank transfer (automatic),115.11,2642.38,No
C3568-7796,Male,0,Yes,No,5,Yes,No,Fiber optic,No,No,No,No,No,No,Month-to-month,Yes,Electronic check,82.51,409.11,Yes
C3569-3216,Female,1,No,No,34,Yes,No,DSL,Yes,No,No,Yes,No,Yes,Month-to-month,No,Bank transfer (automatic),85.55,2931.75,No
C3570-8194,Male,0,No,No,56,Yes,No,DSL,No,Yes,No,No,No,No,Month-to-month,No,Electronic check,69.33,3861.64,No
C3571-8577,Male,0,Yes,Yes,40,Yes,No,Fiber optic,Yes,No,No,No,No,No,Month-to-month,No,Credit card (automatic),95.5,3816.39,Yes
C3572-7201,Female,0,Yes,Yes,14,Yes,Yes,DSL,Yes,No,No,Yes,No,Yes,Month-to-month,Yes,Bank transfer (automatic),99.92,1390.3,No
C3573-3971,Male,0,Yes,Yes,37,Yes,Yes,No,No internet service,No internet service,No internet service,No internet service,No internet service,No internet service,One year,Yes,Credit card (automatic),45.69,1669.85,No
C3574-9575,Female,0,Yes,No,20,Yes,Yes,Fiber optic,No,No,Yes,No,No,Yes,One year,No,Electronic check,112.62,2237.45,No
C3575-7173,Male,1,Yes,No,26,No,No phone service,DSL,No,No,Yes,No,No,No,Month-to-month,No,Electronic check,46.81,1225.61,Yes
C3576-6811,Female,0,Yes,Yes,35,No,No phone service,Fiber optic,No,No,Yes,Yes,No,No,Month-to-month,Yes,Bank transfer (automatic),72.74,2574.87,No
C3577-8706,Female,0,No,No,0,Yes,Yes,No,No internet service,No internet service,No internet service,No internet service,No internet service,No internet service,Month-to-month,Yes,Electronic check,44.48,,No
C3578-8932,Female,0,Yes,Yes,4,Yes,Yes,Fiber optic,No,Yes,Yes,No,No,No,One year,No,Credit card (automatic),103.88,439.41,Yes
C3579-1699,Male,1,Yes,No,21,Yes,No,Fiber optic,No,No,Yes,Yes,Yes,No,Month-to-month,Yes,Electronic check,117.02,2408.02,Yes
C3580-8933,Female,0,Yes,Yes,11,Yes,No,Fiber optic,No,Yes,Yes,No,Yes,Yes,Month-to-month,No,Mailed check,118.23,1296.59,Yes
C3581-7884,Male,0,Yes,No,24,Yes,No,DSL,No,No,Yes,Yes,No,No,Month-to-month,Yes,Bank transfer (automatic),76.41,1832.25,No
C3582-2858,Female,0,No,No,27,Yes,No,Fiber optic,No,No,Yes,No,Yes,No,Month-to-month,No,Bank transfer (automatic),103.21,2804.71,Yes
C3583-3768,Female,0,No,No,15,No,No phone service,DSL,No,Yes,No,No,Yes,No,Month-to-month,No,Bank transfer (automatic),58.76,921.0,No
C3584-7773,Male,0,No,No,18,Yes,Yes,Fiber optic,No,Yes,No,No,Yes,No,One year,No,Bank transfer (automatic),100.37,1814.1,No
C3585-2949,Male,1,No,No,9,Yes,No,DSL,No,Yes,Yes,No,Yes,No,Month-to-month,Yes,Electronic check,83.96,751.38,Yes
C3586-5071,Female,0,Yes,No,30,Yes,No,Fiber optic,No,No,Yes,No,Yes,Yes,One year,No,Credit card (automatic),107.69,3220.02,No
C3587-7199,Female,0,Yes,No,44,Yes,No,No,No internet service,No internet service,No internet service,No internet service,No internet service,No internet service,Month-to-month,Yes,Mailed check,44.19,1940.84,No
C3588-6853,Female,0,No,No,5,Yes,No,Fiber optic,No,No,Yes,Yes,No,No,Month-to-month,Yes,Electronic check,89.3,423.42,Yes
C3589-9187,Male,1,Yes,No,42,Yes,Yes,DSL,Yes,Yes,Yes,No,Yes,No,Month-to-month,No,Electronic check,97.51,4070.72,No
C3590-2003,Female,0,No,No,33,Yes,No,Fiber optic,No,No,Yes,Yes,Yes,Yes,Month-to-month,No,Mailed check,124.74,4121.04,Yes
C3591-3654,Female,0,No,No,40,Yes,Yes,DSL,No,Yes,Yes,Yes,No,No,Month-to-month,No,Bank transfer (automatic),91.19,3643.1,No
C3592-9862,Male,0,No,No,57,Yes,No,Fiber optic,No,Yes,No,Yes,No,No,Month-to-month,Yes,Electronic check,108.89,6197.37,No
C3593-6118,Female,1,No,No,15,Yes,Yes,Fiber optic,No,Yes,Yes,No,No,No,One year,Yes,Electronic check,113.48,1723.41,No
C3594-3238,Female,1,No,No,51,Yes,Yes,DSL,Yes,No,Yes,No,No,No,Two year,No,Electronic check,93.35,4816.17,Yes
C3595-3608,Male,0,Yes,Yes,57,Yes,No,Fiber optic,No,No,No,No,No,Yes,Two year,No,Electronic check,92.95,5289.4,No
C3596-4052,Female,0,Yes,Yes,6,Yes,No,Fiber optic,No,Yes,Yes,No,No,No,Month-to-month,No,Credit card (automatic),90.39,526.14,Yes
C3597-5988,Female,0,No,No,27,Yes,No,No,No internet service,No internet service,No internet service,No internet service,No internet service,No internet service,Month-to-month,Yes,Credit card (automatic),36.69,1011.47,No
C3598-3560,Female,0,No,Yes,26,No,No phone service,DSL,Yes,Yes,No,No,No,No,Month-to-month,Yes,Mailed check,63.05,1620.32,Yes
C3599-6596,Male,0,Yes,No,60,Yes,No,Fiber optic,No,Yes,Yes,Yes,Yes,Yes,Month-to-month,Yes,Bank transfer (automatic),132.04,7906.32,No
C3600-5006,Male,1,Yes,Yes,72,Yes,Yes,No,No internet service,No internet service,No internet service,No internet service,No internet service,No internet service,Month-to-month,Yes,Electronic check,39.02,2819.12,Yes
C3601-6492,Male,0,Yes,No,40,Yes,Yes,DSL,No,No,Yes,No,No,No,Month-to-month,No,Electronic check,77.37,3106.35,Yes
C3602-2395,Male,0,No,No,72,Yes,No,Fiber optic,No,Yes,Yes,Yes,Yes,No,One year,No,Electronic check,112.96,8132.34,No
C3603-6611,Female,0,Yes,Yes,12,Yes,No,Fiber optic,No,No,Yes,No,Yes,No,Month-to-month,No,Electronic check,115.23,1381.55,Yes
C3604-9321,Female,0,Yes,No,37,Yes,No,DSL,No,No,No,No,No,No,Month-to-month,No,Electronic check,63.93,2396.54,No
C3605-2215,Female,0,Yes,Yes,23,Yes,No,No,No internet service,No internet service,No internet service,No internet service,No internet service,No internet service,One year,No,Electronic check,40.39,925.36,No
C3606-3946,Female,0,No,No,35,Yes,No,No,No internet service,No internet service,No internet service,No internet service,No internet service,No internet service,Two year,No,Electronic check,39.6,1406.91,No
C3607-7241,Male,0,No,No,41,Yes,No,Fiber optic,No,No,No,Yes,Yes,Yes,Month-to-month,Yes,Credit card (automatic),91.23,3746.65,Yes
C3608-6556,Female,0,No,No,46,Yes,No,Fiber optic,No,No,No,No,Yes,Yes,Month-to-month,Yes,Electronic check,104.28,4824.17,No
C3609-7072,Male,0,No,No,18,Yes,Yes,Fiber optic,No,Yes,Yes,No,Yes,Yes,Month-to-month,Yes,Bank transfer (automatic),122.88,2196.32,No
C3610-6035,Male,0,Yes,Yes,21,Yes,No,DSL,No,No,No,No,Yes,Yes,Month-to-month,No,Credit card (automatic),70.55,1478.99,No
C3611-7142,Female,0,No,No,44,Yes,No,No,No internet service,No internet service,No internet service,No internet service,No internet service,No internet service,Month-to-month,No,Electronic check,55.17,2414.77,Yes
C3612-6483,Male,0,No,No,31,Yes,Yes,Fiber optic,No,Yes,No,No,Yes,Yes,One year,Yes,Credit card (automatic),128.9,3976.57,No
C3613-1666,Male,0,Yes,No,13,Yes,Yes,Fiber optic,No,No,No,Yes,Yes,No,One year,Yes,Credit card (automatic),112.47,1487.64,No
C3614-7760,Female,0,No,No,22,Yes,Yes,No,No internet service,No internet service,No internet service,No internet service,No internet service,No internet service,Two year,No,Electronic check,47.23,1039.34,No
C3615-5021,Female,0,No,No,53,Yes,No,Fiber optic,No,Yes,Yes,No,Yes,No,Month-to-month,Yes,Credit card (automatic),121.17,6405.51,Yes
C3616-1463,Female,0,Yes,No,10,Yes,Yes,DSL,No,No,Yes,No,Yes,Yes,Two year,Yes,Mailed check,103.01,1026.91,No
C3617-4680,Male,0,Yes,Yes,24,Yes,Yes,DSL,No,Yes,No,Yes,Yes,No,Month-to-month,Yes,Mailed check,91.63,2168.06,No
C3618-4916,Male,0,No,No,7,No,No phone service,No,No internet service,No internet service,No internet service,No internet service,No internet service,No internet service,Month-to-month,Yes,Credit card (automatic),19.12,131.4,No
C3619-1780,Female,1,Yes,No,57,No,No phone service,Fiber optic,No,No,Yes,Yes,No,Yes,Month-to-month,No,Electronic check,94.22,5382.38,No
C3620-9963,Male,0,No,No,72,No,No phone service,Fiber optic,No,No,No,No,Yes,Yes,Month-to-month,Yes,Credit card (automatic),76.59,5541.23,Yes
C3621-3001,Female,0,Yes,Yes,68,Yes,No,Fiber optic,No,No,Yes,No,Yes,No,Two year,Yes,Electronic check,122.38,8272.24,No
C3622-3975,Female,0,No,No,15,Yes,No,Fiber optic,No,Yes,No,No,Yes,No,Month-to-month,No,Electronic check,108.69,1620.21,Yes
C3623-4968,Female,0,No,No,15,Yes,Yes,Fiber optic,Yes,No,No,Yes,No,No,Month-to-month,No,Bank transfer (automatic),106.44,1605.55,No
C3624-8491,Female,0,No,Yes,55,Yes,No,No,No internet service,No internet service,No internet service,No internet service,No internet service,No internet service,One year,Yes,Electronic check,74.68,4114.84,No
C3625-7685,Female,0,Yes,Yes,50,Yes,Yes,DSL,Yes,No,No,No,No,No,Month-to-month,No,Bank transfer (automatic),76.14,3796.32,No
C3626-7937,Female,0,No,No,25,Yes,No,DSL,Yes,Yes,No,No,Yes,Yes,One year,No,Electronic check,101.41,2537.23,No
C3627-3133,Female,0,No,No,9,Yes,No,No,No internet service,No internet service,No internet service,No internet service,No internet service,No internet service,Two year,No,Electronic check,34.2,300.97,No
C3628-8608,Male,0,No,No,25,Yes,No,DSL,Yes,No,Yes,No,Yes,Yes,Month-to-month,No,Mailed check,89.38,2235.26,Yes
C3629-8466,Female,0,No,No,22,No,No phone service,No,No internet service,No internet service,No internet service,No internet service,No internet service,No internet service,Month-to-month,Yes,Credit card (automatic),21.59,498.81,No
C3630-5174,Male,0,No,No,72,Yes,No,No,No internet service,No internet service,No internet service,No internet service,No internet service,No internet service,Month-to-month,No,Electronic check,39.14,2833.07,Yes
C3631-5911,Male,1,No,No,41,Yes,No,Fiber optic,Yes,Yes,No,No,No,No,Two year,No,Electronic check,102.5,4183.84,Yes
C3632-1334,Male,0,Yes,No,4,Yes,Yes,DSL,No,No,Yes,No,Yes,Yes,One year,Yes,Mailed check,95.99,368.24,Yes
C3633-7843,Female,0,Yes,Yes,42,Yes,Yes,DSL,No,Yes,No,No,Yes,Yes,Two year,Yes,Electronic check,101.56,4276.7,No
C3634-9647,Male,0,No,No,57,Yes,No,DSL,No,No,Yes,No,No,Yes,One year,Yes,Mailed check,89.15,5057.23,No
C3635-5252,Female,0,Yes,Yes,51,Yes,No,Fiber optic,Yes,No,No,No,No,Yes,Month-to-month,Yes,Electronic check,128.58,6563.17,No
C3636-5863,Female,0,No,No,49,Yes,Yes,No,No internet service,No internet service,No internet service,No internet service,No internet service,No internet service,One year,No,Credit card (automatic),55.48,2730.87,No
C3637-5492,Male,0,Yes,Yes,31,Yes,No,Fiber optic,No,No,Yes,Yes,Yes,No,One year,Yes,Electronic check,107.14,3312.58,No
C3638-1743,Female,0,Yes,No,21,Yes,Yes,DSL,No,Yes,No,No,Yes,Yes,Month-to-month,Yes,Credit card (automatic),88.91,1865.35,Yes
C3639-6576,Male,0,No,No,8,Yes,Yes,DSL,No,No,No,No,Yes,No,One year,No,Credit card (automatic),87.3,713.98,Yes
C3640-7492,Female,1,Yes,Yes,72,Yes,Yes,Fiber optic,Yes,No,No,No,No,Yes,One year,Yes,Electronic check,108.18,7832.24,Yes
C3641-9350,Male,0,No,No,38,No,No phone service,DSL,Yes,Yes,No,No,No,No,Two year,No,Bank transfer (automatic),52.91,2021.55,No
C3642-9367,Male,0,No,No,16,Yes,Yes,Fiber optic,No,No,No,No,No,No,One year,No,Credit card (automatic),85.94,1377.64,No
C3643-5425,Male,0,Yes,Yes,28,Yes,No,DSL,No,No,Yes,No,Yes,No,One year,No,Credit card (automatic),77.43,2146.28,No
C3644-9629,Male,1,Yes,Yes,8,Yes,Yes,Fiber optic,Yes,Yes,No,No,Yes,No,Two year,Yes,Bank transfer (automatic),104.99,803.73,No
C3645-5757,Male,0,Yes,No,28,Yes,No,No,No internet service,No internet service,No internet service,No internet service,No internet service,No internet service,Month-to-month,Yes,Mailed check,43.24,1204.49,No
C3646-6777,Female,1,No,No,63,Yes,No,Fiber optic,No,No,Yes,No,No,Yes,One year,Yes,Bank transfer (automatic),92.37,5837.16,No
C3647-6417,Female,1,Yes,Yes,43,Yes,Yes,No,No internet service,No internet service,No internet service,No internet service,No internet service,No internet service,Two year,Yes,Bank transfer (automatic),52.97,2284.59,No
C3648-9987,Female,0,No,No,56,Yes,No,No,No internet service,No internet service,No internet service,No internet service,No internet service,No internet service,One year,Yes,Credit card (automatic),48.91,2752.54,No
C3649-7636,Male,0,No,Yes,53,No,No phone service,DSL,Yes,Yes,Yes,No,Yes,No,Two year,Yes,Electronic check,71.65,3802.93,No
C3650-2079,Male,0,Yes,Yes,36,Yes,No,DSL,No,Yes,Yes,Yes,Yes,Yes,Month-to-month,Yes,Credit card (automatic),84.2,3040.63,No
C3651-1646,Male,0,No,No,23,Yes,Yes,No,No internet service,No internet service,No internet service,No internet service,No internet service,No internet service,Month-to-month,Yes,Mailed check,60.71,1391.16,No
C3652-4688,Male,0,Yes,Yes,19,Yes,No,Fiber optic,No,Yes,Yes,No,No,No,Month-to-month,Yes,Mailed check,102.39,1961.07,No
C3653-5640,Female,0,No,No,72,Yes,Yes,No,No internet service,No internet service,No internet service,No internet service,No internet service,No internet service,Month-to-month,No,Credit card (automatic),52.81,3821.62,No
C3654-7016,Male,0,Yes,Yes,40,Yes,Yes,DSL,Yes,No,No,No,Yes,No,One year,Yes,Mailed check,76.91,3082.31,No
C3655-5333,Male,1,No,Yes,37,Yes,Yes,No,No internet service,No internet service,No internet service,No internet service,No internet service,No internet service,Month-to-month,Yes,Bank transfer (automatic),58.52,2167.03,No
C3656-5631,Female,1,Yes,No,39,Yes,Yes,No,No internet service,No internet service,No internet service,No internet service,No internet service,No internet service,Month-to-month,No,Electronic check,28.57,1079.1,No
C3657-9294,Female,0,No,No,20,Yes,Yes,DSL,No,No,No,Yes,No,No,One year,Yes,Mailed check,67.98,1357.59,No
C3658-4013,Male,0,Yes,Yes,36,Yes,No,DSL,No,No,Yes,No,Yes,Yes,One year,Yes,Electronic check,97.07,3492.47,No
C3659-5441,Female,0,No,No,14,Yes,No,Fiber optic,No,No,Yes,Yes,No,Yes,Month-to-month,No,Bank transfer (automatic),100.05,1404.25,No
C3660-6015,Male,0,No,No,17,Yes,Yes,Fiber optic,No,Yes,No,No,Yes,Yes,Month-to-month,No,Electronic check,124.24,2136.7,Yes
C3661-5214,Male,0,No,No,44,Yes,Yes,DSL,No,No,Yes,No,No,No,One year,Yes,Mailed check,84.99,3737.96,No
C3662-9712,Male,0,No,No,38,Yes,Yes,DSL,Yes,No,Yes,No,No,Yes,Month-to-month,Yes,Bank transfer (automatic),100.18,3853.56,Yes
C3663-9658,Male,1,Yes,No,11,Yes,Yes,No,No internet service,No internet service,No internet service,No internet service,No internet service,No internet service,One year,Yes,Mailed check,56.08,616.85,No
C3664-5617,Male,0,Yes,No,11,Yes,No,DSL,Yes,No,Yes,Yes,Yes,Yes,One year,No,Bank transfer (automatic),91.48,1020.62,No
C3665-5054,Male,0,Yes,No,52,Yes,Yes,No,No internet service,No internet service,No internet service,No internet service,No internet service,No internet service,One year,No,Bank transfer (automatic),60.28,3134.43,No
C3666-6300,Male,0,No,No,15,Yes,No,DSL,Yes,No,No,No,Yes,No,Month-to-month,Yes,Electronic check,78.1,1146.3,Yes
C3667-2627,Female,0,Yes,Yes,25,Yes,No,No,No internet service,No internet service,No internet service,No internet service,No internet service,No internet service,One year,No,Electronic check,44.25,1107.3,No
C3668-4833,Male,0,Yes,No,1,Yes,No,DSL,Yes,No,No,No,No,No,Month-to-month,No,Bank transfer (automatic),86.85,73.28,Yes
C3669-2952,Male,0,No,Yes,9,Yes,No,DSL,Yes,No,Yes,No,No,Yes,Two year,No,Mailed check,87.13,803.05,No
C3670-2296,Male,0,Yes,Yes,16,Yes,No,No,No internet service,No internet service,No internet service,No internet service,No internet service,No internet service,Month-to-month,Yes,Bank transfer (automatic),58.6,934.12,No
C3671-1856,Female,0,No,No,18,Yes,No,DSL,No,Yes,No,No,Yes,Yes,Month-to-month,No,Credit card (automatic),69.99,1242.12,No
C3672-6283,Female,0,Yes,Yes,37,Yes,No,DSL,No,Yes,No,No,No,No,One year,No,Bank transfer (automatic),86.96,3236.41,Yes
C3673-1005,Male,0,Yes,No,4,Yes,No,Fiber optic,No,No,No,Yes,Yes,No,Month-to-month,Yes,Bank transfer (automatic),98.49,407.93,Yes
C3674-6814,Female,0,No,No,72,Yes,No,Fiber optic,Yes,No,No,No,Yes,Yes,Month-to-month,No,Mailed check,99.45,7187.52,No
C3675-4887,Female,0,No,No,44,Yes,No,Fiber optic,Yes,Yes,No,Yes,No,No,Month-to-month,No,Credit card (automatic),131.88,5818.05,No
C3676-4297,Male,0,No,No,17,Yes,No,DSL,No,Yes,No,Yes,Yes,Yes,Two year,No,Electronic check,82.9,1415.2,Yes
C3677-7922,Female,0,Yes,No,32,Yes,No,No,No internet service,No internet service,No internet service,No internet service,No internet service,No internet service,Month-to-month,Yes,Credit card (automatic),30.23,971.93,No
C3678-5848,Male,0,Yes,Yes,31,Yes,Yes,DSL,No,Yes,No,Yes,No,Yes,Month-to-month,Yes,Credit card (automatic),102.29,3178.89,No
C3679-7600,Female,0,Yes,Yes,3,Yes,No,No,No internet service,No internet service,No internet service,No internet service,No internet service,No internet service,Month-to-month,No,Mailed check,45.58,108.15,Yes
C3680-7384,Female,0,Yes,Yes,65,Yes,Yes,Fiber optic,No,Yes,No,No,Yes,No,One year,No,Electronic check,108.3,7021.6,Yes
C3681-1289,Male,1,No,No,14,Yes,No,DSL,Yes,Yes,No,No,No,Yes,One year,Yes,Electronic check,76.14,1063.63,No
C3682-2939,Female,1,Yes,Yes,20,Yes,No,Fiber optic,No,Yes,No,No,Yes,Yes,Month-to-month,Yes,Credit card (automatic),106.85,2133.77,No
C3683-6129,Male,0,No,No,18,Yes,Yes,Fiber optic,No,No,Yes,No,No,No,Month-to-month,Yes,Mailed check,100.54,1790.95,No
C3684-9778,Male,0,No,Yes,27,Yes,No,Fiber optic,No,Yes,No,Yes,Yes,No,One year,Yes,Mailed check,99.83,2647.08,No
C3685-2388,Female,0,Yes,No,41,Yes,No,Fiber optic,Yes,Yes,No,No,No,Yes,Month-to-month,Yes,Bank transfer (automatic),104.7,4292.65,No
C3686-1949,Male,1,No,No,35,Yes,Yes,Fiber optic,Yes,Yes,No,No,Yes,Yes,Two year,Yes,Electronic check,134.28,4695.48,No
C3687-9468,Female,0,Yes,No,11,Yes,No,Fiber optic,No,No,No,No,Yes,No,Month-to-month,No,Credit card (automatic),100.38,1084.57,No
C3688-9700,Male,0,No,Yes,16,Yes,No,DSL,Yes,No,Yes,No,No,Yes,Month-to-month,Yes,Bank transfer (automatic),92.45,1461.9,Yes
C3689-2506,Female,0,Yes,Yes,47,Yes,Yes,Fiber optic,No,Yes,No,Yes,Yes,No,Month-to-month,No,Electronic check,113.31,5316.16,No
C3690-4614,Female,1,No,No,55,Yes,Yes,Fiber optic,Yes,No,No,Yes,Yes,Yes,One year,Yes,Bank transfer (automatic),116.37,6371.27,No
C3691-6639,Female,0,Yes,No,7,Yes,No,No,No internet service,No internet service,No internet service,No internet service,No internet service,No internet service,Month-to-month,Yes,Mailed check,51.49,399.07,No
C3692-2756,Male,0,Yes,Yes,6,Yes,No,No,No internet service,No internet service,No internet service,No internet service,No internet service,No internet service,Month-to-month,Yes,Mailed check,32.6,196.81,No
C3693-3935,Female,0,Yes,No,72,Yes,No,DSL,No,No,Yes,Yes,No,No,Month-to-month,Yes,Electronic check,69.27,4972.64,No
C3694-4557,Male,0,Yes,Yes,8,Yes,No,Fiber optic,No,No,Yes,No,Yes,No,Month-to-month,No,Credit card (automatic),104.75,867.72,No
C3695-6773,Female,0,No,No,13,Yes,No,Fiber optic,No,Yes,Yes,No,No,Yes,Month-to-month,Yes,Bank transfer (automatic),108.86,1417.09,No
C3696-3772,Female,0,Yes,Yes,20,Yes,Yes,Fiber optic,No,No,No,No,No,Yes,Month-to-month,No,Bank transfer (automatic),97.6,1928.18,No
C3697-4709,Male,1,No,No,12,Yes,No,DSL,No,Yes,Yes,No,Yes,Yes,One year,Yes,Credit card (automatic),84.33,984.63,No
C3698-3605,Female,0,No,No,13,Yes,No,No,No internet service,No internet service,No internet service,No internet service,No internet service,No internet service,Month-to-month,Yes,Credit card (automatic),28.91,397.04,No
C3699-7836,Female,0,Yes,Yes,13,Yes,No,DSL,No,Yes,No,No,No,Yes,Month-to-month,Yes,Credit card (automatic),82.03,1058.91,No
C3700-2377,Male,0,Yes,No,29,Yes,No,No,No internet service,No internet service,No internet service,No internet service,No internet service,No internet service,Two year,Yes,Electronic check,31.03,877.71,No
C3701-3075,Male,0,Yes,Yes,5,Yes,Yes,Fiber optic,No,No,No,No,No,No,One year,Yes,Electronic check,107.21,520.02,No
C3702-3249,Female,0,No,No,47,Yes,Yes,DSL,No,Yes,No,No,No,No,Two year,No,Electronic check,87.55,4095.39,No
C3703-9151,Male,0,Yes,No,6,Yes,No,Fiber optic,No,No,Yes,Yes,Yes,Yes,Month-to-month,No,Electronic check,117.66,721.18,No
C3704-9499,Male,0,No,No,71,Yes,No,Fiber optic,No,No,Yes,No,Yes,No,Month-to-month,Yes,Electronic check,102.8,7295.68,No
C3705-5501,Female,0,Yes,Yes,17,Yes,No,DSL,Yes,No,Yes,No,Yes,No,Month-to-month,Yes,Bank transfer (automatic),98.23,1664.69,No
C3706-2407,Male,0,Yes,No,15,Yes,No,Fiber optic,Yes,No,Yes,Yes,Yes,Yes,Two year,Yes,Electronic check,134.46,2033.24,No
C3707-7804,Male,0,Yes,Yes,3,Yes,Yes,DSL,No,No,No,No,No,No,One year,Yes,Credit card (automatic),84.35,237.89,Yes
C3708-5428,Male,0,No,No,3,Yes,No,DSL,No,Yes,No,Yes,No,No,Month-to-month,Yes,Credit card (automatic),87.86,262.08,Yes
C3709-8646,Female,0,No,No,24,Yes,No,Fiber optic,No,No,No,No,No,Yes,Month-to-month,Yes,Electronic check,92.87,2248.8,No
C3710-4239,Female,0,No,No,3,Yes,Yes,Fiber optic,No,No,Yes,No,No,No,Month-to-month,No,Electronic check,119.28,351.46,Yes
C3711-9988,Male,0,Yes,Yes,12,Yes,Yes,DSL,Yes,Yes,No,No,Yes,No,Two year,No,Mailed check,95.02,1123.38,No
C3712-8262,Male,0,Yes,Yes,39,Yes,No,DSL,No,No,Yes,No,Yes,No,One year,Yes,Electronic check,79.59,3078.06,No
C3713-3015,Female,0,No,No,28,Yes,Yes,Fiber optic,No,Yes,Yes,Yes,Yes,Yes,One year,Yes,Credit card (automatic),128.04,3579.04,No
C3714-7529,Female,0,No,No,19,Yes,Yes,Fiber optic,No,Yes,No,No,No,Yes,One year,Yes,Electronic check,104.68,2012.23,No
C3715-3581,Male,1,No,No,26,Yes,No,Fiber optic,No,Yes,No,No,Yes,Yes,Month-to-month,Yes,Credit card (automatic),110.24,2842.48,No
C3716-4147,Male,1,Yes,Yes,40,Yes,No,No,No internet service,No internet service,No internet service,No internet service,No internet service,No internet service,One year,No,Electronic check,32.24,1288.27,No
C3717-3253,Female,0,No,No,16,Yes,No,Fiber optic,No,No,No,No,No,No,Month-to-month,Yes,Mailed check,84.05,1307.95,No
C3718-7139,Female,0,Yes,Yes,46,Yes,Yes,No,No internet service,No internet service,No internet service,No internet service,No internet service,No internet service,Two year,No,Electronic check,56.89,2627.71,No
C3719-3365,Male,0,No,No,24,Yes,No,Fiber optic,Yes,Yes,No,No,Yes,No,Month-to-month,Yes,Electronic check,114.06,2722.89,Yes
C3720-6748,Male,0,Yes,Yes,54,Yes,Yes,Fiber optic,No,No,No,Yes,No,No,One year,No,Bank transfer (automatic),107.64,5825.6,No
C3721-6241,Male,0,No,No,26,No,No phone service,Fiber optic,No,Yes,Yes,No,No,No,Month-to-month,Yes,Electronic check,70.47,1841.64,Yes
C3722-7756,Male,0,Yes,No,6,Yes,No,DSL,No,No,Yes,No,No,No,Month-to-month,Yes,Bank transfer (automatic),91.42,535.91,No
C3723-9940,Male,0,No,Yes,12,Yes,Yes,Fiber optic,No,No,Yes,Yes,Yes,Yes,One year,No,Bank transfer (automatic),118.4,1409.22,No
C3724-1079,Female,0,No,No,23,Yes,No,Fiber optic,Yes,No,No,No,No,Yes,One year,No,Mailed check,101.1,2329.36,No
C3725-9911,Female,0,No,No,72,Yes,Yes,DSL,No,No,Yes,No,Yes,No,Two year,No,Bank transfer (automatic),87.83,6311.92,No
C3726-1984,Female,0,Yes,No,11,Yes,Yes,DSL,No,No,No,No,Yes,Yes,One year,Yes,Electronic check,89.86,984.82,No
C3727-5740,Female,0,Yes,No,72,Yes,Yes,Fiber optic,No,Yes,No,No,No,No,Month-to-month,Yes,Credit card (automatic),104.04,7528.95,Yes
C3728-4067,Male,0,No,No,49,Yes,Yes,Fiber optic,No,No,No,No,Yes,No,Month-to-month,Yes,Bank transfer (automatic),99.48,4853.7,No
C3729-6750,Male,0,No,No,51,Yes,Yes,Fiber optic,No,No,No,No,No,No,Month-to-month,No,Mailed check,89.69,4610.72,Yes
C3730-7494,Female,0,No,No,40,Yes,No,Fiber optic,No,Yes,No,No,Yes,No,Month-to-month,Yes,Bank transfer (automatic),98.08,3942.18,Yes
C3731-8738,Female,0,Yes,No,72,Yes,No,No,No internet service,No internet service,No internet service,No internet service,No internet service,No internet service,Month-to-month,No,Bank transfer (automatic),18.25,1308.65,No
C3732-4617,Female,0,Yes,Yes,13,Yes,No,Fiber optic,No,Yes,No,Yes,No,No,Month-to-month,Yes,Mailed check,114.77,1480.5,Yes
C3733-9395,Female,1,Yes,No,48,Yes,Yes,Fiber optic,No,Yes,No,No,No,Yes,Two year,Yes,Mailed check,130.12,6235.55,No
C3734-3901,Female,0,No,Yes,7,No,No phone service,DSL,No,Yes,No,No,No,No,Month-to-month,No,Electronic check,66.88,506.59,No
C3735-2834,Female,0,Yes,Yes,13,Yes,No,DSL,No,Yes,Yes,No,No,No,One year,Yes,Electronic check,85.88,1101.63,No
C3736-4411,Male,0,Yes,No,42,Yes,No,Fiber optic,No,Yes,No,No,No,Yes,One year,Yes,Bank transfer (automatic),108.16,4524.39,No
C3737-5756,Female,0,No,No,52,Yes,No,Fiber optic,Yes,Yes,No,No,Yes,No,One year,No,Mailed check,111.78,5803.74,Yes
C3738-7012,Male,0,No,Yes,34,Yes,Yes,DSL,Yes,No,Yes,Yes,Yes,Yes,One year,Yes,Credit card (automatic),110.41,3736.57,No
C3739-8494,Female,0,No,No,3,Yes,Yes,Fiber optic,No,No,No,No,No,Yes,One year,Yes,Electronic check,100.82,300.99,No
C3740-3023,Female,0,Yes,Yes,11,Yes,No,DSL,No,Yes,Yes,Yes,Yes,No,One year,Yes,Mailed check,88.59,969.81,No
C3741-3728,Male,1,Yes,Yes,6,Yes,No,Fiber optic,No,No,No,No,No,Yes,Month-to-month,Yes,Electronic check,77.83,455.63,No
C3742-9447,Male,1,No,No,22,No,No phone service,Fiber optic,No,No,Yes,No,Yes,Yes,Month-to-month,No,Mailed check,89.33,1955.87,No
C3743-4957,Female,0,Yes,No,6,Yes,No,Fiber optic,No,Yes,No,No,Yes,Yes,Two year,No,Bank transfer (automatic),107.91,648.06,No
C3744-3173,Female,0,No,No,14,Yes,No,No,No internet service,No internet service,No internet service,No internet service,No internet service,No internet service,Month-to-month,Yes,Mailed check,39.28,569.68,No
C3745-9869,Female,0,Yes,No,13,Yes,Yes,Fiber optic,No,Yes,No,No,No,Yes,One year,Yes,Mailed check,114.48,1469.54,No
C3746-5040,Female,0,No,No,61,Yes,Yes,Fiber optic,Yes,Yes,Yes,No,No,No,Month-to-month,Yes,Bank transfer (automatic),119.09,7281.69,No
C3747-9864,Male,1,Yes,Yes,15,Yes,Yes,DSL,No,Yes,Yes,Yes,Yes,No,One year,Yes,Mailed check,102.8,1564.12,No
C3748-9272,Female,0,No,No,72,Yes,No,DSL,Yes,No,No,Yes,Yes,Yes,Month-to-month,Yes,Electronic check,88.26,6365.37,Yes
C3749-9154,Female,0,No,No,17,Yes,No,No,No internet service,No internet service,No internet service,No internet service,No internet service,No internet service,Month-to-month,Yes,Credit card (automatic),38.69,684.73,No
C3750-6235,Female,1,Yes,Yes,38,Yes,Yes,No,No internet service,No internet service,No internet service,No internet service,No internet service,No internet service,Two year,Yes,Credit card (automatic),48.73,1870.81,No
C3751-8185,Female,0,Yes,Yes,30,Yes,No,No,No internet service,No internet service,No internet service,No internet service,No internet service,No internet service,Month-to-month,Yes,Credit card (automatic),33.27,973.38,No
C3752-9644,Female,0,No,No,27,Yes,No,No,No internet service,No internet service,No internet service,No internet service,No internet service,No internet service,Month-to-month,Yes,Electronic check,35.75,934.64,No
C3753-3421,Female,0,No,No,49,Yes,No,DSL,Yes,Yes,No,No,Yes,No,Month-to-month,Yes,Electronic check,71.25,3472.16,Yes
C3754-1339,Male,0,Yes,No,24,No,No phone service,Fiber optic,No,Yes,Yes,No,No,Yes,Month-to-month,Yes,Bank transfer (automatic),105.49,2540.67,No
C3755-3887,Female,1,Yes,No,14,Yes,No,DSL,No,No,Yes,No,No,Yes,Month-to-month,No,Credit card (automatic),69.05,966.12,Yes
C3756-6731,Female,1,No,No,43,Yes,Yes,Fiber optic,No,No,No,No,Yes,Yes,One year,Yes,Mailed check,116.18,4997.59,No
C3757-5924,Male,0,No,No,9,Yes,No,Fiber optic,No,Yes,Yes,No,No,No,Month-to-month,Yes,Electronic check,107.38,979.0,No
C3758-1725,Male,0,No,No,18,Yes,Yes,Fiber optic,No,No,Yes,Yes,Yes,Yes,Month-to-month,No,Electronic check,117.66,2097.31,No
C3759-6046,Female,0,Yes,Yes,49,Yes,Yes,DSL,No,No,Yes,No,No,No,One year,Yes,Electronic check,87.77,4285.85,Yes
C3760-2569,Female,0,No,Yes,22,Yes,Yes,No,No internet service,No internet service,No internet service,No internet service,No internet service,No internet service,Month-to-month,Yes,Credit card (automatic),50.16,1070.98,No
C3761-5549,Male,0,Yes,Yes,35,Yes,No,Fiber optic,No,Yes,Yes,No,No,No,Month-to-month,No,Mailed check,92.62,3273.31,Yes
C3762-6180,Female,0,Yes,No,31,Yes,No,No,No internet service,No internet service,No internet service,No internet service,No internet service,No internet service,One year,Yes,Credit card (automatic),34.98,1089.29,No
C3763-6729,Male,0,No,No,15,Yes,No,Fiber optic,Yes,Yes,Yes,Yes,Yes,Yes,Two year,Yes,Bank transfer (automatic),126.55,1912.21,No
C3764-4712,Female,0,Yes,No,22,Yes,No,Fiber optic,Yes,No,Yes,No,No,No,Month-to-month,No,Bank transfer (automatic),106.41,2335.1,No
C3765-4674,Female,0,No,No,9,Yes,Yes,No,No internet service,No internet service,No internet service,No internet service,No internet service,No internet service,Month-to-month,No,Electronic check,51.29,477.44,No
C3766-7106,Male,1,Yes,No,55,No,No phone service,No,No internet service,No internet service,No internet service,No internet service,No internet service,No internet service,Two year,Yes,Bank transfer (automatic),18.25,980.76,No
C3767-7741,Female,0,Yes,Yes,18,Yes,Yes,DSL,No,No,Yes,No,Yes,Yes,Two year,No,Electronic check,98.4,1779.49,No
C3768-8268,Male,0,No,No,58,Yes,Yes,Fiber optic,No,No,No,Yes,No,Yes,Two year,No,Electronic check,108.18,6271.08,No
C3769-4001,Male,0,Yes,No,21,Yes,Yes,DSL,No,No,Yes,Yes,Yes,Yes,Month-to-month,Yes,Electronic check,103.19,2172.44,No
C3770-4816,Female,0,No,Yes,37,No,No phone service,No,No internet service,No internet service,No internet service,No internet service,No internet service,No internet service,Two year,No,Bank transfer (automatic),22.47,829.86,No
C3771-3975,Female,0,No,No,9,Yes,Yes,Fiber optic,No,No,Yes,Yes,Yes,Yes,Two year,Yes,Bank transfer (automatic),129.98,1176.29,No
C3772-5747,Female,0,Yes,Yes,52,Yes,No,DSL,Yes,Yes,No,Yes,Yes,No,Month-to-month,Yes,Credit card (automatic),89.31,4611.7,No
C3773-2144,Male,0,No,No,21,No,No phone service,DSL,No,No,No,Yes,Yes,No,One year,No,Credit card (automatic),47.23,978.88,No
C3774-4870,Female,0,No,No,16,Yes,Yes,DSL,Yes,Yes,No,Yes,Yes,No,Month-to-month,Yes,Electronic check,99.77,1607.24,No
C3775-2698,Male,0,No,No,8,Yes,No,Fiber optic,No,Yes,Yes,Yes,Yes,Yes,Month-to-month,Yes,Bank transfer (automatic),123.79,1021.26,Yes
C3776-5791,Male,0,Yes,No,72,Yes,Yes,No,No internet service,No internet service,No internet service,No internet service,No internet service,No internet service,One year,Yes,Credit card (automatic),30.04,2149.12,No
C3777-8653,Male,1,No,No,6,Yes,Yes,No,No internet service,No internet service,No internet service,No internet service,No internet service,No internet service,Month-to-month,No,Electronic check,43.51,272.14,Yes
C3778-9867,Female,0,No,No,72,No,No phone service,Fiber optic,No,Yes,No,No,Yes,No,Two year,Yes,Electronic check,76.61,5525.72,No
C3779-5016,Female,0,No,No,72,Yes,No,No,No internet service,No internet service,No internet service,No internet service,No internet service,No internet service,Two year,No,Bank transfer (automatic),32.47,2342.22,No
C3780-1506,Male,0,Yes,Yes,6,Yes,No,No,No internet service,No internet service,No internet service,No internet service,No internet service,No internet service,Two year,Yes,Credit card (automatic),30.74,209.92,No
C3781-3050,Male,0,Yes,No,23,Yes,No,Fiber optic,Yes,Yes,No,No,No,Yes,Month-to-month,Yes,Mailed check,113.48,2601.38,No
C3782-1943,Female,0,No,No,21,Yes,No,DSL,Yes,Yes,Yes,No,Yes,Yes,One year,Yes,Bank transfer (automatic),89.76,1900.36,Yes
C3783-7833,Male,0,No,Yes,24,No,No phone service,Fiber optic,No,No,Yes,Yes,Yes,No,Two year,Yes,Electronic check,93.48,2240.41,No
C3784-9861,Female,0,No,No,31,Yes,No,No,No internet service,No internet service,No internet service,No internet service,No internet service,No internet service,Month-to-month,No,Electronic check,45.92,1449.5,No
C3785-5985,Male,0,No,No,59,No,No phone service,No,No internet service,No internet service,No internet service,No internet service,No internet service,No internet service,One year,No,Electronic check,28.52,1672.1,No
C3786-2591,Male,0,Yes,No,7,Yes,Yes,Fiber optic,Yes,No,No,No,Yes,No,Month-to-month,No,Mailed check,111.73,785.6,No
C3787-1190,Female,0,No,No,22,Yes,No,DSL,No,No,No,No,No,No,One year,No,Mailed check,75.14,1629.59,No
C3788-9783,Female,0,Yes,Yes,16,Yes,No,Fiber optic,No,Yes,No,No,No,Yes,One year,No,Electronic check,99.37,1577.62,Yes
C3789-3846,Female,0,Yes,Yes,14,Yes,No,Fiber optic,No,No,Yes,No,No,No,Two year,No,Credit card (automatic),94.71,1352.65,No
C3790-2007,Female,0,Yes,Yes,25,Yes,No,DSL,No,No,Yes,No,Yes,No,Month-to-month,Yes,Electronic check,85.81,2137.55,No
C3791-2592,Female,0,No,No,20,Yes,No,Fiber optic,Yes,No,Yes,No,Yes,Yes,One year,Yes,Electronic check,116.78,2330.26,No
C3792-3297,Male,0,Yes,Yes,31,Yes,No,Fiber optic,Yes,Yes,No,No,No,Yes,Month-to-month,No,Bank transfer (automatic),103.38,3220.74,No
C3793-6902,Female,0,No,No,3,Yes,Yes,No,No internet service,No internet service,No internet service,No internet service,No internet service,No internet service,Month-to-month,Yes,Electronic check,37.09,97.78,Yes
C3794-9025,Female,0,Yes,Yes,54,Yes,Yes,Fiber optic,No,No,No,No,Yes,No,Two year,No,Mailed check,109.16,5894.29,No
C3795-3475,Female,0,Yes,No,27,Yes,No,Fiber optic,Yes,No,Yes,No,No,No,One year,Yes,Mailed check,103.16,2779.6,No
C3796-7184,Female,0,No,No,18,Yes,Yes,DSL,No,Yes,No,No,Yes,Yes,Two year,No,Mailed check,94.09,1698.98,No
C3797-1584,Male,0,Yes,Yes,5,No,No phone service,Fiber optic,No,Yes,Yes,No,Yes,Yes,One year,No,Bank transfer (automatic),100.29,512.18,No
C3798-1090,Female,0,Yes,No,32,Yes,Yes,No,No internet service,No internet service,No internet service,No internet service,No internet service,No internet service,One year,No,Mailed check,37.78,1211.2,No
C3799-1494,Male,0,Yes,Yes,23,Yes,No,Fiber optic,No,Yes,Yes,No,No,Yes,Two year,Yes,Credit card (automatic),112.2,2546.04,No
C3800-9307,Female,0,No,No,25,Yes,Yes,No,No internet service,No internet service,No internet service,No internet service,No internet service,No internet service,Month-to-month,Yes,Bank transfer (automatic),45.39,1132.93,No
C3801-6234,Male,0,No,No,28,Yes,Yes,DSL,No,Yes,No,Yes,No,No,One year,Yes,Electronic check,78.43,2185.32,No
C3802-8245,Male,1,No,No,40,Yes,Yes,Fiber optic,No,No,No,No,Yes,No,One year,Yes,Electronic check,99.07,3939.98,Yes
C3803-1195,Female,0,Yes,Yes,31,Yes,Yes,No,No internet service,No internet service,No internet service,No internet service,No internet service,No internet service,Two year,No,Mailed check,56.48,1700.21,No
C3804-1200,Female,0,Yes,No,72,Yes,Yes,No,No internet service,No internet service,No internet service,No internet service,No internet service,No internet service,Month-to-month,Yes,Bank transfer (automatic),41.35,2963.03,No
C3805-8638,Male,0,Yes,No,40,Yes,Yes,Fiber optic,No,No,No,No,No,Yes,Month-to-month,No,Electronic check,104.98,4223.66,No
C3806-1923,Male,0,No,No,30,Yes,Yes,Fiber optic,No,No,No,No,No,Yes,Month-to-month,Yes,Bank transfer (automatic),109.57,3293.09,No
C3807-2398,Female,0,Yes,No,26,Yes,Yes,No,No internet service,No internet service,No internet service,No internet service,No internet service,No internet service,Two year,Yes,Electronic check,41.93,1104.04,No
C3808-5669,Male,0,Yes,No,10,Yes,No,Fiber optic,No,Yes,No,Yes,Yes,No,Month-to-month,Yes,Mailed check,125.89,1260.11,No
C3809-6458,Male,0,No,No,5,Yes,No,DSL,No,No,Yes,No,Yes,No,One year,No,Bank transfer (automatic),86.32,455.12,No
C3810-3059,Male,0,No,No,1,Yes,Yes,Fiber optic,No,No,No,No,No,Yes,Month-to-month,Yes,Mailed check,99.3,102.28,Yes
C3811-5001,Female,1,Yes,No,38,No,No phone service,Fiber optic,Yes,No,No,No,No,No,One year,Yes,Electronic check,75.87,2890.67,Yes
C3812-7073,Male,0,No,No,24,Yes,Yes,Fiber optic,No,No,Yes,No,No,Yes,Month-to-month,No,Electronic check,71.47,1711.52,No
C3813-4985,Male,0,Yes,Yes,41,Yes,No,DSL,No,No,Yes,Yes,No,Yes,One year,Yes,Electronic check,89.07,3651.71,No
C3814-4443,Male,0,No,No,70,Yes,Yes,Fiber optic,No,Yes,No,No,Yes,No,One year,Yes,Electronic check,130.03,9097.87,No
C3815-1646,Female,0,No,No,22,Yes,No,Fiber optic,No,Yes,No,No,No,Yes,One year,Yes,Electronic check,103.1,2281.83,No
C3816-5066,Male,0,No,No,6,No,No phone service,Fiber optic,Yes,No,No,No,Yes,No,Month-to-month,No,Credit card (automatic),77.94,483.47,No
C3817-8223,Female,0,Yes,Yes,50,Yes,No,DSL,No,No,No,Yes,No,No,Two year,Yes,Electronic check,75.29,3768.91,No
C3818-6640,Female,0,No,No,20,Yes,Yes,Fiber optic,Yes,Yes,No,No,Yes,Yes,One year,Yes,Electronic check,110.11,2213.83,Yes
C3819-9036,Female,0,Yes,No,14,Yes,No,No,No internet service,No internet service,No internet service,No internet service,No internet service,No internet service,Month-to-month,No,Credit card (automatic),48.13,672.49,No
C3820-2135,Female,0,No,No,13,Yes,No,DSL,Yes,Yes,Yes,No,No,Yes,Month-to-month,No,Bank transfer (automatic),91.53,1197.7,No
C3821-1099,Male,0,No,No,38,Yes,Yes,Fiber optic,No,Yes,Yes,No,Yes,Yes,Two year,Yes,Bank transfer (automatic),117.66,4478.46,No
C3822-5932,Male,0,No,No,37,Yes,Yes,Fiber optic,Yes,Yes,No,No,No,No,Two year,Yes,Credit card (automatic),104.71,3855.18,Yes
C3823-2607,Female,0,No,No,60,Yes,No,Fiber optic,No,Yes,Yes,No,Yes,No,Two year,No,Mailed check,112.09,6690.29,No
C3824-6345,Female,0,No,No,8,Yes,No,Fiber optic,Yes,Yes,No,No,Yes,Yes,Two year,Yes,Mailed check,122.97,1001.88,Yes
C3825-9134,Female,0,No,No,8,Yes,Yes,DSL,No,No,No,No,Yes,Yes,Month-to-month,Yes,Electronic check,86.58,692.25,Yes
C3826-4033,Male,1,Yes,No,28,Yes,Yes,Fiber optic,No,No,Yes,No,No,Yes,Month-to-month,Yes,Electronic check,115.55,3232.89,No
C3827-5944,Female,0,No,No,31,Yes,No,No,No internet service,No internet service,No internet service,No internet service,No internet service,No internet service,Two year,Yes,Credit card (automatic),41.69,1285.42,No
C3828-7134,Female,0,Yes,Yes,54,Yes,No,DSL,No,Yes,No,No,No,No,Month-to-month,No,Electronic check,62.17,3352.74,No
C3829-2350,Male,0,Yes,No,57,Yes,Yes,No,No internet service,No internet service,No internet service,No internet service,No internet service,No internet service,One year,No,Credit card (automatic),52.22,2990.68,No
C3830-9075,Male,0,No,No,27,Yes,Yes,Fiber optic,No,Yes,Yes,No,Yes,No,One year,Yes,Mailed check,120.19,3235.81,Yes
C3831-2824,Female,1,Yes,Yes,59,Yes,Yes,DSL,No,No,No,No,Yes,Yes,Month-to-month,Yes,Bank transfer (automatic),85.53,5043.74,No
C3832-8273,Female,0,No,No,23,Yes,No,DSL,No,No,No,Yes,No,Yes,Month-to-month,No,Electronic check,88.32,2021.8,No
C3833-6939,Female,0,Yes,No,23,Yes,No,DSL,Yes,Yes,Yes,No,Yes,No,Month-to-month,Yes,Electronic check,92.53,2151.96,No
C3834-2268,Male,0,Yes,No,19,Yes,No,Fiber optic,No,Yes,No,No,Yes,Yes,Month-to-month,No,Bank transfer (automatic),114.21,2183.81,Yes
C3835-7522,Male,0,No,No,7,Yes,Yes,DSL,No,Yes,No,No,No,Yes,Month-to-month,Yes,Credit card (automatic),76.26,572.46,Yes
C3836-2768,Female,0,No,No,4,Yes,No,Fiber optic,No,Yes,No,Yes,Yes,No,Month-to-month,Yes,Electronic check,119.65,478.53,Yes
C3837-6394,Female,0,No,No,28,Yes,No,No,No internet service,No internet service,No internet service,No internet service,No internet service,No internet service,Month-to-month,Yes,Bank transfer (automatic),50.19,1403.61,Yes
C3838-9636,Female,1,No,No,51,Yes,No,No,No internet service,No internet service,No internet service,No internet service,No internet service,No internet service,Month-to-month,No,Mailed check,28.19,1449.54,No
C3839-9577,Female,0,Yes,No,13,Yes,No,No,No internet service,No internet service,No internet service,No internet service,No internet service,No internet service,One year,No,Credit card (automatic),28.78,358.68,No
C3840-8840,Male,1,Yes,Yes,56,Yes,No,Fiber optic,No,No,Yes,No,No,No,Two year,No,Credit card (automatic),96.49,5419.68,No
C3841-5446,Female,1,No,No,68,Yes,No,DSL,Yes,No,No,No,No,Yes,Month-to-month,Yes,Mailed check,92.38,6284.68,No
C3842-6035,Male,0,No,No,18,Yes,Yes,Fiber optic,No,Yes,Yes,No,Yes,Yes,One year,No,Bank transfer (automatic),132.71,2404.4,Yes
C3843-3702,Female,0,No,No,3,Yes,No,DSL,Yes,No,Yes,No,Yes,No,Month-to-month,Yes,Electronic check,86.19,247.66,No
C3844-9287,Male,1,Yes,Yes,19,Yes,No,No,No internet service,No internet service,No internet service,No internet service,No internet service,No internet service,One year,Yes,Electronic check,38.65,730.45,No
C3845-5294,Female,0,Yes,Yes,9,Yes,Yes,No,No internet service,No internet service,No internet service,No internet service,No internet service,No internet service,Two year,Yes,Bank transfer (automatic),39.37,359.75,No
C3846-7943,Male,0,Yes,No,51,Yes,Yes,DSL,No,No,No,Yes,No,Yes,One year,Yes,Electronic check,92.37,4716.83,No
C3847-4236,Female,0,No,No,29,Yes,Yes,Fiber optic,Yes,Yes,Yes,Yes,No,No,Month-to-month,No,Credit card (automatic),116.1,3360.38,No
C3848-7663,Female,0,Yes,Yes,3,Yes,No,DSL,No,No,No,Yes,No,Yes,Month-to-month,No,Electronic check,90.31,287.76,No
C3849-3019,Female,1,No,No,35,Yes,No,Fiber optic,No,No,No,Yes,No,No,One year,Yes,Mailed check,98.36,3447.8,No
C3850-7603,Male,0,Yes,No,54,Yes,No,DSL,Yes,Yes,No,No,No,No,Month-to-month,Yes,Bank transfer (automatic),67.6,3659.85,No
C3851-1413,Female,0,No,No,26,Yes,No,No,No internet service,No internet service,No internet service,No internet service,No internet service,No internet service,One year,Yes,Mailed check,40.72,1035.54,No
C3852-1943,Female,1,Yes,No,16,Yes,Yes,Fiber optic,Yes,Yes,Yes,No,Yes,Yes,Month-to-month,Yes,Bank transfer (automatic),130.92,2067.1,Yes
C3853-4169,Male,0,No,Yes,33,Yes,Yes,Fiber optic,Yes,No,No,No,No,Yes,One year,No,Mailed check,98.95,3252.69,No
C3854-5337,Male,0,No,No,72,Yes,Yes,DSL,Yes,Yes,No,No,Yes,No,One year,Yes,Mailed check,90.46,6523.83,No
C3855-7401,Male,0,Yes,No,61,Yes,Yes,Fiber optic,No,No,Yes,Yes,No,Yes,One year,No,Electronic check,123.55,7542.92,Yes
C3856-4231,Female,0,Yes,No,6,Yes,No,Fiber optic,No,No,Yes,No,Yes,Yes,Month-to-month,No,Mailed check,112.63,701.94,Yes
C3857-1165,Female,0,Yes,No,29,Yes,No,DSL,No,Yes,No,No,Yes,Yes,Month-to-month,No,Electronic check,86.4,2497.55,No
C3858-3928,Female,0,No,Yes,9,Yes,Yes,DSL,No,No,No,No,No,No,Two year,Yes,Mailed check,71.78,649.14,No
C3859-4952,Female,0,No,No,16,No,No phone service,Fiber optic,No,Yes,Yes,No,No,No,Month-to-month,Yes,Bank transfer (automatic),73.15,1153.84,Yes
C3860-5892,Male,0,Yes,Yes,64,Yes,No,Fiber optic,No,No,Yes,No,Yes,Yes,Two year,No,Bank transfer (automatic),107.15,6877.24,No
C3861-6795,Male,0,No,No,29,Yes,No,Fiber optic,No,No,No,No,No,No,Month-to-month,Yes,Credit card (automatic),91.34,2640.21,Yes
C3862-3228,Male,0,Yes,No,10,Yes,Yes,No,No internet service,No internet service,No internet service,No internet service,No internet service,No internet service,One year,Yes,Credit card (automatic),43.09,445.8,No
C3863-6493,Male,0,No,No,19,Yes,Yes,No,No internet service,No internet service,No internet service,No internet service,No internet service,No internet service,Month-to-month,No,Electronic check,52.87,1006.55,No
C3864-6683,Female,0,No,No,44,Yes,No,No,No internet service,No internet service,No internet service,No internet service,No internet service,No internet service,One year,Yes,Bank transfer (automatic),29.74,1300.0,No
C3865-7989,Male,0,No,No,15,Yes,No,DSL,No,Yes,No,No,Yes,Yes,Two year,No,Mailed check,86.85,1285.43,No
C3866-5697,Male,1,Yes,Yes,30,Yes,No,DSL,Yes,No,No,No,Yes,Yes,One year,Yes,Electronic check,87.87,2645.71,Yes
C3867-8293,Male,0,Yes,Yes,16,Yes,Yes,Fiber optic,No,Yes,No,No,Yes,Yes,Month-to-month,No,Bank transfer (automatic),124.78,1990.29,Yes
C3868-2994,Male,0,No,Yes,17,Yes,No,No,No internet service,No internet service,No internet service,No internet service,No internet service,No internet service,Two year,No,Electronic check,42.84,693.31,No
C3869-7404,Female,0,Yes,Yes,69,Yes,No,No,No internet service,No internet service,No internet service,No internet service,No internet service,No internet service,Month-to-month,Yes,Electronic check,31.67,2221.24,No
C3870-1412,Female,0,No,No,28,No,No phone service,Fiber optic,No,No,No,No,No,Yes,One year,Yes,Credit card (automatic),82.78,2326.16,No
C3871-1925,Female,1,No,No,38,Yes,Yes,No,No internet service,No internet service,No internet service,No internet service,No internet service,No internet service,Month-to-month,No,Electronic check,42.52,1628.91,No
C3872-8781,Male,1,No,No,27,Yes,No,DSL,No,No,No,No,Yes,Yes,Month-to-month,No,Bank transfer (automatic),73.93,1986.24,No
C3873-5274,Female,0,No,No,5,Yes,No,Fiber optic,Yes,No,No,No,No,Yes,One year,Yes,Credit card (automatic),99.66,478.73,No
C3874-6586,Female,0,No,Yes,8,Yes,Yes,DSL,No,Yes,No,No,Yes,Yes,Month-to-month,Yes,Credit card (automatic),94.41,748.7,No
C3875-6430,Female,0,No,Yes,68,Yes,Yes,DSL,No,No,Yes,No,Yes,Yes,Month-to-month,Yes,Mailed check,103.9,7087.17,No
C3876-7253,Female,0,Yes,No,63,Yes,Yes,Fiber optic,No,No,Yes,No,No,Yes,Month-to-month,Yes,Credit card (automatic),113.82,7154.47,No
C3877-3209,Male,0,No,No,27,No,No phone service,DSL,Yes,Yes,Yes,No,Yes,Yes,Month-to-month,Yes,Bank transfer (automatic),89.17,2410.16,No
C3878-2604,Male,0,Yes,No,12,Yes,No,Fiber optic,No,Yes,No,No,Yes,Yes,Two year,Yes,Mailed check,115.19,1370.01,No
C3879-1382,Male,0,No,No,4,Yes,No,Fiber optic,No,Yes,No,No,No,No,One year,Yes,Mailed check,104.18,410.39,Yes
C3880-8782,Female,0,No,No,72,Yes,Yes,No,No internet service,No internet service,No internet service,No internet service,No internet service,No internet service,One year,No,Mailed check,44.62,3235.05,No
C3881-3012,Female,0,No,No,8,Yes,No,No,No internet service,No internet service,No internet service,No internet service,No internet service,No internet service,Two year,Yes,Mailed check,18.25,160.92,Yes
C3882-6175,Female,0,Yes,Yes,12,No,No phone service,Fiber optic,No,No,Yes,No,Yes,No,Month-to-month,Yes,Mailed check,95.09,1150.1,No
C3883-5093,Male,0,Yes,No,15,Yes,No,Fiber optic,No,Yes,No,No,No,No,Two year,No,Mailed check,98.33,1484.89,No
C3884-2461,Male,1,No,No,11,No,No phone service,No,No internet service,No internet service,No internet service,No internet service,No internet service,No internet service,Month-to-month,No,Credit card (automatic),27.17,284.84,No
C3885-4724,Female,1,No,No,25,Yes,Yes,DSL,No,Yes,No,No,Yes,Yes,Month-to-month,No,Credit card (automatic),74.37,1886.77,Yes
C3886-1748,Female,0,Yes,No,72,Yes,Yes,Fiber optic,No,No,Yes,No,No,No,Month-to-month,Yes,Credit card (automatic),114.47,8236.54,No
C3887-2589,Female,0,No,No,22,Yes,Yes,No,No internet service,No internet service,No internet service,No internet service,No internet service,No internet service,Month-to-month,No,Credit card (automatic),60.83,1354.3,No
C3888-2257,Male,0,No,No,32,No,No phone service,Fiber optic,Yes,Yes,Yes,No,No,No,One year,Yes,Mailed check,104.99,3391.74,No
C3889-8418,Female,0,No,No,40,Yes,No,DSL,No,Yes,Yes,No,Yes,Yes,Month-to-month,Yes,Bank transfer (automatic),83.63,3333.2,No
C3890-6106,Male,0,No,No,48,Yes,No,DSL,No,Yes,No,Yes,Yes,No,Month-to-month,Yes,Electronic check,69.84,3331.42,Yes
C3891-9330,Female,0,No,No,27,Yes,Yes,DSL,No,Yes,No,No,No,Yes,One year,Yes,Electronic check,79.28,2146.27,No
C3892-4923,Female,0,No,No,10,Yes,Yes,Fiber optic,Yes,Yes,Yes,No,No,No,One year,Yes,Bank transfer (automatic),117.78,1179.17,No
C3893-2811,Male,0,Yes,No,41,Yes,No,No,No internet service,No internet service,No internet service,No internet service,No internet service,No internet service,Month-to-month,No,Electronic check,43.35,1784.98,No
C3894-6476,Male,0,No,No,72,Yes,Yes,DSL,Yes,No,No,Yes,No,Yes,Month-to-month,Yes,Electronic check,89.73,6449.9,Yes
C3895-9365,Male,0,No,No,14,Yes,Yes,Fiber optic,No,Yes,No,No,Yes,No,One year,Yes,Electronic check,116.13,1618.7,No
C3896-5792,Female,1,No,No,33,Yes,No,Fiber optic,No,No,Yes,No,No,No,One year,Yes,Credit card (automatic),92.16,3035.0,No
C3897-1160,Female,0,No,No,42,Yes,No,No,No internet service,No internet service,No internet service,No internet service,No internet service,No internet service,Month-to-month,Yes,Mailed check,36.82,1561.87,No
C3898-3732,Male,1,No,No,17,No,No phone service,DSL,No,Yes,Yes,No,No,Yes,Month-to-month,No,Electronic check,65.48,1125.9,No
C3899-9323,Male,0,Yes,Yes,48,Yes,No,Fiber optic,No,No,Yes,No,Yes,Yes,Month-to-month,No,Credit card (automatic),98.29,4720.07,No
C3900-5664,Female,0,Yes,Yes,59,Yes,No,DSL,Yes,No,Yes,No,No,No,Month-to-month,Yes,Electronic check,76.07,4535.7,No
C3901-9566,Male,1,Yes,No,33,Yes,No,Fiber optic,No,Yes,Yes,Yes,Yes,Yes,One year,No,Credit card (automatic),122.33,4059.49,No
C3902-5582,Male,1,No,No,46,Yes,No,Fiber optic,No,No,No,Yes,No,Yes,Two year,Yes,Bank transfer (automatic),97.48,4471.2,No
C3903-1108,Male,1,No,No,22,Yes,No,DSL,No,No,No,No,No,Yes,One year,Yes,Electronic check,67.09,1473.11,No
C3904-8856,Female,0,Yes,Yes,7,Yes,No,DSL,No,Yes,Yes,No,Yes,No,Month-to-month,No,Mailed check,87.68,645.91,No
C3905-7866,Male,0,Yes,Yes,10,Yes,No,Fiber optic,Yes,Yes,Yes,No,Yes,No,Two year,Yes,Mailed check,102.57,1017.62,No
C3906-7436,Male,0,No,No,72,Yes,No,DSL,Yes,No,No,No,Yes,Yes,Month-to-month,Yes,Electronic check,94.58,6858.33,Yes
C3907-9730,Female,0,Yes,No,60,Yes,Yes,No,No internet service,No internet service,No internet service,No internet service,No internet service,No internet service,Two year,No,Mailed check,57.42,3449.7,No
C3908-2765,Female,1,Yes,No,9,Yes,Yes,No,No internet service,No internet service,No internet service,No internet service,No internet service,No internet service,One year,No,Electronic check,43.67,406.91,No
C3909-9152,Male,0,Yes,Yes,8,Yes,Yes,No,No internet service,No internet service,No internet service,No internet service,No internet service,No internet service,One year,No,Electronic check,49.66,398.4,No
C3910-3093,Female,0,No,No,41,Yes,Yes,DSL,No,No,No,No,No,No,Month-to-month,Yes,Credit card (automatic),78.69,3201.42,No
C3911-9735,Female,1,No,No,72,Yes,Yes,Fiber optic,No,No,No,No,No,Yes,Month-to-month,Yes,Electronic check,111.85,8068.74,No
C3912-2722,Female,1,No,No,27,Yes,Yes,Fiber optic,No,Yes,No,No,No,No,Month-to-month,No,Mailed check,102.93,2768.93,No
C3913-5952,Male,1,Yes,No,12,Yes,No,DSL,No,No,No,No,No,No,Month-to-month,No,Electronic check,72.65,877.91,No
C3914-8103,Male,0,Yes,Yes,50,Yes,No,No,No internet service,No internet service,No internet service,No internet service,No internet service,No internet service,Month-to-month,No,Bank transfer (automatic),43.39,2191.08,No
C3915-1703,Male,0,No,No,66,Yes,Yes,Fiber optic,No,Yes,Yes,No,No,Yes,Month-to-month,No,Credit card (automatic),112.31,7418.57,No
C3916-1600,Male,1,No,No,41,Yes,No,DSL,No,Yes,No,No,No,Yes,Month-to-month,No,Electronic check,71.72,2921.36,No
C3917-8647,Male,0,Yes,Yes,37,Yes,No,DSL,No,Yes,Yes,No,Yes,No,Two year,No,Electronic check,77.49,2861.32,No
C3918-1543,Female,0,No,No,9,Yes,Yes,Fiber optic,No,No,No,No,Yes,No,Month-to-month,Yes,Bank transfer (automatic),91.19,788.26,No
C3919-6523,Female,1,No,No,51,No,No phone service,No,No internet service,No internet service,No internet service,No internet service,No internet service,No internet service,One year,No,Credit card (automatic),18.25,921.89,No
C3920-9443,Female,0,No,No,42,Yes,No,Fiber optic,No,No,No,No,Yes,Yes,Month-to-month,Yes,Electronic check,103.37,4344.57,No
C3921-6532,Female,0,Yes,Yes,19,Yes,Yes,DSL,Yes,Yes,No,No,Yes,No,One year,Yes,Bank transfer (automatic),87.94,1673.42,No
C3922-5328,Female,0,Yes,No,6,Yes,No,Fiber optic,No,No,No,No,Yes,No,One year,No,Bank transfer (automatic),90.04,542.57,Yes
C3923-4754,Male,0,Yes,No,17,No,No phone service,Fiber optic,No,Yes,No,No,Yes,No,One year,Yes,Electronic check,73.24,1242.05,No
C3924-6742,Female,1,No,No,26,Yes,No,No,No internet service,No internet service,No internet service,No internet service,No internet service,No internet service,Month-to-month,Yes,Mailed check,44.83,1168.83,No
C3925-6146,Female,0,No,No,44,No,No phone service,Fiber optic,No,No,Yes,No,No,Yes,Month-to-month,No,Electronic check,83.74,3670.29,No
C3926-5515,Male,0,Yes,No,50,Yes,No,Fiber optic,No,No,No,Yes,Yes,Yes,Month-to-month,Yes,Credit card (automatic),112.97,5636.16,Yes
C3927-2382,Female,0,Yes,Yes,23,Yes,Yes,DSL,No,No,Yes,No,Yes,No,Two year,Yes,Electronic check,84.21,1925.48,No
C3928-6963,Male,1,Yes,No,22,Yes,Yes,DSL,No,No,Yes,No,No,No,Month-to-month,Yes,Electronic check,77.35,1756.14,No
C3929-7657,Male,1,No,No,57,Yes,Yes,Fiber optic,No,Yes,No,No,Yes,Yes,One year,No,Bank transfer (automatic),117.11,6689.5,No
C3930-7378,Male,0,No,No,34,Yes,Yes,No,No internet service,No internet service,No internet service,No internet service,No internet service,No internet service,Month-to-month,Yes,Mailed check,34.95,1224.12,No
C3931-1675,Male,0,Yes,No,42,Yes,Yes,No,No internet service,No internet service,No internet service,No internet service,No internet service,No internet service,Month-to-month,Yes,Credit card (automatic),46.06,1924.12,No
C3932-7325,Female,0,No,No,19,Yes,Yes,Fiber optic,No,Yes,No,No,Yes,No,Month-to-month,No,Credit card (automatic),107.63,2029.74,No
C3933-7567,Male,0,No,No,56,Yes,No,Fiber optic,No,No,No,No,Yes,No,Month-to-month,Yes,Mailed check,83.94,4680.21,No
C3934-2650,Female,0,No,No,15,Yes,No,Fiber optic,No,Yes,Yes,Yes,Yes,No,Month-to-month,Yes,Electronic check,111.72,1663.07,No
C3935-8639,Male,0,No,No,72,Yes,No,No,No internet service,No internet service,No internet service,No internet service,No internet service,No internet service,Month-to-month,Yes,Bank transfer (automatic),34.56,2476.43,No
C3936-5714,Male,0,Yes,No,8,Yes,Yes,Fiber optic,No,No,No,No,No,No,Month-to-month,Yes,Electronic check,89.71,709.24,Yes
C3937-5251,Male,0,No,No,27,Yes,No,Fiber optic,Yes,No,Yes,Yes,Yes,Yes,Month-to-month,Yes,Bank transfer (automatic),133.82,3607.21,No
C3938-7503,Female,0,No,No,7,Yes,Yes,Fiber optic,Yes,No,No,No,No,No,One year,Yes,Bank transfer (automatic),111.39,786.52,No
C3939-5587,Male,0,No,No,39,Yes,No,No,No internet service,No internet service,No internet service,No internet service,No internet service,No internet service,Month-to-month,No,Mailed check,36.36,1430.38,No
C3940-5902,Male,0,No,Yes,62,Yes,No,Fiber optic,No,Yes,No,No,No,No,Month-to-month,Yes,Credit card (automatic),97.89,6081.36,Yes
C3941-3809,Male,0,Yes,Yes,42,No,No phone service,DSL,Yes,No,No,Yes,Yes,Yes,Month-to-month,No,Bank transfer (automatic),70.4,3005.25,No
C3942-9349,Female,0,No,No,18,Yes,No,No,No internet service,No internet service,No internet service,No internet service,No internet service,No internet service,One year,Yes,Credit card (automatic),37.54,671.99,Yes
C3943-9724,Male,0,No,No,7,No,No phone service,DSL,No,Yes,No,No,No,Yes,Month-to-month,Yes,Bank transfer (automatic),64.84,486.78,No
C3944-2173,Female,1,Yes,No,18,Yes,No,DSL,No,No,Yes,No,No,No,Two year,No,Mailed check,63.92,1167.9,No
C3945-7597,Female,0,No,No,43,Yes,No,Fiber optic,No,No,No,No,Yes,No,Month-to-month,Yes,Bank transfer (automatic),91.27,3942.5,No
C3946-1209,Male,1,Yes,No,10,Yes,Yes,Fiber optic,No,No,No,No,Yes,No,Month-to-month,Yes,Electronic check,103.51,1041.19,Yes
C3947-4320,Female,0,No,No,5,Yes,Yes,No,No internet service,No internet service,No internet service,No internet service,No internet service,No internet service,Month-to-month,No,Electronic check,37.65,190.23,Yes
C3948-9729,Female,0,Yes,Yes,21,Yes,Yes,Fiber optic,Yes,Yes,Yes,Yes,No,Yes,Month-to-month,Yes,Electronic check,133.59,2837.49,No
C3949-2573,Male,0,Yes,No,7,Yes,Yes,No,No internet service,No internet service,No internet service,No internet service,No internet service,No internet service,Month-to-month,No,Electronic check,55.22,423.46,No
C3950-4392,Male,0,No,No,33,No,No phone service,DSL,No,Yes,No,No,No,Yes,Month-to-month,No,Bank transfer (automatic),64.82,2142.65,No
C3951-2975,Female,1,No,No,24,Yes,Yes,Fiber optic,No,Yes,Yes,No,No,Yes,Two year,No,Credit card (automatic),123.07,2951.15,No
C3952-7553,Female,0,No,No,21,Yes,No,Fiber optic,No,Yes,Yes,Yes,No,No,One year,Yes,Mailed check,102.73,2152.25,Yes
C3953-5174,Female,0,No,No,72,Yes,No,DSL,No,No,Yes,Yes,Yes,No,Two year,No,Credit card (automatic),85.75,6179.72,No
C3954-6337,Female,0,Yes,No,37,Yes,No,DSL,No,No,No,No,Yes,Yes,Two year,Yes,Credit card (automatic),87.25,3208.52,No
C3955-9482,Male,0,No,No,1,Yes,Yes,DSL,No,Yes,Yes,No,Yes,Yes,Month-to-month,No,Bank transfer (automatic),92.46,62.26,No
C3956-5688,Female,1,No,No,72,Yes,No,DSL,No,Yes,Yes,No,No,No,One year,Yes,Mailed check,68.75,4943.79,Yes
C3957-7606,Male,0,Yes,Yes,27,Yes,No,Fiber optic,No,No,No,No,No,Yes,Month-to-month,No,Bank transfer (automatic),95.14,2560.14,No
C3958-1881,Female,0,No,No,19,Yes,Yes,DSL,No,No,No,No,No,Yes,One year,No,Bank transfer (automatic),78.59,1482.46,No
C3959-2936,Male,1,Yes,Yes,31,Yes,Yes,Fiber optic,Yes,Yes,No,No,No,Yes,One year,No,Electronic check,126.65,3929.61,No
C3960-9520,Male,1,Yes,Yes,8,No,No phone service,Fiber optic,No,Yes,Yes,No,No,Yes,One year,No,Credit card (automatic),97.65,797.22,No
C3961-8735,Male,0,No,Yes,23,Yes,No,Fiber optic,Yes,No,Yes,No,No,Yes,Month-to-month,Yes,Bank transfer (automatic),109.37,2522.92,No
C3962-6909,Female,0,No,No,55,Yes,No,Fiber optic,No,Yes,Yes,No,Yes,No,Month-to-month,Yes,Mailed check,107.19,5908.6,No
C3963-4403,Female,0,No,No,20,Yes,No,Fiber optic,No,No,Yes,No,Yes,No,Two year,Yes,Electronic check,99.55,1988.24,No
C3964-2798,Male,0,No,No,16,Yes,No,No,No internet service,No internet service,No internet service,No internet service,No internet service,No internet service,Month-to-month,Yes,Bank transfer (automatic),29.7,479.42,No
C3965-8664,Female,0,Yes,No,13,No,No phone service,DSL,No,Yes,Yes,Yes,Yes,Yes,Month-to-month,Yes,Mailed check,75.37,1001.06,Yes
C3966-8066,Male,1,No,No,49,Yes,Yes,Fiber optic,No,No,Yes,Yes,Yes,No,Month-to-month,Yes,Bank transfer (automatic),106.85,5219.3,No
C3967-3175,Male,0,Yes,No,33,Yes,No,Fiber optic,No,No,Yes,Yes,Yes,Yes,One year,Yes,Mailed check,114.28,3774.29,No
C3968-6307,Female,1,Yes,Yes,72,Yes,No,No,No internet service,No internet service,No internet service,No internet service,No internet service,No internet service,Month-to-month,Yes,Mailed check,33.57,2420.67,No
C3969-6567,Female,0,Yes,Yes,72,No,No phone service,Fiber optic,Yes,No,No,No,Yes,Yes,Two year,Yes,Bank transfer (automatic),92.92,6684.21,No
C3970-5296,Female,0,Yes,No,21,No,No phone service,DSL,Yes,No,Yes,No,No,Yes,One year,No,Electronic check,73.8,1552.71,No
C3971-9339,Female,1,Yes,No,41,Yes,Yes,No,No internet service,No internet service,No internet service,No internet service,No internet service,No internet service,One year,No,Mailed check,49.68,2052.12,No
C3972-2116,Female,0,No,No,18,Yes,Yes,DSL,Yes,Yes,No,No,Yes,No,Month-to-month,No,Electronic check,97.48,1740.62,No
C3973-3320,Male,0,No,No,16,Yes,No,No,No internet service,No internet service,No internet service,No internet service,No internet service,No internet service,Month-to-month,Yes,Bank transfer (automatic),44.76,731.97,No
C3974-1855,Male,0,No,No,15,Yes,No,Fiber optic,Yes,No,No,Yes,No,Yes,One year,Yes,Electronic check,109.31,1652.4,No
C3975-7235,Female,0,Yes,Yes,13,Yes,Yes,DSL,No,No,No,Yes,No,Yes,Month-to-month,Yes,Electronic check,104.61,1328.66,No
C3976-6795,Male,0,No,No,55,Yes,No,Fiber optic,No,No,No,No,Yes,No,Month-to-month,Yes,Bank transfer (automatic),100.36,5504.32,Yes
C3977-9884,Female,0,Yes,No,16,Yes,No,Fiber optic,Yes,Yes,Yes,No,No,Yes,One year,No,Mailed check,112.01,1805.69,No
C3978-5880,Female,1,No,No,19,No,No phone service,DSL,Yes,No,No,No,No,No,One year,No,Mailed check,47.91,938.69,No
C3979-2355,Male,1,No,No,33,Yes,No,No,No internet service,No internet service,No internet service,No internet service,No internet service,No internet service,Two year,No,Electronic check,31.59,1046.85,Yes
C3980-5057,Male,0,Yes,Yes,31,Yes,Yes,DSL,No,Yes,Yes,No,No,No,One year,Yes,Credit card (automatic),87.19,2703.72,No
C3981-1795,Female,0,No,Yes,28,Yes,No,DSL,No,Yes,No,No,Yes,Yes,Month-to-month,Yes,Electronic check,75.06,2099.19,No
C3982-7037,Female,0,No,No,63,Yes,Yes,DSL,No,No,Yes,Yes,Yes,Yes,Two year,No,Credit card (automatic),99.29,6268.63,Yes
C3983-7067,Male,0,Yes,No,15,Yes,No,No,No internet service,No internet service,No internet service,No internet service,No internet service,No internet service,Two year,No,Mailed check,18.25,260.15,No
C3984-8717,Female,0,No,Yes,13,Yes,No,DSL,No,No,Yes,No,No,Yes,Month-to-month,Yes,Bank transfer (automatic),89.11,1168.11,No
C3985-4057,Female,0,No,No,0,Yes,No,No,No internet service,No internet service,No internet service,No internet service,No internet service,No internet service,Month-to-month,No,Mailed check,37.23,,Yes
C3986-3790,Female,1,Yes,Yes,42,Yes,No,Fiber optic,Yes,Yes,Yes,Yes,No,Yes,Month-to-month,Yes,Bank transfer (automatic),142.91,5975.99,No
C3987-1641,Female,0,Yes,Yes,40,Yes,No,Fiber optic,Yes,No,No,No,Yes,Yes,One year,No,Electronic check,108.87,4342.12,No
C3988-4735,Male,0,Yes,No,58,Yes,No,Fiber optic,No,Yes,No,No,No,Yes,Month-to-month,Yes,Electronic check,100.87,5843.46,No
C3989-5277,Male,1,No,No,21,No,No phone service,Fiber optic,No,No,No,No,No,Yes,Month-to-month,Yes,Electronic check,66.4,1378.27,No
C3990-7789,Female,0,Yes,Yes,24,Yes,No,DSL,No,No,Yes,No,No,No,Month-to-month,Yes,Mailed check,70.46,1722.42,No
C3991-7783,Female,1,No,No,54,Yes,No,Fiber optic,Yes,No,No,No,No,Yes,One year,No,Bank transfer (automatic),117.29,6328.17,No
C3992-2262,Female,1,Yes,No,18,Yes,Yes,Fiber optic,No,No,No,No,No,No,Month-to-month,Yes,Credit card (automatic),97.88,1742.71,No
C3993-3565,Female,0,No,No,27,Yes,Yes,DSL,No,No,No,Yes,Yes,Yes,Month-to-month,No,Bank transfer (automatic),102.85,2796.66,Yes
C3994-5602,Female,0,No,No,62,Yes,Yes,DSL,No,No,No,No,Yes,Yes,One year,No,Electronic check,87.3,5393.72,No
C3995-4015,Male,0,No,No,40,No,No phone service,DSL,Yes,Yes,Yes,No,Yes,No,One year,Yes,Credit card (automatic),85.16,3380.82,No
C3996-1229,Male,1,No,No,20,Yes,No,DSL,No,No,No,Yes,Yes,No,Month-to-month,Yes,Electronic check,85.58,1736.96,No
C3997-8610,Male,1,No,No,53,Yes,No,Fiber optic,No,Yes,No,No,No,Yes,Month-to-month,Yes,Bank transfer (automatic),96.01,5078.75,Yes
C3998-7580,Female,0,No,No,25,Yes,Yes,No,No internet service,No internet service,No internet service,No internet service,No internet service,No internet service,Month-to-month,No,Bank transfer (automatic),50.74,1283.35,Yes
C3999-5680,Female,0,Yes,No,54,Yes,No,No,No internet service,No internet service,No internet service,No internet service,No internet service,No internet service,Month-to-month,No,Bank transfer (automatic),46.82,2556.25,No
C4000-3857,Female,0,Yes,No,33,Yes,Yes,DSL,No,No,Yes,No,Yes,No,Month-to-month,Yes,Electronic check,70.32,2292.97,No
C4001-8583,Female,0,No,No,17,Yes,No,Fiber optic,Yes,No,No,No,No,No,Month-to-month,Yes,Mailed check,89.62,1509.14,No
C4002-1317,Female,0,Yes,No,9,Yes,No,Fiber optic,Yes,Yes,No,No,Yes,No,Month-to-month,Yes,Electronic check,95.76,860.59,No
C4003-5017,Female,1,Yes,Yes,47,Yes,No,Fiber optic,No,No,Yes,Yes,Yes,No,One year,No,Electronic check,116.35,5488.88,No
C4004-8207,Male,0,No,No,51,Yes,No,DSL,No,Yes,No,No,No,Yes,Month-to-month,No,Mailed check,84.06,4297.56,No
C4005-9575,Female,0,No,Yes,68,Yes,No,Fiber optic,Yes,Yes,No,Yes,Yes,No,Two year,Yes,Electronic check,114.82,7811.98,No
C4006-3262,Female,0,Yes,No,43,Yes,No,Fiber optic,No,Yes,No,No,No,Yes,Month-to-month,Yes,Credit card (automatic),101.25,4363.05,Yes
C4007-6856,Male,0,Yes,No,23,Yes,No,Fiber optic,No,No,No,No,No,No,Month-to-month,No,Electronic check,89.94,2057.04,No
C4008-2706,Male,0,Yes,No,32,Yes,No,DSL,No,Yes,No,No,No,Yes,One year,Yes,Electronic check,81.6,2622.29,No
C4009-2042,Male,1,Yes,No,28,Yes,No,Fiber optic,Yes,No,No,No,Yes,Yes,Two year,Yes,Electronic check,128.22,3587.27,No
C4010-4176,Female,0,Yes,No,22,Yes,Yes,DSL,No,No,Yes,No,Yes,Yes,Month-to-month,No,Credit card (automatic),92.22,2039.57,Yes
C4011-8964,Female,0,No,No,8,Yes,Yes,Fiber optic,No,Yes,Yes,Yes,No,No,Two year,No,Mailed check,118.01,934.48,No
C4012-7204,Female,0,No,No,9,Yes,Yes,No,No internet service,No internet service,No internet service,No internet service,No internet service,No internet service,One year,Yes,Credit card (automatic),50.97,459.15,No
C4013-5402,Female,0,Yes,No,48,Yes,Yes,DSL,Yes,Yes,No,Yes,Yes,No,Month-to-month,No,Credit card (automatic),108.6,5198.65,No
C4014-3545,Male,0,Yes,No,13,No,No phone service,Fiber optic,Yes,No,No,No,No,Yes,One year,Yes,Bank transfer (automatic),83.1,1084.06,No
C4015-2274,Male,1,No,No,21,Yes,Yes,Fiber optic,No,No,No,No,Yes,No,Month-to-month,No,Electronic check,105.71,2215.28,Yes
C4016-3436,Male,0,Yes,Yes,5,No,No phone service,Fiber optic,No,No,Yes,No,No,No,Month-to-month,Yes,Mailed check,74.82,366.28,No
C4017-2374,Male,0,Yes,Yes,5,Yes,No,Fiber optic,No,No,Yes,No,Yes,No,Month-to-month,Yes,Mailed check,99.93,500.72,No
C4018-2683,Female,0,Yes,Yes,13,Yes,Yes,Fiber optic,No,No,No,Yes,Yes,No,Month-to-month,No,Credit card (automatic),133.24,1701.69,No
C4019-7187,Female,0,No,No,47,Yes,Yes,Fiber optic,No,Yes,No,No,Yes,Yes,Month-to-month,Yes,Electronic check,118.13,5569.94,No
C4020-2194,Male,0,Yes,Yes,49,Yes,No,Fiber optic,Yes,No,Yes,No,No,No,Month-to-month,Yes,Mailed check,114.83,5607.93,Yes
C4021-1426,Male,0,Yes,Yes,31,Yes,Yes,DSL,No,Yes,Yes,No,Yes,Yes,Month-to-month,No,Credit card (automatic),98.89,3055.27,No
C4022-5880,Male,0,No,No,15,No,No phone service,DSL,No,No,Yes,No,No,Yes,Month-to-month,Yes,Electronic check,50.92,751.92,Yes
C4023-3579,Male,1,No,Yes,72,Yes,No,Fiber optic,Yes,Yes,Yes,Yes,Yes,Yes,One year,Yes,Bank transfer (automatic),119.0,8536.28,No
C4024-5092,Female,0,No,No,21,Yes,No,Fiber optic,No,No,No,No,No,Yes,One year,Yes,Electronic check,92.48,1956.82,No
C4025-2257,Female,0,No,No,72,Yes,Yes,DSL,No,No,Yes,No,Yes,No,One year,No,Bank transfer (automatic),70.99,5112.23,Yes
C4026-2889,Male,0,No,No,36,Yes,Yes,Fiber optic,No,No,Yes,Yes,Yes,No,Two year,Yes,Credit card (automatic),127.74,4599.67,No
C4027-4969,Female,1,Yes,Yes,56,Yes,Yes,Fiber optic,No,No,No,No,No,No,Two year,Yes,Mailed check,94.6,5330.15,No
C4028-7209,Male,0,Yes,Yes,56,Yes,Yes,Fiber optic,Yes,Yes,No,No,No,Yes,Month-to-month,Yes,Bank transfer (automatic),118.39,6619.13,No
C4029-4728,Female,1,Yes,Yes,3,Yes,Yes,DSL,No,Yes,Yes,Yes,No,No,Month-to-month,Yes,Electronic check,86.45,229.3,Yes
C4030-5874,Female,0,Yes,No,9,Yes,No,No,No internet service,No internet service,No internet service,No internet service,No internet service,No internet service,One year,Yes,Electronic check,26.77,248.87,No
C4031-5696,Female,1,Yes,No,19,Yes,Yes,No,No internet service,No internet service,No internet service,No internet service,No internet service,No internet service,Month-to-month,Yes,Electronic check,37.51,723.19,Yes
C4032-3419,Male,0,Yes,No,13,Yes,Yes,No,No internet service,No internet service,No internet service,No internet service,No internet service,No internet service,Month-to-month,No,Bank transfer (automatic),55.45,682.1,No
C4033-3516,Female,0,No,No,38,Yes,No,DSL,No,Yes,Yes,No,No,No,Two year,No,Mailed check,86.51,3260.13,No
C4034-4831,Female,0,No,No,40,Yes,No,Fiber optic,No,No,Yes,No,No,Yes,Month-to-month,Yes,Electronic check,101.19,4057.48,No
C4035-1288,Male,0,Yes,No,18,Yes,Yes,No,No internet service,No internet service,No internet service,No internet service,No internet service,No internet service,Month-to-month,No,Bank transfer (automatic),36.26,649.98,No
C4036-7167,Female,0,No,No,16,Yes,Yes,No,No internet service,No internet service,No internet service,No internet service,No internet service,No internet service,One year,No,Bank transfer (automatic),46.78,762.44,No
C4037-6528,Female,0,Yes,No,53,Yes,Yes,DSL,Yes,No,No,No,No,Yes,Two year,Yes,Bank transfer (automatic),96.65,5123.7,No
C4038-3754,Male,0,No,No,16,Yes,No,DSL,No,Yes,No,Yes,Yes,No,Two year,No,Credit card (automatic),101.25,1624.86,No
C4039-4363,Male,0,No,No,60,Yes,No,Fiber optic,No,No,No,Yes,Yes,Yes,Two year,Yes,Credit card (automatic),127.39,7651.07,No
C4040-3957,Male,0,Yes,Yes,32,Yes,No,DSL,No,Yes,No,No,No,No,Month-to-month,Yes,Electronic check,74.9,2398.36,No
C4041-6861,Female,0,Yes,Yes,32,Yes,Yes,DSL,Yes,Yes,Yes,No,Yes,Yes,One year,No,Mailed check,101.92,3256.53,No
C4042-7836,Male,1,No,No,11,Yes,Yes,Fiber optic,No,Yes,No,No,No,No,Month-to-month,No,Electronic check,105.19,1145.07,No
C4043-1977,Female,0,No,No,45,Yes,Yes,DSL,No,No,No,No,Yes,No,Two year,No,Credit card (automatic),74.25,3357.73,No
C4044-4719,Male,0,No,No,9,Yes,Yes,Fiber optic,No,Yes,No,No,Yes,No,Month-to-month,Yes,Credit card (automatic),119.91,1112.1,Yes
C4045-1123,Female,1,Yes,Yes,45,Yes,Yes,Fiber optic,Yes,Yes,No,Yes,Yes,No,Month-to-month,Yes,Credit card (automatic),135.38,6107.1,Yes
C4046-5069,Male,0,Yes,No,40,Yes,Yes,DSL,No,No,No,Yes,No,No,Two year,Yes,Mailed check,78.62,3132.15,No
C4047-3234,Male,0,Yes,No,41,Yes,No,No,No internet service,No internet service,No internet service,No internet service,No internet service,No internet service,One year,No,Mailed check,43.96,1784.52,No
C4048-4021,Female,0,No,No,40,Yes,No,Fiber optic,Yes,Yes,Yes,Yes,Yes,No,Month-to-month,Yes,Credit card (automatic),132.63,5281.54,No
C4049-5108,Female,0,Yes,Yes,52,Yes,Yes,No,No internet service,No internet service,No internet service,No internet service,No internet service,No internet service,Month-to-month,Yes,Electronic check,36.59,1900.45,No
C4050-3913,Male,0,Yes,Yes,37,Yes,Yes,DSL,No,No,Yes,Yes,No,Yes,Month-to-month,Yes,Bank transfer (automatic),102.87,3807.7,Yes
C4051-4546,Male,0,No,No,4,Yes,No,Fiber optic,Yes,Yes,No,Yes,Yes,Yes,Month-to-month,No,Credit card (automatic),124.66,490.96,Yes
C4052-7882,Male,0,No,No,34,Yes,No,Fiber optic,No,No,No,No,No,No,One year,No,Mailed check,84.19,2879.26,No
C4053-8291,Male,0,Yes,Yes,12,No,No phone service,No,No internet service,No internet service,No internet service,No internet service,No internet service,No internet service,Month-to-month,No,Credit card (automatic),18.25,215.62,No
C4054-1052,Male,0,No,No,6,No,No phone service,DSL,No,No,No,No,Yes,Yes,One year,Yes,Electronic check,62.09,371.7,No
C4055-4400,Female,0,No,No,10,Yes,No,Fiber optic,No,No,No,Yes,Yes,No,Month-to-month,Yes,Electronic check,107.52,1059.64,Yes
C4056-8621,Female,0,No,Yes,15,Yes,No,DSL,No,No,Yes,No,Yes,No,Two year,No,Credit card (automatic),96.65,1462.36,No
C4057-5773,Male,1,Yes,Yes,42,Yes,No,No,No internet service,No internet service,No internet service,No internet service,No internet service,No internet service,One year,Yes,Credit card (automatic),31.37,1310.76,No
C4058-2847,Female,0,No,No,21,Yes,No,DSL,Yes,No,Yes,Yes,Yes,No,Two year,No,Credit card (automatic),102.58,2110.99,No
C4059-6341,Male,0,Yes,No,52,Yes,Yes,Fiber optic,Yes,No,No,Yes,No,No,Month-to-month,Yes,Electronic check,120.91,6304.52,No
C4060-2304,Female,0,No,No,14,Yes,No,Fiber optic,No,Yes,No,No,Yes,Yes,Two year,Yes,Credit card (automatic),106.06,1462.67,No
C4061-1196,Female,1,No,Yes,21,Yes,Yes,DSL,No,Yes,No,No,Yes,No,Two year,No,Credit card (automatic),95.16,1976.71,No
C4062-6691,Female,0,No,No,14,Yes,Yes,DSL,No,No,Yes,No,No,No,Month-to-month,Yes,Electronic check,69.08,942.73,No
C4063-5635,Male,0,No,No,2,Yes,Yes,Fiber optic,Yes,No,No,Yes,Yes,Yes,Two year,Yes,Credit card (automatic),140.07,287.75,No
C4064-7807,Female,0,No,No,27,Yes,No,Fiber optic,No,Yes,Yes,Yes,No,Yes,One year,Yes,Bank transfer (automatic),114.69,3077.38,No
C4065-4103,Female,0,Yes,No,72,No,No phone service,Fiber optic,Yes,No,No,No,No,Yes,Two year,Yes,Electronic check,75.92,5469.84,No
C4066-8687,Male,0,Yes,No,7,Yes,Yes,DSL,No,No,No,No,Yes,No,One year,No,Credit card (automatic),79.52,553.11,No
C4067-4791,Female,0,Yes,Yes,45,Yes,Yes,Fiber optic,No,Yes,No,No,Yes,No,Two year,No,Credit card (automatic),111.03,5000.89,No
C4068-7641,Male,0,No,No,53,Yes,No,Fiber optic,No,No,No,No,Yes,No,Month-to-month,Yes,Mailed check,88.18,4698.92,Yes
C4069-1902,Male,0,Yes,Yes,28,Yes,Yes,Fiber optic,No,No,No,No,Yes,No,Month-to-month,Yes,Bank transfer (automatic),113.39,3196.48,Yes
C4070-1874,Female,0,No,No,8,Yes,Yes,Fiber optic,No,Yes,Yes,No,Yes,No,Month-to-month,Yes,Bank transfer (automatic),120.03,959.39,No
C4071-8044,Male,0,No,Yes,72,Yes,Yes,Fiber optic,No,No,Yes,Yes,No,No,One year,Yes,Credit card (automatic),111.14,8039.41,No
C4072-8505,Female,0,No,No,40,Yes,Yes,Fiber optic,No,Yes,No,No,No,Yes,Month-to-month,No,Electronic check,101.47,4053.5,Yes
C4073-9480,Female,0,Yes,No,72,Yes,No,No,No internet service,No internet service,No internet service,No internet service,No internet service,No internet service,Month-to-month,Yes,Mailed check,44.31,3170.03,Yes
C4074-3921,Male,0,No,No,4,Yes,Yes,DSL,No,No,Yes,Yes,No,Yes,Month-to-month,No,Mailed check,101.72,383.9,Yes
C4075-1200,Female,0,No,Yes,16,Yes,No,Fiber optic,Yes,No,Yes,Yes,No,No,Two year,Yes,Electronic check,113.3,1821.79,No
C4076-9818,Female,0,No,No,7,Yes,No,Fiber optic,No,No,Yes,No,No,No,One year,No,Electronic check,94.6,641.6,No
C4077-6411,Female,1,No,No,57,Yes,Yes,Fiber optic,No,No,Yes,No,Yes,No,Month-to-month,Yes,Credit card (automatic),106.82,6095.5,Yes
C4078-3223,Male,0,Yes,No,4,Yes,No,DSL,Yes,No,Yes,No,Yes,No,Month-to-month,No,Bank transfer (automatic),88.12,365.66,Yes
C4079-7873,Female,0,Yes,No,23,Yes,Yes,Fiber optic,No,No,No,Yes,No,Yes,Two year,No,Credit card (automatic),111.65,2571.57,No
C4080-9134,Female,0,No,No,21,Yes,No,Fiber optic,No,Yes,No,Yes,No,No,Month-to-month,Yes,Electronic check,109.23,2294.59,Yes
C4081-3562,Male,1,No,No,3,Yes,Yes,DSL,No,Yes,No,Yes,No,Yes,Month-to-month,No,Mailed check,97.61,294.11,Yes
C4082-7926,Female,0,No,No,43,Yes,Yes,Fiber optic,No,Yes,Yes,No,Yes,No,Two year,No,Credit card (automatic),103.19,4430.11,No
C4083-8087,Female,0,No,No,37,Yes,Yes,No,No internet service,No internet service,No internet service,No internet service,No internet service,No internet service,Two year,Yes,Electronic check,49.63,1855.62,No
C4084-5514,Female,0,No,No,15,Yes,No,Fiber optic,No,No,Yes,No,No,Yes,Month-to-month,No,Electronic check,98.59,1488.33,No
C4085-6690,Male,0,No,No,72,Yes,Yes,DSL,No,No,No,No,Yes,Yes,One year,Yes,Electronic check,78.22,5615.63,No
C4086-3425,Male,0,No,No,4,Yes,No,DSL,Yes,No,Yes,No,Yes,No,Two year,No,Electronic check,75.11,260.84,No
C4087-9361,Male,0,No,No,2,Yes,No,Fiber optic,No,Yes,No,No,Yes,No,Month-to-month,Yes,Mailed check,96.19,219.98,Yes
C4088-9846,Female,0,Yes,No,29,No,No phone service,No,No internet service,No internet service,No internet service,No internet service,No internet service,No internet service,One year,Yes,Credit card (automatic),18.25,544.54,No
C4089-9828,Male,0,Yes,Yes,10,Yes,Yes,Fiber optic,No,No,No,No,No,Yes,One year,Yes,Credit card (automatic),100.72,1023.6,No
C4090-7633,Male,1,Yes,Yes,24,Yes,No,Fiber optic,No,Yes,No,No,No,Yes,Month-to-month,Yes,Bank transfer (automatic),111.56,2655.44,No
C4091-1381,Male,0,Yes,No,63,Yes,Yes,DSL,No,No,Yes,Yes,No,No,Month-to-month,Yes,Electronic check,87.06,5467.59,No
C4092-4297,Female,1,No,No,6,Yes,Yes,DSL,Yes,Yes,Yes,No,No,No,Month-to-month,Yes,Bank transfer (automatic),83.33,510.98,Yes
C4093-5003,Male,1,No,No,57,No,No phone service,Fiber optic,No,No,Yes,No,No,No,Month-to-month,No,Electronic check,66.7,3796.77,No
C4094-9637,Female,1,Yes,Yes,7,Yes,No,Fiber optic,No,Yes,Yes,No,No,Yes,Month-to-month,Yes,Bank transfer (automatic),127.71,891.28,No
C4095-5922,Male,0,Yes,No,17,Yes,Yes,Fiber optic,No,No,Yes,No,Yes,Yes,Month-to-month,No,Bank transfer (automatic),118.69,2039.94,Yes
C4096-5824,Male,0,No,Yes,67,Yes,No,DSL,Yes,Yes,No,No,Yes,No,One year,No,Electronic check,88.03,5899.49,No
C4097-2320,Female,0,No,Yes,43,Yes,Yes,DSL,No,No,No,Yes,Yes,No,Two year,Yes,Mailed check,87.52,3767.04,No
C4098-8142,Female,0,No,No,11,Yes,No,DSL,No,No,No,Yes,Yes,Yes,Two year,No,Mailed check,71.57,803.45,No
C4099-4026,Male,0,Yes,No,34,Yes,No,No,No internet service,No internet service,No internet service,No internet service,No internet service,No internet service,Two year,Yes,Electronic check,24.25,808.04,No
C4100-1826,Female,0,Yes,Yes,16,Yes,Yes,DSL,No,Yes,Yes,Yes,Yes,Yes,One year,Yes,Mailed check,99.17,1591.39,Yes
C4101-9887,Male,0,No,No,18,Yes,No,Fiber optic,Yes,No,Yes,No,No,No,Month-to-month,No,Mailed check,96.51,1770.29,No
C4102-2710,Male,0,No,No,21,Yes,Yes,DSL,No,Yes,Yes,Yes,Yes,No,Month-to-month,No,Electronic check,93.27,1978.49,No
C4103-1146,Female,0,No,No,39,Yes,Yes,DSL,No,No,Yes,Yes,No,Yes,One year,Yes,Bank transfer (automatic),92.98,3619.3,No
C4104-1700,Male,0,No,No,28,Yes,No,DSL,No,Yes,Yes,Yes,No,No,Two year,No,Credit card (automatic),94.11,2638.38,No
C4105-5072,Male,0,Yes,Yes,22,Yes,No,Fiber optic,No,Yes,No,No,No,Yes,Month-to-month,Yes,Electronic check,112.42,2460.9,Yes
C4106-1926,Female,0,Yes,No,23,No,No phone service,DSL,No,No,Yes,Yes,No,Yes,One year,No,Electronic check,61.87,1420.71,Yes
C4107-8583,Female,0,Yes,No,31,Yes,No,Fiber optic,No,No,Yes,No,No,Yes,Two year,Yes,Electronic check,100.27,3099.43,No
C4108-5611,Female,0,Yes,Yes,27,No,No phone service,Fiber optic,Yes,No,Yes,No,Yes,No,One year,No,Electronic check,91.97,2480.64,No
C4109-3914,Female,0,Yes,No,16,Yes,Yes,No,No internet service,No internet service,No internet service,No internet service,No internet service,No internet service,One year,No,Bank transfer (automatic),47.8,779.59,Yes
C4110-1028,Male,0,Yes,No,32,Yes,No,Fiber optic,No,No,Yes,No,Yes,No,Two year,Yes,Electronic check,102.61,3269.94,No
C4111-5317,Male,0,Yes,No,36,Yes,No,Fiber optic,No,No,Yes,No,Yes,No,One year,No,Electronic check,107.17,3877.94,No
C4112-2361,Male,0,No,No,32,Yes,Yes,DSL,Yes,Yes,Yes,No,Yes,No,Month-to-month,Yes,Mailed check,107.28,3462.62,Yes
C4113-9801,Female,1,Yes,Yes,52,Yes,No,Fiber optic,Yes,No,No,No,No,No,Two year,Yes,Bank transfer (automatic),102.34,5295.95,No
C4114-3619,Male,1,No,No,14,Yes,No,Fiber optic,No,Yes,Yes,Yes,Yes,No,Two year,No,Electronic check,116.45,1632.92,No
C4115-5273,Male,0,Yes,Yes,14,Yes,No,Fiber optic,Yes,No,Yes,Yes,Yes,Yes,Month-to-month,No,Electronic check,129.81,1819.99,Yes
C4116-1167,Male,0,Yes,No,71,Yes,No,No,No internet service,No internet service,No internet service,No internet service,No internet service,No internet service,Two year,Yes,Bank transfer (automatic),18.25,1307.14,No
C4117-2178,Female,0,Yes,No,11,Yes,Yes,DSL,No,No,No,Yes,No,No,Month-to-month,Yes,Credit card (automatic),81.15,894.64,No
C4118-2867,Male,0,Yes,No,20,No,No phone service,Fiber optic,No,No,No,No,No,Yes,Two year,Yes,Credit card (automatic),80.34,1605.27,No
C4119-1465,Male,0,Yes,Yes,2,Yes,Yes,DSL,No,No,Yes,No,Yes,No,Month-to-month,Yes,Bank transfer (automatic),78.39,185.68,No
C4120-7533,Female,1,No,No,7,Yes,Yes,Fiber optic,Yes,Yes,No,No,No,Yes,Month-to-month,Yes,Bank transfer (automatic),126.26,906.85,No
C4121-9507,Male,0,No,No,18,Yes,No,Fiber optic,No,Yes,No,No,Yes,Yes,Two year,No,Electronic check,91.83,1647.85,Yes
C4122-9867,Female,0,Yes,No,17,Yes,Yes,No,No internet service,No internet service,No internet service,No internet service,No internet service,No internet service,Month-to-month,Yes,Mailed check,31.4,536.67,No
C4123-3392,Male,0,Yes,No,21,Yes,Yes,Fiber optic,No,No,No,No,Yes,Yes,Two year,Yes,Electronic check,110.47,2330.19,No
C4124-8097,Male,1,Yes,Yes,72,Yes,Yes,Fiber optic,No,No,No,No,Yes,Yes,One year,No,Bank transfer (automatic),89.62,6431.21,No
C4125-5536,Male,0,No,No,3,Yes,Yes,DSL,No,Yes,No,No,No,Yes,Month-to-month,Yes,Credit card (automatic),87.29,275.81,Yes
C4126-1412,Male,0,Yes,Yes,25,Yes,No,DSL,No,Yes,Yes,No,Yes,Yes,Two year,Yes,Credit card (automatic),103.43,2560.13,No
C4127-1816,Female,0,Yes,Yes,23,Yes,No,Fiber optic,No,No,No,No,Yes,No,Month-to-month,Yes,Mailed check,94.91,2198.1,No
C4128-5929,Male,0,No,Yes,72,Yes,Yes,DSL,Yes,No,No,Yes,No,No,Month-to-month,Yes,Mailed check,81.22,5840.95,Yes
C4129-4812,Female,0,No,Yes,48,Yes,No,Fiber optic,Yes,No,No,No,Yes,No,One year,No,Electronic check,110.02,5263.43,No
C4130-1075,Male,1,No,Yes,16,Yes,No,Fiber optic,Yes,No,Yes,No,No,No,Month-to-month,Yes,Electronic check,84.27,1353.36,No
C4131-9370,Female,0,Yes,Yes,69,Yes,No,Fiber optic,No,Yes,No,No,No,No,Month-to-month,Yes,Electronic check,98.48,6798.31,No
C4132-7572,Female,0,Yes,Yes,15,Yes,Yes,DSL,No,Yes,Yes,No,Yes,No,One year,Yes,Electronic check,93.76,1374.93,No
C4133-5521,Male,0,Yes,No,51,Yes,Yes,Fiber optic,No,No,No,No,No,No,Month-to-month,No,Electronic check,83.67,4236.0,Yes
C4134-9881,Female,0,No,No,72,Yes,Yes,No,No internet service,No internet service,No internet service,No internet service,No internet service,No internet service,Month-to-month,Yes,Electronic check,42.59,3063.33,No
C4135-9739,Male,1,No,No,28,Yes,No,DSL,No,No,No,No,No,No,One year,No,Bank transfer (automatic),65.18,1793.1,No
C4136-9764,Male,0,Yes,No,9,Yes,No,DSL,No,No,No,No,No,No,Month-to-month,Yes,Electronic check,67.13,595.37,Yes
C4137-3329,Female,0,No,No,3,Yes,No,Fiber optic,No,No,No,Yes,Yes,No,Month-to-month,Yes,Credit card (automatic),116.44,363.44,No
C4138-8927,Female,0,Yes,No,29,Yes,No,Fiber optic,Yes,No,Yes,No,No,No,Month-to-month,No,Bank transfer (automatic),100.02,2908.17,No
C4139-5540,Male,0,No,No,50,Yes,No,Fiber optic,Yes,Yes,Yes,Yes,Yes,Yes,Month-to-month,Yes,Electronic check,127.42,6361.77,No
C4140-7533,Male,1,Yes,No,72,Yes,No,No,No internet service,No internet service,No internet service,No internet service,No internet service,No internet service,One year,Yes,Electronic check,33.11,2376.82,No
C4141-8734,Female,0,Yes,No,64,Yes,Yes,Fiber optic,Yes,No,No,Yes,No,No,Month-to-month,Yes,Credit card (automatic),104.38,6688.29,No
C4142-2469,Male,0,Yes,Yes,26,Yes,No,No,No internet service,No internet service,No internet service,No internet service,No internet service,No internet service,Two year,Yes,Electronic check,52.83,1362.68,No
C4143-5033,Male,1,No,No,8,Yes,Yes,No,No internet service,No internet service,No internet service,No internet service,No internet service,No internet service,Month-to-month,No,Bank transfer (automatic),54.45,405.65,No
C4144-2159,Female,0,Yes,Yes,22,Yes,Yes,DSL,No,Yes,Yes,Yes,No,Yes,Month-to-month,Yes,Bank transfer (automatic),89.22,1951.47,No
C4145-3515,Male,0,Yes,Yes,72,Yes,No,DSL,No,No,No,No,No,No,Two year,No,Mailed check,66.86,4820.98,No
C4146-4721,Male,0,No,No,72,Yes,No,No,No internet service,No internet service,No internet service,No internet service,No internet service,No internet service,Month-to-month,Yes,Mailed check,34.15,2435.41,No
C4147-8698,Female,0,No,No,15,Yes,No,No,No internet service,No internet service,No internet service,No internet service,No internet service,No internet service,One year,Yes,Bank transfer (automatic),39.4,607.5,No
C4148-8763,Male,0,No,No,21,Yes,Yes,Fiber optic,No,Yes,Yes,No,No,Yes,Month-to-month,Yes,Mailed check,96.81,2020.59,Yes
C4149-4508,Male,0,No,No,72,Yes,No,DSL,No,No,No,No,Yes,Yes,Two year,Yes,Bank transfer (automatic),65.7,4764.71,No
C4150-3962,Male,0,No,No,70,Yes,Yes,DSL,No,Yes,No,No,Yes,No,Month-to-month,No,Mailed check,85.61,5985.09,Yes
C4151-5775,Female,0,No,No,16,Yes,Yes,No,No internet service,No internet service,No internet service,No internet service,No internet service,No internet service,Month-to-month,No,Mailed check,51.65,847.72,No
C4152-9205,Female,0,Yes,No,45,Yes,Yes,DSL,No,No,Yes,No,No,Yes,One year,No,Electronic check,86.02,3871.12,Yes
C4153-9787,Female,0,Yes,Yes,17,Yes,No,No,No internet service,No internet service,No internet service,No internet service,No internet service,No internet service,Month-to-month,Yes,Bank transfer (automatic),28.2,454.13,No
C4154-3040,Male,0,Yes,Yes,59,Yes,Yes,Fiber optic,No,Yes,Yes,No,Yes,No,Two year,No,Electronic check,120.8,7130.96,No
C4155-2678,Male,0,Yes,Yes,26,Yes,Yes,No,No internet service,No internet service,No internet service,No internet service,No internet service,No internet service,Two year,No,Electronic check,43.81,1115.72,No
C4156-7360,Female,0,Yes,No,19,Yes,Yes,DSL,No,No,Yes,Yes,Yes,No,One year,Yes,Mailed check,91.7,1716.28,No
C4157-3712,Male,0,Yes,No,48,Yes,Yes,No,No internet service,No internet service,No internet service,No internet service,No internet service,No internet service,Month-to-month,Yes,Electronic check,39.02,1886.36,Yes
C4158-2797,Male,0,Yes,No,27,Yes,Yes,Fiber optic,Yes,Yes,Yes,No,Yes,No,One year,Yes,Bank transfer (automatic),135.91,3675.77,No
C4159-1279,Female,0,No,No,47,Yes,No,Fiber optic,Yes,Yes,No,Yes,Yes,Yes,Month-to-month,Yes,Electronic check,120.83,5667.5,No
C4160-4628,Female,0,No,No,9,Yes,Yes,DSL,Yes,No,Yes,No,No,No,Month-to-month,No,Bank transfer (automatic),95.63,858.23,Yes
C4161-4526,Female,0,No,No,12,Yes,No,DSL,No,Yes,No,No,No,Yes,Month-to-month,No,Electronic check,76.7,914.76,No
C4162-6066,Male,0,No,No,24,Yes,Yes,DSL,No,No,No,No,No,Yes,Month-to-month,Yes,Credit card (automatic),66.05,1574.39,No
C4163-2801,Female,0,Yes,Yes,13,Yes,Yes,Fiber optic,Yes,Yes,No,No,No,No,Month-to-month,Yes,Electronic check,112.92,1457.74,No
C4164-7428,Male,0,Yes,No,18,No,No phone service,DSL,Yes,No,No,No,Yes,Yes,One year,Yes,Credit card (automatic),70.47,1265.67,No
C4165-7119,Male,0,Yes,No,24,No,No phone service,Fiber optic,No,No,No,No,Yes,Yes,Month-to-month,No,Electronic check,70.25,1681.08,Yes
C4166-5160,Male,0,No,No,14,No,No phone service,DSL,No,No,No,No,No,No,Month-to-month,No,Electronic check,53.35,741.9,No
C4167-2631,Female,0,Yes,Yes,72,Yes,Yes,Fiber optic,No,Yes,Yes,No,No,Yes,Month-to-month,Yes,Electronic check,113.55,8179.14,No
C4168-5562,Male,0,No,No,12,Yes,No,DSL,No,No,No,Yes,No,No,One year,Yes,Bank transfer (automatic),81.91,1002.83,Yes
C4169-7072,Female,0,Yes,Yes,23,Yes,Yes,No,No internet service,No internet service,No internet service,No internet service,No internet service,No internet service,One year,Yes,Mailed check,47.98,1125.96,Yes
C4170-4354,Female,0,No,No,24,Yes,Yes,DSL,Yes,No,No,No,Yes,No,Month-to-month,No,Bank transfer (automatic),81.39,1965.75,No
C4171-3371,Female,0,No,No,29,Yes,Yes,No,No internet service,No internet service,No internet service,No internet service,No internet service,No internet service,One year,Yes,Electronic check,42.02,1227.98,No
C4172-5558,Male,0,Yes,No,19,Yes,Yes,Fiber optic,No,No,No,Yes,No,Yes,Two year,No,Bank transfer (automatic),123.57,2339.58,No
C4173-4196,Male,1,No,No,51,Yes,No,DSL,No,Yes,No,No,No,Yes,Month-to-month,Yes,Credit card (automatic),85.27,4332.14,No
C4174-4604,Female,0,No,No,54,Yes,No,No,No internet service,No internet service,No internet service,No internet service,No internet service,No internet service,Two year,Yes,Mailed check,40.31,2174.04,No
C4175-4139,Female,0,No,No,15,No,No phone service,DSL,No,No,Yes,No,Yes,No,Two year,No,Bank transfer (automatic),66.19,997.08,No
C4176-3730,Male,0,No,No,57,Yes,Yes,Fiber optic,No,Yes,No,No,No,Yes,Two year,No,Bank transfer (automatic),117.44,6683.9,No
C4177-7450,Male,0,Yes,No,14,No,No phone service,Fiber optic,Yes,No,Yes,Yes,Yes,Yes,Month-to-month,Yes,Bank transfer (automatic),112.15,1543.66,No
C4178-5141,Female,0,Yes,No,23,Yes,No,No,No internet service,No internet service,No internet service,No internet service,No internet service,No internet service,Month-to-month,No,Mailed check,51.07,1194.9,No
C4179-5198,Female,0,No,No,26,Yes,No,DSL,Yes,Yes,Yes,Yes,No,Yes,One year,Yes,Electronic check,111.13,2886.69,Yes
C4180-6877,Male,0,Yes,No,14,Yes,Yes,DSL,No,Yes,Yes,No,Yes,No,Month-to-month,No,Mailed check,110.49,1565.78,No
C4181-4251,Male,0,Yes,No,5,Yes,No,No,No internet service,No internet service,No internet service,No internet service,No internet service,No internet service,Month-to-month,Yes,Electronic check,34.65,170.9,Yes
C4182-1909,Female,0,Yes,No,28,Yes,No,DSL,No,No,Yes,Yes,Yes,Yes,Month-to-month,No,Bank transfer (automatic),88.45,2493.19,No
C4183-8672,Male,0,No,No,9,Yes,Yes,Fiber optic,Yes,Yes,No,No,No,No,Month-to-month,Yes,Credit card (automatic),126.32,1144.61,Yes
C4184-1501,Male,0,Yes,Yes,72,Yes,Yes,No,No internet service,No internet service,No internet service,No internet service,No internet service,No internet service,Month-to-month,No,Mailed check,48.91,3540.01,No
C4185-6146,Female,0,No,No,17,Yes,No,DSL,No,Yes,Yes,No,No,No,Month-to-month,Yes,Electronic check,76.68,1315.42,No
C4186-3392,Male,0,Yes,Yes,46,Yes,Yes,DSL,No,No,No,No,No,Yes,One year,No,Electronic check,75.91,3489.26,No
C4187-2924,Male,0,Yes,Yes,44,Yes,Yes,DSL,No,Yes,No,No,No,No,Month-to-month,No,Electronic check,83.85,3689.3,No
C4188-1377,Female,1,Yes,Yes,13,Yes,No,No,No internet service,No internet service,No internet service,No internet service,No internet service,No internet service,Month-to-month,Yes,Electronic check,32.59,452.88,No
C4189-9099,Female,0,Yes,No,17,Yes,No,No,No internet service,No internet service,No internet service,No internet service,No internet service,No internet service,Two year,No,Bank transfer (automatic),31.05,523.09,No
C4190-4862,Female,0,Yes,Yes,17,Yes,Yes,No,No internet service,No internet service,No internet service,No internet service,No internet service,No internet service,One year,No,Mailed check,47.46,814.35,No
C4191-4083,Female,0,No,No,32,Yes,Yes,Fiber optic,Yes,No,Yes,No,Yes,No,Month-to-month,Yes,Credit card (automatic),119.02,3817.48,No
C4192-7670,Male,0,Yes,No,72,Yes,Yes,Fiber optic,Yes,Yes,No,Yes,No,No,Month-to-month,No,Mailed check,119.84,8640.16,Yes
C4193-1350,Male,0,Yes,No,30,Yes,No,No,No internet service,No internet service,No internet service,No internet service,No internet service,No internet service,One year,Yes,Bank transfer (automatic),30.92,924.33,No
C4194-6080,Male,0,Yes,Yes,16,Yes,Yes,No,No internet service,No internet service,No internet service,No internet service,No internet service,No internet service,One year,No,Electronic check,40.42,664.33,No
C4195-5450,Male,0,Yes,No,33,Yes,No,DSL,Yes,No,No,No,Yes,No,Two year,No,Mailed check,86.37,2851.11,No
C4196-5980,Female,0,No,No,9,Yes,No,DSL,No,Yes,No,No,No,Yes,Month-to-month,No,Bank transfer (automatic),79.34,684.92,Yes
C4197-2115,Male,0,Yes,Yes,12,Yes,Yes,Fiber optic,No,Yes,No,No,No,Yes,One year,Yes,Electronic check,124.37,1493.76,No
C4198-9571,Female,0,No,No,72,Yes,No,Fiber optic,Yes,No,Yes,No,Yes,No,Month-to-month,Yes,Credit card (automatic),110.28,7946.18,Yes
C4199-3145,Female,0,Yes,Yes,21,No,No phone service,Fiber optic,No,No,Yes,No,Yes,Yes,Two year,Yes,Bank transfer (automatic),87.27,1827.35,No
C4200-7105,Female,0,Yes,No,12,Yes,Yes,DSL,No,Yes,Yes,Yes,Yes,No,Month-to-month,Yes,Mailed check,88.21,1058.84,No
C4201-7723,Male,0,No,No,7,Yes,No,No,No internet service,No internet service,No internet service,No internet service,No internet service,No internet service,Month-to-month,No,Credit card (automatic),30.74,217.36,Yes
C4202-4095,Male,0,Yes,No,24,Yes,Yes,Fiber optic,No,No,Yes,Yes,Yes,No,One year,No,Bank transfer (automatic),109.7,2651.53,No
C4203-2176,Female,0,No,Yes,8,Yes,Yes,DSL,Yes,No,No,Yes,Yes,Yes,One year,Yes,Electronic check,102.98,831.0,Yes
C4204-3669,Male,0,No,No,60,Yes,Yes,Fiber optic,No,Yes,Yes,No,Yes,No,One year,No,Credit card (automatic),104.76,6312.89,No
C4205-8261,Male,0,Yes,No,44,Yes,Yes,No,No internet service,No internet service,No internet service,No internet service,No internet service,No internet service,Month-to-month,Yes,Mailed check,46.72,2040.08,Yes
C4206-9157,Female,0,No,No,15,Yes,No,Fiber optic,No,No,No,No,No,No,Two year,Yes,Credit card (automatic),89.46,1330.5,No
C4207-9431,Male,0,Yes,Yes,72,Yes,Yes,No,No internet service,No internet service,No internet service,No internet service,No internet service,No internet service,One year,Yes,Electronic check,35.16,2542.55,No
C4208-3036,Male,0,No,No,17,Yes,Yes,No,No internet service,No internet service,No internet service,No internet service,No internet service,No internet service,Month-to-month,No,Mailed check,44.16,761.87,No
C4209-6458,Female,0,No,No,20,Yes,No,DSL,No,No,No,No,Yes,Yes,Two year,Yes,Mailed check,72.1,1458.2,No
C4210-2359,Male,0,Yes,Yes,12,Yes,Yes,DSL,Yes,Yes,No,Yes,No,No,Month-to-month,Yes,Electronic check,95.47,1140.19,No
C4211-7392,Male,0,Yes,No,41,Yes,No,DSL,Yes,No,No,No,No,No,One year,Yes,Bank transfer (automatic),68.98,2814.33,No
C4212-4742,Male,0,No,No,9,No,No phone service,Fiber optic,No,No,No,No,No,No,Month-to-month,Yes,Bank transfer (automatic),77.69,693.92,No
C4213-7421,Female,0,Yes,Yes,16,Yes,No,Fiber optic,No,No,Yes,No,Yes,Yes,Month-to-month,Yes,Electronic check,92.46,1440.01,No
C4214-7165,Female,0,No,No,14,Yes,No,Fiber optic,No,Yes,No,No,Yes,Yes,Month-to-month,Yes,Credit card (automatic),119.07,1682.36,No
C4215-9934,Male,0,Yes,No,30,Yes,No,Fiber optic,No,No,No,No,No,No,Month-to-month,Yes,Bank transfer (automatic),75.89,2266.87,No
C4216-5397,Female,0,Yes,Yes,6,Yes,Yes,DSL,No,No,No,Yes,Yes,Yes,Month-to-month,Yes,Credit card (automatic),100.42,588.06,Yes
C4217-4073,Female,0,No,Yes,22,No,No phone service,DSL,No,Yes,No,Yes,No,Yes,Month-to-month,No,Bank transfer (automatic),55.08,1214.01,No
C4218-5740,Female,1,No,No,60,Yes,Yes,Fiber optic,No,Yes,Yes,No,Yes,Yes,One year,Yes,Electronic check,127.44,7668.96,Yes
C4219-2465,Male,0,No,No,7,Yes,Yes,DSL,No,No,No,No,Yes,Yes,Month-to-month,No,Bank transfer (automatic),94.45,671.45,Yes
C4220-2005,Female,0,No,No,43,Yes,Yes,DSL,No,No,Yes,No,No,No,One year,No,Electronic check,76.51,3285.12,No
C4221-5671,Male,0,Yes,Yes,49,No,No phone service,No,No internet service,No internet service,No internet service,No internet service,No internet service,No internet service,Month-to-month,No,Electronic check,21.96,1086.47,No
C4222-8427,Female,0,Yes,Yes,21,Yes,Yes,Fiber optic,No,Yes,No,No,Yes,No,Month-to-month,Yes,Bank transfer (automatic),104.01,2191.88,No
C4223-5798,Female,0,Yes,No,2,Yes,No,Fiber optic,Yes,No,No,Yes,No,No,Month-to-month,Yes,Mailed check,110.86,249.19,No
C4224-8036,Female,0,Yes,Yes,41,Yes,Yes,DSL,Yes,Yes,No,No,Yes,Yes,One year,No,Bank transfer (automatic),93.71,3860.55,No
C4225-2601,Male,0,Yes,Yes,59,Yes,Yes,No,No internet service,No internet service,No internet service,No internet service,No internet service,No internet service,Month-to-month,Yes,Credit card (automatic),39.27,2311.57,Yes
C4226-5044,Female,0,No,No,72,Yes,No,No,No internet service,No internet service,No internet service,No internet service,No internet service,No internet service,Two year,No,Electronic check,38.38,2764.08,No
C4227-6517,Female,0,Yes,Yes,27,Yes,No,Fiber optic,No,Yes,No,Yes,No,No,One year,No,Bank transfer (automatic),108.33,2928.51,No
C4228-4128,Male,0,Yes,Yes,4,Yes,Yes,DSL,Yes,Yes,Yes,No,No,No,Two year,Yes,Mailed check,88.1,320.09,No
C4229-1127,Male,1,No,No,41,No,No phone service,No,No internet service,No internet service,No internet service,No internet service,No internet service,No internet service,Month-to-month,Yes,Electronic check,18.25,696.54,No
C4230-1660,Female,0,Yes,Yes,5,Yes,Yes,Fiber optic,Yes,No,Yes,No,Yes,Yes,One year,Yes,Mailed check,121.2,608.32,No
C4231-9348,Female,0,No,No,36,Yes,No,No,No internet service,No internet service,No internet service,No internet service,No internet service,No internet service,One year,No,Electronic check,46.74,1695.88,No
C4232-6445,Male,0,Yes,Yes,46,Yes,No,Fiber optic,No,No,Yes,Yes,No,Yes,Month-to-month,Yes,Electronic check,116.2,5392.51,Yes
C4233-3380,Female,0,Yes,Yes,61,Yes,No,No,No internet service,No internet service,No internet service,No internet service,No internet service,No internet service,Two year,Yes,Bank transfer (automatic),30.41,1852.68,No
C4234-3329,Female,0,No,No,16,No,No phone service,Fiber optic,No,No,No,No,No,Yes,Month-to-month,Yes,Bank transfer (automatic),51.65,822.09,Yes
C4235-1356,Female,0,No,No,10,Yes,No,Fiber optic,No,Yes,Yes,No,No,No,Month-to-month,Yes,Mailed check,88.33,903.77,Yes
C4236-9502,Male,0,No,No,27,Yes,No,Fiber optic,No,Yes,Yes,No,No,Yes,One year,Yes,Mailed check,120.03,3222.96,No
C4237-1974,Female,0,Yes,No,6,Yes,Yes,DSL,No,No,No,No,No,Yes,Month-to-month,Yes,Mailed check,93.1,590.61,Yes
C4238-7834,Female,0,Yes,No,18,Yes,No,Fiber optic,No,Yes,Yes,Yes,No,Yes,Month-to-month,No,Credit card (automatic),112.8,2014.97,No
C4239-3162,Female,0,No,Yes,14,Yes,No,Fiber optic,No,No,No,No,Yes,No,One year,No,Bank transfer (automatic),92.83,1306.95,No
C4240-4020,Male,0,Yes,No,53,Yes,No,Fiber optic,No,No,No,Yes,Yes,No,Month-to-month,Yes,Mailed check,102.34,5425.82,No
C4241-3464,Male,1,No,No,72,Yes,No,Fiber optic,Yes,No,Yes,No,No,No,One year,Yes,Mailed check,101.98,7320.09,No
C4242-8419,Male,0,Yes,Yes,38,Yes,Yes,DSL,No,No,No,Yes,No,Yes,Month-to-month,Yes,Electronic check,96.9,3675.29,No
C4243-1295,Female,1,Yes,Yes,48,No,No phone service,DSL,No,Yes,Yes,Yes,Yes,No,Two year,Yes,Mailed check,82.55,3945.59,No
C4244-4170,Female,1,Yes,Yes,27,Yes,No,Fiber optic,No,Yes,Yes,Yes,No,No,Month-to-month,Yes,Electronic check,99.12,2668.09,No
C4245-3513,Female,0,No,No,25,Yes,Yes,DSL,No,No,Yes,Yes,No,No,Month-to-month,Yes,Mailed check,80.24,2024.84,No
C4246-3456,Male,0,Yes,No,5,Yes,No,DSL,No,No,No,Yes,No,Yes,Month-to-month,No,Bank transfer (automatic),80.02,368.57,No
C4247-2736,Male,0,No,No,33,Yes,Yes,Fiber optic,No,No,Yes,No,No,Yes,One year,Yes,Electronic check,125.67,4112.63,Yes
C4248-9211,Female,0,Yes,No,46,Yes,Yes,Fiber optic,No,No,Yes,No,No,No,Month-to-month,No,Electronic check,106.53,4898.76,Yes
C4249-4407,Male,0,Yes,Yes,20,Yes,No,No,No internet service,No internet service,No internet service,No internet service,No internet service,No internet service,Month-to-month,Yes,Bank transfer (automatic),39.8,774.2,Yes
C4250-4763,Male,0,Yes,Yes,21,Yes,No,Fiber optic,No,Yes,Yes,Yes,Yes,Yes,Month-to-month,No,Electronic check,119.91,2530.85,No
C4251-4466,Male,0,No,No,2,Yes,Yes,Fiber optic,No,No,Yes,No,Yes,Yes,Month-to-month,Yes,Credit card (automatic),108.76,217.05,Yes
C4252-9820,Female,1,No,Yes,21,Yes,Yes,DSL,No,Yes,No,Yes,Yes,Yes,Two year,Yes,Mailed check,94.09,1991.3,No
C4253-4050,Male,0,No,No,53,Yes,No,DSL,No,No,No,No,No,Yes,One year,No,Mailed check,65.65,3448.86,No
C4254-4074,Female,1,Yes,Yes,32,Yes,Yes,Fiber optic,No,No,No,No,No,Yes,Month-to-month,Yes,Mailed check,112.0,3587.26,Yes
C4255-3950,Female,0,No,No,23,Yes,Yes,Fiber optic,No,No,Yes,No,Yes,Yes,Month-to-month,Yes,Bank transfer (automatic),126.85,2962.59,Yes
C4256-3942,Female,0,Yes,No,8,Yes,No,Fiber optic,Yes,No,No,No,No,No,One year,Yes,Electronic check,102.85,834.34,No
C4257-1807,Male,0,No,No,16,Yes,Yes,Fiber optic,Yes,Yes,Yes,No,Yes,No,One year,Yes,Mailed check,119.53,1923.16,No
C4258-6437,Male,1,No,No,13,Yes,No,DSL,No,Yes,Yes,Yes,No,Yes,Month-to-month,Yes,Mailed check,92.48,1219.2,No
C4259-1226,Female,1,Yes,No,9,Yes,Yes,Fiber optic,Yes,No,No,No,No,No,Two year,Yes,Bank transfer (automatic),126.41,1128.83,No
C4260-3033,Female,1,No,No,32,Yes,No,DSL,No,No,No,No,No,No,Month-to-month,No,Electronic check,70.62,2251.92,Yes
C4261-2818,Male,0,No,No,16,Yes,Yes,Fiber optic,No,Yes,No,No,No,No,Month-to-month,No,Electronic check,100.3,1583.89,Yes
C4262-3623,Male,0,Yes,No,49,Yes,No,Fiber optic,No,No,No,No,Yes,No,Two year,Yes,Electronic check,86.64,4248.67,No
C4263-7809,Female,0,Yes,Yes,23,Yes,No,Fiber optic,Yes,Yes,No,No,Yes,No,One year,No,Electronic check,114.98,2688.81,No
C4264-6394,Female,1,Yes,No,72,Yes,Yes,Fiber optic,No,No,Yes,Yes,Yes,No,Month-to-month,Yes,Credit card (automatic),119.6,8622.2,Yes
C4265-9916,Female,0,No,No,16,Yes,Yes,Fiber optic,No,No,Yes,No,No,No,Two year,Yes,Mailed check,96.78,1521.94,Yes
C4266-4160,Female,0,No,Yes,59,Yes,Yes,No,No internet service,No internet service,No internet service,No internet service,No internet service,No internet service,Two year,No,Bank transfer (automatic),50.9,2992.05,No
C4267-9355,Male,0,Yes,Yes,68,Yes,No,DSL,No,Yes,Yes,No,No,Yes,Two year,Yes,Mailed check,77.78,5301.05,No
C4268-1404,Female,0,Yes,No,15,Yes,No,No,No internet service,No internet service,No internet service,No internet service,No internet service,No internet service,One year,Yes,Mailed check,51.83,782.23,No
C4269-5537,Male,0,Yes,Yes,22,Yes,No,Fiber optic,No,Yes,Yes,Yes,Yes,Yes,One year,Yes,Mailed check,120.36,2644.73,No
C4270-8188,Male,0,Yes,No,18,Yes,Yes,Fiber optic,No,Yes,Yes,Yes,Yes,Yes,Month-to-month,No,Credit card (automatic),137.42,2460.81,No
C4271-5785,Male,0,Yes,Yes,14,Yes,Yes,DSL,Yes,No,No,No,No,No,Month-to-month,Yes,Credit card (automatic),90.84,1252.31,No
C4272-9398,Male,0,Yes,No,40,Yes,Yes,DSL,No,No,Yes,No,Yes,Yes,Month-to-month,No,Bank transfer (automatic),88.57,3518.8,No
C4273-3830,Female,0,Yes,Yes,43,Yes,Yes,No,No internet service,No internet service,No internet service,No internet service,No internet service,No internet service,Two year,Yes,Mailed check,49.68,2161.7,No
C4274-1299,Female,0,No,Yes,13,Yes,Yes,DSL,Yes,No,No,No,No,Yes,Month-to-month,Yes,Credit card (automatic),104.31,1360.42,No
C4275-7964,Male,0,No,Yes,13,No,No phone service,Fiber optic,No,No,No,No,Yes,Yes,Two year,No,Bank transfer (automatic),94.64,1248.04,No
C4276-1611,Male,0,Yes,Yes,24,Yes,Yes,DSL,Yes,Yes,No,Yes,Yes,No,Month-to-month,Yes,Electronic check,84.38,2028.15,No
C4277-7882,Male,0,No,Yes,23,Yes,Yes,DSL,Yes,No,No,Yes,No,No,Month-to-month,No,Credit card (automatic),91.05,2097.72,No
C4278-7600,Female,0,Yes,No,5,Yes,No,No,No internet service,No internet service,No internet service,No internet service,No internet service,No internet service,Month-to-month,Yes,Electronic check,49.69,245.75,Yes
C4279-8597,Male,0,Yes,No,41,Yes,No,Fiber optic,Yes,No,Yes,No,No,Yes,Month-to-month,Yes,Electronic check,117.64,4816.64,No
C4280-5309,Female,1,No,Yes,4,Yes,No,Fiber optic,No,Yes,Yes,Yes,No,No,Month-to-month,Yes,Mailed check,113.48,432.67,No
C4281-9058,Female,0,No,No,12,Yes,Yes,DSL,No,Yes,Yes,Yes,Yes,No,Month-to-month,Yes,Mailed check,113.25,1346.91,No
C4282-2528,Male,0,Yes,No,28,Yes,No,DSL,No,No,No,No,Yes,No,One year,No,Electronic check,73.16,2020.35,No
C4283-4908,Female,0,Yes,No,40,Yes,No,Fiber optic,No,No,Yes,No,No,No,Month-to-month,No,Electronic check,118.14,4705.8,No
C4284-2096,Female,0,No,No,11,Yes,No,DSL,Yes,No,No,No,No,Yes,Month-to-month,Yes,Electronic check,72.4,796.95,No
C4285-7901,Female,0,Yes,No,21,Yes,No,DSL,Yes,No,No,No,Yes,Yes,Month-to-month,Yes,Electronic check,89.01,1861.57,No
C4286-7427,Female,1,No,No,16,Yes,Yes,Fiber optic,Yes,Yes,No,No,No,Yes,Month-to-month,No,Bank transfer (automatic),112.83,1803.94,No
C4287-8256,Male,0,Yes,No,1,Yes,Yes,DSL,Yes,Yes,No,Yes,Yes,Yes,One year,No,Electronic check,118.88,139.41,No
C4288-7878,Male,1,Yes,No,17,No,No phone service,No,No internet service,No internet service,No internet service,No internet service,No internet service,No internet service,Two year,No,Bank transfer (automatic),19.07,336.22,No
C4289-3775,Male,0,No,No,9,Yes,No,Fiber optic,Yes,Yes,No,No,Yes,Yes,Month-to-month,Yes,Mailed check,101.95,921.56,Yes
C4290-1612,Female,0,No,No,24,Yes,Yes,DSL,Yes,No,Yes,No,Yes,No,Month-to-month,Yes,Electronic check,79.64,1889.27,No
C4291-9362,Male,0,Yes,Yes,7,Yes,No,Fiber optic,No,No,Yes,Yes,Yes,No,Month-to-month,No,Credit card (automatic),95.87,651.9,No
C4292-5434,Male,0,No,No,16,Yes,Yes,Fiber optic,Yes,No,No,No,No,No,One year,No,Credit card (automatic),88.25,1400.67,No
C4293-1848,Female,0,No,No,21,Yes,No,Fiber optic,No,Yes,Yes,No,No,Yes,Month-to-month,No,Electronic check,115.32,2408.81,No
C4294-9342,Male,0,Yes,Yes,25,Yes,No,No,No internet service,No internet service,No internet service,No internet service,No internet service,No internet service,One year,No,Mailed check,34.06,816.61,No
C4295-9947,Male,0,Yes,Yes,19,No,No phone service,Fiber optic,No,No,No,Yes,Yes,Yes,Month-to-month,No,Bank transfer (automatic),90.57,1746.74,Yes
C4296-5009,Male,0,Yes,Yes,57,Yes,No,DSL,Yes,No,Yes,No,No,No,One year,Yes,Bank transfer (automatic),84.08,4796.53,No
C4297-7930,Male,0,No,No,29,Yes,No,Fiber optic,Yes,No,Yes,No,No,No,Month-to-month,Yes,Bank transfer (automatic),89.6,2608.62,Yes
C4298-1326,Male,0,No,No,38,Yes,Yes,Fiber optic,No,Yes,No,Yes,Yes,Yes,Month-to-month,Yes,Electronic check,120.32,4565.85,No
C4299-1839,Male,0,Yes,Yes,22,Yes,No,DSL,No,Yes,Yes,Yes,No,Yes,Month-to-month,Yes,Mailed check,111.1,2449.12,Yes
C4300-3488,Male,0,No,No,7,Yes,Yes,No,No internet service,No internet service,No internet service,No internet service,No internet service,No internet service,One year,Yes,Mailed check,56.16,391.3,No
C4301-6905,Male,0,Yes,Yes,6,Yes,Yes,DSL,No,Yes,Yes,No,No,No,One year,No,Electronic check,91.95,568.97,No
C4302-2200,Female,0,No,No,19,Yes,Yes,DSL,No,No,No,No,No,Yes,One year,No,Mailed check,83.95,1607.38,No
C4303-1307,Male,0,No,No,66,Yes,No,No,No internet service,No internet service,No internet service,No internet service,No internet service,No internet service,Month-to-month,Yes,Mailed check,37.8,2490.34,No
C4304-7018,Male,0,Yes,No,28,Yes,Yes,DSL,No,Yes,Yes,No,No,Yes,One year,No,Electronic check,85.97,2383.04,No
C4305-7930,Female,0,Yes,No,47,Yes,No,DSL,No,Yes,Yes,No,No,Yes,Month-to-month,No,Electronic check,100.1,4684.15,No
C4306-7652,Male,1,Yes,No,10,No,No phone service,DSL,Yes,No,No,Yes,Yes,Yes,One year,Yes,Electronic check,58.9,580.21,Yes
C4307-8192,Male,0,No,No,25,Yes,No,Fiber optic,No,Yes,Yes,Yes,No,Yes,One year,Yes,Credit card (automatic),103.98,2601.1,No
C4308-8224,Male,0,Yes,Yes,58,Yes,Yes,DSL,No,No,No,Yes,Yes,No,Month-to-month,No,Mailed check,87.94,5080.24,Yes
C4309-6421,Male,0,No,No,48,Yes,No,Fiber optic,No,Yes,Yes,No,Yes,Yes,Two year,Yes,Electronic check,116.88,5605.17,No
C4310-5674,Female,0,Yes,No,14,Yes,Yes,Fiber optic,No,Yes,Yes,No,Yes,No,Two year,No,Electronic check,129.65,1831.86,No
C4311-8710,Male,0,Yes,Yes,22,Yes,Yes,Fiber optic,Yes,No,No,No,No,Yes,Two year,No,Credit card (automatic),93.6,2073.84,No
C4312-4131,Male,0,No,No,50,Yes,No,No,No internet service,No internet service,No internet service,No internet service,No internet service,No internet service,Month-to-month,Yes,Credit card (automatic),41.68,2077.79,No
C4313-1880,Female,0,Yes,No,13,Yes,Yes,No,No internet service,No internet service,No internet service,No internet service,No internet service,No internet service,Two year,No,Bank transfer (automatic),47.78,620.87,No
C4314-7766,Male,1,No,No,21,Yes,No,DSL,No,No,Yes,Yes,Yes,No,Month-to-month,Yes,Credit card (automatic),85.58,1817.45,No
C4315-3483,Female,0,Yes,No,3,Yes,No,No,No internet service,No internet service,No internet service,No internet service,No internet service,No internet service,Month-to-month,No,Electronic check,26.78,104.04,No
C4316-9808,Female,0,Yes,No,45,Yes,No,DSL,No,Yes,Yes,Yes,Yes,Yes,Month-to-month,Yes,Electronic check,96.43,4344.62,No
C4317-4727,Male,0,Yes,No,42,Yes,Yes,No,No internet service,No internet service,No internet service,No internet service,No internet service,No internet service,Month-to-month,Yes,Electronic check,43.84,1855.85,No
C4318-8665,Male,0,Yes,Yes,3,Yes,No,Fiber optic,Yes,No,No,Yes,No,Yes,Month-to-month,Yes,Mailed check,128.37,400.32,No
C4319-1382,Male,1,No,Yes,21,Yes,No,DSL,No,Yes,No,No,No,No,Two year,No,Mailed check,77.05,1614.15,No
C4320-6932,Female,0,Yes,No,54,Yes,Yes,Fiber optic,No,No,Yes,No,Yes,Yes,Month-to-month,No,Bank transfer (automatic),107.5,5795.05,Yes
C4321-5033,Male,0,Yes,Yes,8,Yes,Yes,Fiber optic,Yes,Yes,No,No,Yes,No,Month-to-month,Yes,Bank transfer (automatic),130.16,1056.09,Yes
C4322-5162,Female,1,Yes,Yes,31,Yes,Yes,No,No internet service,No internet service,No internet service,No internet service,No internet service,No internet service,Two year,No,Credit card (automatic),52.08,1637.53,No
C4323-3386,Male,0,No,No,16,Yes,No,Fiber optic,No,Yes,No,Yes,Yes,Yes,Month-to-month,No,Bank transfer (automatic),115.09,1831.12,Yes
C4324-9739,Male,0,No,No,53,Yes,No,Fiber optic,Yes,No,No,Yes,Yes,No,Two year,Yes,Electronic check,108.4,5733.34,No
C4325-4534,Male,0,No,Yes,2,Yes,No,Fiber optic,No,No,Yes,No,No,Yes,Two year,No,Mailed check,97.81,186.78,No
C4326-8653,Female,0,No,No,3,No,No phone service,Fiber optic,No,Yes,Yes,No,Yes,No,Month-to-month,No,Electronic check,90.37,240.56,No
C4327-4825,Male,0,Yes,No,13,Yes,No,Fiber optic,No,Yes,No,No,No,No,Month-to-month,Yes,Bank transfer (automatic),99.28,1261.8,No
C4328-1434,Female,0,Yes,Yes,25,Yes,Yes,Fiber optic,No,Yes,No,No,No,No,Month-to-month,No,Electronic check,103.71,2567.48,No
C4329-8913,Male,0,No,No,25,Yes,Yes,No,No internet service,No internet service,No internet service,No internet service,No internet service,No internet service,Two year,Yes,Credit card (automatic),44.4,1106.23,No
C4330-2665,Female,1,Yes,No,4,Yes,No,Fiber optic,No,No,No,No,Yes,Yes,Month-to-month,No,Electronic check,104.09,406.85,Yes
C4331-3432,Male,0,No,No,34,Yes,No,Fiber optic,No,No,No,Yes,No,No,Month-to-month,No,Mailed check,100.4,3402.43,Yes
C4332-8749,Female,0,No,No,40,Yes,Yes,No,No internet service,No internet service,No internet service,No internet service,No internet service,No internet service,One year,Yes,Bank transfer (automatic),49.06,1958.1,No
C4333-9042,Male,1,Yes,Yes,25,Yes,No,Fiber optic,No,No,Yes,No,Yes,Yes,One year,No,Bank transfer (automatic),114.55,2886.68,No
C4334-9249,Male,0,No,No,54,Yes,Yes,Fiber optic,No,No,No,No,No,No,One year,No,Mailed check,89.11,4815.72,No
C4335-4833,Female,0,Yes,Yes,36,Yes,Yes,Fiber optic,Yes,Yes,No,No,No,Yes,Month-to-month,Yes,Credit card (automatic),122.16,4395.98,No
C4336-7811,Male,0,No,No,16,Yes,No,Fiber optic,No,No,Yes,No,No,No,One year,Yes,Bank transfer (automatic),85.37,1375.01,Yes
C4337-3949,Female,0,Yes,No,67,Yes,No,Fiber optic,No,No,Yes,No,No,Yes,One year,Yes,Electronic check,109.1,7296.41,No
C4338-7662,Male,0,No,No,72,Yes,No,No,No internet service,No internet service,No internet service,No internet service,No internet service,No internet service,Month-to-month,No,Electronic check,25.27,1818.56,No
C4339-5522,Female,0,Yes,Yes,31,Yes,Yes,Fiber optic,No,Yes,No,No,No,Yes,One year,No,Bank transfer (automatic),119.2,3680.63,No
C4340-1467,Female,0,No,No,10,No,No phone service,Fiber optic,Yes,Yes,Yes,Yes,No,No,Month-to-month,Yes,Bank transfer (automatic),104.85,1016.49,Yes
C4341-4759,Female,0,No,No,52,Yes,No,DSL,Yes,No,No,No,Yes,No,Month-to-month,No,Electronic check,81.85,4251.18,No
C4342-5209,Male,0,No,No,6,Yes,No,DSL,Yes,No,No,Yes,No,No,Month-to-month,No,Electronic check,73.55,439.67,No
C4343-3316,Male,0,No,No,11,Yes,Yes,Fiber optic,Yes,Yes,Yes,No,No,No,Month-to-month,Yes,Mailed check,116.32,1271.09,Yes
C4344-4369,Male,0,No,No,47,Yes,No,No,No internet service,No internet service,No internet service,No internet service,No internet service,No internet service,Month-to-month,No,Mailed check,45.49,2156.92,Yes
C4345-5523,Female,0,No,No,9,Yes,No,No,No internet service,No internet service,No internet service,No internet service,No internet service,No internet service,Month-to-month,No,Mailed check,43.42,391.5,Yes
C4346-1447,Male,0,No,No,62,Yes,No,No,No internet service,No internet service,No internet service,No internet service,No internet service,No internet service,Month-to-month,Yes,Electronic check,33.08,2060.64,No
C4347-2366,Female,0,No,No,10,Yes,No,No,No internet service,No internet service,No internet service,No internet service,No internet service,No internet service,One year,No,Mailed check,34.76,324.96,No
C4348-7900,Female,0,No,No,18,Yes,Yes,Fiber optic,No,No,No,No,No,No,Month-to-month,Yes,Bank transfer (automatic),116.28,2112.44,No
C4349-4167,Female,0,No,No,17,Yes,Yes,DSL,No,No,No,No,No,No,Two year,Yes,Electronic check,62.74,1073.95,No
C4350-6474,Female,0,Yes,No,40,Yes,Yes,Fiber optic,No,No,Yes,No,Yes,Yes,Month-to-month,No,Electronic check,99.03,3988.57,No
C4351-6091,Male,1,No,No,39,Yes,Yes,No,No internet service,No internet service,No internet service,No internet service,No internet service,No internet service,Month-to-month,No,Bank transfer (automatic),29.56,1172.04,No
C4352-5960,Male,0,Yes,Yes,16,Yes,No,Fiber optic,No,Yes,Yes,No,Yes,Yes,Month-to-month,No,Bank transfer (automatic),115.82,1820.74,No
C4353-4720,Male,0,Yes,Yes,35,Yes,No,No,No internet service,No internet service,No internet service,No internet service,No internet service,No internet service,One year,Yes,Electronic check,32.28,1109.89,No
C4354-5349,Male,0,No,Yes,28,Yes,No,No,No internet service,No internet service,No internet service,No internet service,No internet service,No internet service,One year,No,Mailed check,36.6,1006.34,No
C4355-8414,Male,0,Yes,Yes,42,Yes,No,DSL,No,No,No,Yes,No,Yes,Month-to-month,No,Credit card (automatic),86.42,3632.15,Yes
C4356-9684,Female,1,Yes,Yes,37,Yes,No,Fiber optic,No,Yes,No,Yes,No,Yes,Month-to-month,Yes,Mailed check,124.22,4612.67,No
C4357-3310,Female,0,No,No,10,No,No phone service,Fiber optic,No,No,No,No,No,No,Month-to-month,No,Electronic check,69.39,689.54,No
C4358-7024,Male,0,No,No,63,Yes,No,Fiber optic,Yes,No,No,No,Yes,No,Month-to-month,No,Mailed check,103.19,6506.03,No
C4359-9726,Female,0,Yes,Yes,3,Yes,No,DSL,No,No,No,No,No,No,Month-to-month,Yes,Electronic check,79.26,221.93,No
C4360-1068,Female,0,No,No,18,Yes,Yes,Fiber optic,No,No,Yes,No,No,Yes,One year,Yes,Bank transfer (automatic),114.91,2056.77,No
C4361-8061,Male,0,Yes,No,36,Yes,No,Fiber optic,No,Yes,Yes,Yes,No,No,Month-to-month,Yes,Bank transfer (automatic),113.16,4080.85,No
C4362-5470,Female,0,Yes,No,23,Yes,No,Fiber optic,No,Yes,Yes,No,Yes,Yes,Two year,No,Mailed check,127.0,2936.67,No
C4363-9707,Male,0,Yes,No,21,Yes,Yes,No,No internet service,No internet service,No internet service,No internet service,No internet service,No internet service,Month-to-month,No,Bank transfer (automatic),44.64,946.34,Yes
C4364-6203,Male,0,Yes,Yes,18,Yes,Yes,Fiber optic,No,No,No,No,No,No,Month-to-month,Yes,Electronic check,84.26,1505.05,No
C4365-8542,Male,0,No,No,16,Yes,Yes,Fiber optic,Yes,No,No,No,Yes,Yes,Two year,No,Bank transfer (automatic),117.21,1862.49,No
C4366-2493,Male,0,No,No,57,Yes,Yes,DSL,No,No,Yes,No,Yes,Yes,Month-to-month,No,Credit card (automatic),87.05,4950.52,No
C4367-2278,Female,0,No,No,21,Yes,Yes,DSL,No,Yes,No,No,Yes,Yes,Two year,No,Credit card (automatic),90.88,1911.22,No
C4368-9338,Female,0,No,No,21,Yes,Yes,Fiber optic,No,No,No,Yes,No,Yes,Month-to-month,No,Electronic check,104.66,2225.59,No
C4369-5737,Male,0,No,Yes,12,Yes,No,Fiber optic,No,Yes,No,No,Yes,No,Month-to-month,No,Mailed check,102.02,1221.07,No
C4370-6024,Male,0,No,No,38,Yes,Yes,Fiber optic,No,Yes,Yes,No,No,Yes,Two year,Yes,Bank transfer (automatic),118.68,4511.15,No
C4371-2529,Female,1,Yes,No,6,Yes,No,No,No internet service,No internet service,No internet service,No internet service,No internet service,No internet service,Month-to-month,Yes,Bank transfer (automatic),26.65,177.13,Yes
C4372-3040,Male,0,No,No,72,Yes,Yes,Fiber optic,Yes,Yes,Yes,No,No,Yes,Month-to-month,Yes,Electronic check,135.24,9746.8,No
C4373-8363,Male,0,No,No,10,Yes,No,DSL,No,No,No,Yes,Yes,Yes,Month-to-month,Yes,Credit card (automatic),92.98,941.22,No
C4374-3729,Female,0,Yes,No,21,Yes,Yes,Fiber optic,No,Yes,Yes,No,No,No,Month-to-month,Yes,Electronic check,101.37,2128.95,Yes
C4375-6256,Male,0,Yes,Yes,32,Yes,Yes,Fiber optic,No,Yes,Yes,No,Yes,Yes,Month-to-month,Yes,Credit card (automatic),126.36,4050.36,No
C4376-3848,Male,1,Yes,Yes,49,Yes,Yes,Fiber optic,No,Yes,No,No,Yes,Yes,One year,Yes,Mailed check,136.26,6679.86,No
C4377-3370,Male,0,Yes,No,17,Yes,No,DSL,Yes,No,Yes,No,Yes,Yes,Month-to-month,Yes,Mailed check,94.39,1579.23,No
C4378-2494,Male,0,No,No,14,Yes,No,Fiber optic,No,Yes,No,No,Yes,No,One year,No,Bank transfer (automatic),102.21,1413.96,No
C4379-9365,Male,0,No,No,26,Yes,Yes,DSL,No,Yes,No,Yes,Yes,No,One year,No,Electronic check,82.66,2142.03,No
C4380-9459,Male,0,Yes,Yes,13,Yes,No,Fiber optic,No,No,No,Yes,Yes,Yes,Two year,Yes,Mailed check,102.82,1324.78,No
C4381-2036,Female,0,Yes,No,19,Yes,No,No,No internet service,No internet service,No internet service,No internet service,No internet service,No internet service,Two year,Yes,Electronic check,39.12,731.4,No
C4382-4178,Male,0,No,No,68,Yes,Yes,DSL,No,Yes,Yes,No,No,Yes,Two year,Yes,Electronic check,98.95,6762.97,No
C4383-6074,Male,0,Yes,No,10,Yes,Yes,Fiber optic,Yes,Yes,Yes,No,No,Yes,Month-to-month,Yes,Mailed check,119.56,1200.99,No
C4384-4449,Male,0,Yes,Yes,2,No,No phone service,Fiber optic,Yes,Yes,No,No,Yes,Yes,Month-to-month,No,Electronic check,96.93,214.29,Yes
C4385-7488,Male,0,No,No,12,No,No phone service,Fiber optic,Yes,Yes,No,Yes,Yes,Yes,One year,Yes,Mailed check,115.71,1350.15,No
C4386-3341,Female,1,No,No,6,Yes,Yes,Fiber optic,No,Yes,Yes,No,No,Yes,Month-to-month,Yes,Bank transfer (automatic),118.24,738.97,No
C4387-1529,Female,0,No,No,37,Yes,Yes,Fiber optic,No,Yes,No,No,Yes,Yes,Month-to-month,No,Electronic check,126.12,4647.87,No
C4388-4032,Female,0,No,No,14,Yes,No,No,No internet service,No internet service,No internet service,No internet service,No internet service,No internet service,Two year,No,Credit card (automatic),36.96,544.53,No
C4389-6380,Male,0,Yes,Yes,53,Yes,Yes,No,No internet service,No internet service,No internet service,No internet service,No internet service,No internet service,Month-to-month,Yes,Bank transfer (automatic),54.66,2887.01,No
C4390-2625,Male,1,No,No,19,Yes,No,DSL,No,Yes,No,Yes,No,No,Month-to-month,Yes,Electronic check,83.24,1562.3,No
C4391-8342,Female,0,No,No,6,No,No phone service,No,No internet service,No internet service,No internet service,No internet service,No internet service,No internet service,Month-to-month,No,Credit card (automatic),18.25,119.53,Yes
C4392-1110,Male,0,No,No,49,Yes,Yes,DSL,No,Yes,No,Yes,Yes,Yes,Month-to-month,Yes,Electronic check,92.77,4522.62,No
C4393-1607,Female,0,Yes,No,10,Yes,Yes,DSL,Yes,No,Yes,Yes,No,No,Month-to-month,No,Credit card (automatic),104.52,1041.31,No
C4394-5579,Female,0,No,No,2,Yes,Yes,Fiber optic,No,Yes,No,Yes,No,Yes,Two year,Yes,Electronic check,121.98,218.21,No
C4395-5609,Male,0,Yes,Yes,31,Yes,No,No,No internet service,No internet service,No internet service,No internet service,No internet service,No internet service,Month-to-month,No,Electronic check,30.16,976.16,No
C4396-3653,Female,1,Yes,Yes,12,Yes,No,DSL,No,No,Yes,No,No,Yes,Month-to-month,Yes,Electronic check,78.73,928.98,Yes
C4397-3326,Male,0,No,No,33,Yes,Yes,DSL,No,No,Yes,No,No,Yes,Month-to-month,Yes,Mailed check,91.83,3041.55,No
C4398-1628,Male,0,No,No,43,No,No phone service,DSL,No,No,No,No,No,Yes,Month-to-month,No,Bank transfer (automatic),36.12,1557.99,No
C4399-6965,Female,0,Yes,Yes,28,No,No phone service,Fiber optic,No,No,No,Yes,Yes,No,Month-to-month,No,Credit card (automatic),83.84,2357.58,No
C4400-4410,Female,0,No,No,13,Yes,No,Fiber optic,No,No,No,No,Yes,No,Month-to-month,No,Mailed check,100.55,1299.74,No
C4401-2067,Female,0,Yes,Yes,50,Yes,Yes,Fiber optic,No,No,Yes,No,Yes,No,One year,Yes,Bank transfer (automatic),110.49,5530.64,No
C4402-4598,Female,0,No,No,9,Yes,Yes,DSL,Yes,Yes,Yes,No,No,Yes,Month-to-month,No,Credit card (automatic),107.09,998.91,Yes
C4403-9432,Male,0,Yes,Yes,33,Yes,Yes,DSL,No,No,No,No,No,Yes,Month-to-month,Yes,Mailed check,71.96,2373.52,Yes
C4404-3350,Male,0,Yes,No,38,Yes,Yes,Fiber optic,No,Yes,Yes,No,No,Yes,One year,Yes,Mailed check,132.06,5008.31,No
C4405-9051,Male,0,No,Yes,24,Yes,Yes,DSL,No,No,Yes,No,Yes,Yes,Month-to-month,No,Electronic check,70.34,1673.09,No
C4406-3328,Male,0,Yes,Yes,43,Yes,Yes,DSL,Yes,No,No,No,Yes,No,Month-to-month,Yes,Credit card (automatic),74.48,3206.43,No
C4407-2673,Male,0,No,No,28,Yes,Yes,Fiber optic,No,No,Yes,Yes,No,No,Month-to-month,Yes,Electronic check,116.36,3251.28,No
C4408-3345,Male,1,Yes,Yes,32,Yes,No,Fiber optic,No,No,No,No,No,Yes,Month-to-month,No,Mailed check,96.45,3077.42,No
C4409-3909,Male,0,No,No,43,No,No phone service,No,No internet service,No internet service,No internet service,No internet service,No internet service,No internet service,Month-to-month,No,Bank transfer (automatic),18.25,785.0,Yes
C4410-2085,Male,0,Yes,No,27,Yes,No,DSL,No,No,Yes,No,Yes,Yes,Month-to-month,Yes,Mailed check,95.41,2562.46,No
C4411-6288,Male,0,No,No,46,No,No phone service,DSL,No,No,No,Yes,No,No,Month-to-month,No,Electronic check,42.93,1974.3,No
C4412-4000,Female,0,No,No,60,Yes,Yes,No,No internet service,No internet service,No internet service,No internet service,No internet service,No internet service,Month-to-month,No,Mailed check,50.96,3042.39,No
C4413-7461,Female,0,No,No,34,Yes,No,Fiber optic,No,Yes,Yes,No,Yes,No,Month-to-month,Yes,Bank transfer (automatic),87.46,2992.0,Yes
C4414-5418,Male,0,Yes,Yes,43,Yes,No,Fiber optic,No,Yes,No,Yes,Yes,Yes,One year,Yes,Mailed check,103.56,4430.67,No
C4415-4983,Female,1,No,No,24,Yes,Yes,DSL,No,Yes,No,No,No,No,Month-to-month,Yes,Electronic check,87.47,2088.7,Yes
C4416-5238,Female,0,No,Yes,61,Yes,No,Fiber optic,Yes,No,No,No,No,No,Month-to-month,Yes,Electronic check,110.6,6776.83,No
C4417-2406,Female,0,Yes,Yes,30,Yes,No,No,No internet service,No internet service,No internet service,No internet service,No internet service,No internet service,Two year,No,Bank transfer (automatic),39.41,1171.6,No
C4418-7415,Female,0,No,No,41,Yes,No,Fiber optic,Yes,No,No,Yes,Yes,Yes,One year,No,Electronic check,117.01,4787.54,No
C4419-1937,Male,0,No,No,6,Yes,Yes,No,No internet service,No internet service,No internet service,No internet service,No internet service,No internet service,Month-to-month,Yes,Electronic check,34.08,200.12,Yes
C4420-7493,Male,0,No,No,38,Yes,Yes,Fiber optic,No,No,No,No,Yes,Yes,Month-to-month,Yes,Credit card (automatic),104.4,3980.53,No
C4421-9996,Female,1,Yes,Yes,26,Yes,No,Fiber optic,Yes,No,Yes,No,Yes,Yes,Two year,Yes,Mailed check,108.18,2785.39,No
C4422-7875,Male,0,Yes,Yes,37,Yes,Yes,DSL,Yes,Yes,Yes,No,No,Yes,One year,Yes,Mailed check,95.0,3521.53,No
C4423-5097,Male,0,No,No,40,Yes,No,No,No internet service,No internet service,No internet service,No internet service,No internet service,No internet service,One year,No,Electronic check,25.77,1004.57,No
C4424-3829,Male,0,No,No,43,Yes,No,Fiber optic,No,No,No,No,Yes,Yes,One year,No,Credit card (automatic),108.03,4673.05,No
C4425-8851,Male,0,No,No,38,No,No phone service,DSL,No,Yes,No,No,Yes,No,Two year,Yes,Bank transfer (automatic),55.11,2085.71,No
C4426-3314,Female,0,No,No,20,Yes,No,Fiber optic,Yes,No,No,Yes,No,No,Month-to-month,Yes,Bank transfer (automatic),113.51,2221.23,No
C4427-5340,Female,0,Yes,No,72,Yes,Yes,No,No internet service,No internet service,No internet service,No internet service,No internet service,No internet service,One year,Yes,Electronic check,38.47,2796.92,No
C4428-7937,Male,0,Yes,No,53,Yes,No,Fiber optic,No,No,Yes,No,No,No,Month-to-month,Yes,Electronic check,93.23,4958.03,No
C4429-9300,Male,0,No,No,22,Yes,Yes,DSL,No,No,Yes,No,No,Yes,Month-to-month,No,Credit card (automatic),87.9,1921.18,Yes
C4430-9287,Male,0,No,No,21,Yes,No,Fiber optic,No,No,No,No,Yes,Yes,Month-to-month,Yes,Electronic check,97.97,2038.31,No
C4431-1789,Male,0,No,No,8,Yes,No,Fiber optic,No,No,No,No,Yes,No,One year,Yes,Mailed check,82.81,643.28,No
C4432-9083,Male,0,No,No,12,No,No phone service,Fiber optic,Yes,Yes,No,No,No,No,Month-to-month,Yes,Bank transfer (automatic),84.14,992.6,Yes
C4433-2026,Female,0,Yes,Yes,21,Yes,No,No,No internet service,No internet service,No internet service,No internet service,No internet service,No internet service,One year,No,Credit card (automatic),44.43,940.76,Yes
C4434-6259,Male,1,Yes,Yes,60,Yes,No,Fiber optic,No,No,Yes,No,No,No,Two year,No,Electronic check,97.5,5862.83,Yes
C4435-9365,Female,0,Yes,Yes,19,Yes,Yes,DSL,Yes,No,No,No,No,No,Month-to-month,Yes,Electronic check,88.58,1643.86,Yes
C4436-6892,Female,1,No,No,8,Yes,Yes,No,No internet service,No internet service,No internet service,No internet service,No internet service,No internet service,Month-to-month,Yes,Mailed check,39.92,314.71,No
C4437-9526,Female,0,Yes,Yes,36,Yes,No,Fiber optic,No,Yes,No,Yes,No,Yes,Month-to-month,No,Electronic check,126.79,4568.47,No
C4438-4098,Male,0,No,No,39,Yes,No,DSL,No,Yes,No,No,No,Yes,Month-to-month,No,Mailed check,77.55,3003.55,Yes
C4439-3832,Female,0,Yes,Yes,19,Yes,Yes,DSL,No,No,Yes,No,No,Yes,Month-to-month,Yes,Bank transfer (automatic),85.66,1642.1,No
C4440-3935,Male,0,Yes,Yes,54,Yes,No,Fiber optic,No,No,Yes,No,Yes,No,One year,No,Credit card (automatic),106.57,5718.46,No
C4441-4196,Male,0,Yes,No,57,No,No phone service,Fiber optic,No,No,No,No,No,No,One year,No,Credit card (automatic),83.61,4754.92,No
C4442-7144,Male,0,No,No,3,Yes,No,Fiber optic,No,Yes,Yes,No,Yes,Yes,Month-to-month,Yes,Bank transfer (automatic),113.52,353.85,Yes
C4443-5071,Female,1,Yes,Yes,39,Yes,No,DSL,No,Yes,Yes,No,No,Yes,Month-to-month,Yes,Credit card (automatic),96.5,3759.66,No
C4444-7636,Male,1,No,No,1,Yes,Yes,DSL,No,No,Yes,No,No,Yes,Month-to-month,No,Electronic check,88.37,70.17,Yes
C4445-4745,Female,0,No,No,21,Yes,No,DSL,No,No,No,Yes,No,Yes,Month-to-month,Yes,Electronic check,65.16,1373.99,No
C4446-3769,Male,0,Yes,Yes,72,Yes,No,No,No internet service,No internet service,No internet service,No internet service,No internet service,No internet service,Two year,Yes,Bank transfer (automatic),40.07,2864.36,No
C4447-2710,Male,0,No,No,37,Yes,No,DSL,Yes,No,Yes,No,No,No,Month-to-month,Yes,Electronic check,77.79,2893.0,Yes
C4448-5958,Female,0,Yes,No,13,Yes,Yes,Fiber optic,No,Yes,No,Yes,Yes,No,Month-to-month,Yes,Electronic check,129.62,1662.83,No
C4449-9084,Female,0,Yes,No,40,Yes,No,No,No internet service,No internet service,No internet service,No internet service,No internet service,No internet service,Month-to-month,Yes,Credit card (automatic),29.94,1217.22,No
C4450-8729,Female,0,Yes,No,12,Yes,No,DSL,No,No,No,Yes,Yes,No,One year,Yes,Credit card (automatic),74.34,908.77,No
C4451-3279,Male,0,No,No,30,Yes,Yes,No,No internet service,No internet service,No internet service,No internet service,No internet service,No internet service,Month-to-month,No,Credit card (automatic),36.68,1135.65,Yes
C4452-5298,Male,0,No,No,10,Yes,No,Fiber optic,No,Yes,Yes,No,Yes,Yes,Month-to-month,Yes,Mailed check,122.74,1218.13,Yes
C4453-7346,Female,0,Yes,No,17,Yes,No,DSL,No,Yes,No,Yes,No,No,Month-to-month,No,Electronic check,78.8,1343.28,Yes
C4454-6511,Male,1,No,No,54,Yes,No,No,No internet service,No internet service,No internet service,No internet service,No internet service,No internet service,One year,No,Mailed check,41.24,2204.96,No
C4455-1604,Female,0,No,No,72,No,No phone service,No,No internet service,No internet service,No internet service,No internet service,No internet service,No internet service,Month-to-month,Yes,Bank transfer (automatic),22.22,1623.92,No
C4456-6318,Male,0,No,No,30,Yes,No,DSL,No,No,Yes,Yes,No,Yes,Month-to-month,No,Mailed check,68.2,2042.23,No
C4457-1348,Female,0,No,No,44,Yes,No,No,No internet service,No internet service,No internet service,No internet service,No internet service,No internet service,Two year,No,Electronic check,18.97,859.04,No
C4458-2048,Female,0,No,No,15,Yes,No,Fiber optic,No,No,Yes,No,Yes,Yes,One year,Yes,Bank transfer (automatic),118.21,1791.66,No
C4459-6882,Male,0,No,No,9,Yes,Yes,No,No internet service,No internet service,No internet service,No internet service,No internet service,No internet service,Month-to-month,Yes,Mailed check,40.47,361.02,No
C4460-1922,Female,0,Yes,Yes,28,Yes,Yes,Fiber optic,No,Yes,No,Yes,Yes,No,Month-to-month,Yes,Bank transfer (automatic),122.06,3417.61,No
C4461-4050,Female,1,No,No,26,Yes,No,No,No internet service,No internet service,No internet service,No internet service,No internet service,No internet service,Month-to-month,Yes,Bank transfer (automatic),38.35,995.57,No
C4462-6295,Male,0,Yes,No,72,No,No phone service,No,No internet service,No internet service,No internet service,No internet service,No internet service,No internet service,One year,No,Electronic check,32.56,2343.83,No
C4463-6898,Female,0,No,No,21,Yes,Yes,No,No internet service,No internet service,No internet service,No internet service,No internet service,No internet service,Month-to-month,Yes,Electronic check,45.06,946.25,No
C4464-5011,Male,0,No,No,20,Yes,Yes,DSL,No,No,No,No,No,Yes,One year,No,Bank transfer (automatic),86.74,1716.38,No
C4465-1846,Female,1,Yes,Yes,37,Yes,No,Fiber optic,No,No,Yes,No,Yes,Yes,Month-to-month,Yes,Mailed check,109.42,4051.59,Yes
C4466-8191,Female,0,Yes,Yes,15,Yes,Yes,No,No internet service,No internet service,No internet service,No internet service,No internet service,No internet service,Month-to-month,No,Bank transfer (automatic),47.74,722.2,No
C4467-9547,Female,0,No,No,12,Yes,No,No,No internet service,No internet service,No internet service,No internet service,No internet service,No internet service,One year,No,Electronic check,34.95,393.44,No
C4468-8997,Male,1,No,Yes,33,Yes,Yes,Fiber optic,No,No,No,No,No,No,One year,Yes,Credit card (automatic),96.95,3224.96,No
C4469-7735,Female,0,No,No,5,Yes,Yes,DSL,No,Yes,Yes,No,No,Yes,One year,Yes,Electronic check,90.43,415.2,No
C4470-4619,Female,0,No,No,36,Yes,Yes,No,No internet service,No internet service,No internet service,No internet service,No internet service,No internet service,Month-to-month,Yes,Mailed check,37.49,1355.84,No
C4471-8885,Male,0,Yes,No,16,Yes,No,DSL,No,No,No,Yes,No,Yes,Month-to-month,Yes,Credit card (automatic),75.29,1193.89,No
C4472-5393,Female,0,Yes,Yes,42,Yes,Yes,Fiber optic,No,No,No,Yes,Yes,No,Month-to-month,Yes,Bank transfer (automatic),107.43,4494.22,Yes
C4473-2228,Female,1,No,No,62,Yes,Yes,Fiber optic,No,No,Yes,No,No,Yes,Month-to-month,Yes,Electronic check,114.16,7072.02,No
C4474-8654,Female,0,Yes,No,12,No,No phone service,No,No internet service,No internet service,No internet service,No internet service,No internet service,No internet service,Month-to-month,Yes,Electronic check,18.25,206.82,No
C4475-3881,Female,0,No,No,20,Yes,No,Fiber optic,No,Yes,No,No,Yes,Yes,Month-to-month,No,Mailed check,97.46,1967.23,No
C4476-9447,Female,0,Yes,Yes,51,Yes,Yes,Fiber optic,No,No,No,No,Yes,No,Two year,Yes,Mailed check,107.41,5443.23,No
C4477-4314,Male,0,Yes,No,30,Yes,No,No,No internet service,No internet service,No internet service,No internet service,No internet service,No internet service,Two year,Yes,Electronic check,37.26,1100.6,No
C4478-8823,Female,0,No,No,72,No,No phone service,DSL,No,Yes,Yes,No,No,No,One year,Yes,Bank transfer (automatic),71.76,5167.28,No
C4479-5834,Female,1,No,No,31,Yes,No,Fiber optic,No,No,Yes,Yes,Yes,Yes,Two year,No,Credit card (automatic),104.62,3223.23,No
C4480-5206,Male,0,No,No,60,Yes,Yes,No,No internet service,No internet service,No internet service,No internet service,No internet service,No internet service,Month-to-month,No,Bank transfer (automatic),42.17,2526.97,No
C4481-3671,Female,1,Yes,No,7,Yes,No,DSL,No,No,Yes,Yes,No,No,Two year,Yes,Bank transfer (automatic),91.05,645.21,No
C4482-8520,Male,0,No,No,11,Yes,Yes,Fiber optic,No,Yes,No,No,No,Yes,Month-to-month,Yes,Credit card (automatic),96.21,1038.66,No
C4483-1545,Female,0,No,Yes,70,Yes,No,No,No internet service,No internet service,No internet service,No internet service,No internet service,No internet service,Month-to-month,Yes,Electronic check,42.13,2929.6,No
C4484-5219,Male,0,No,No,11,No,No phone service,No,No internet service,No internet service,No internet service,No internet service,No internet service,No internet service,Month-to-month,No,Electronic check,18.4,177.37,No
C4485-4319,Male,0,No,No,71,Yes,Yes,DSL,No,Yes,Yes,Yes,No,No,Month-to-month,Yes,Bank transfer (automatic),100.33,7102.11,No
C4486-5889,Female,0,Yes,No,13,Yes,No,Fiber optic,Yes,No,No,No,Yes,No,One year,Yes,Electronic check,108.65,1423.87,Yes
C4487-3290,Male,0,No,No,6,Yes,No,Fiber optic,No,Yes,Yes,Yes,Yes,Yes,Month-to-month,No,Mailed check,114.93,684.96,Yes
C4488-6980,Female,0,No,No,21,Yes,Yes,No,No internet service,No internet service,No internet service,No internet service,No internet service,No internet service,Two year,Yes,Bank transfer (automatic),57.87,1200.14,No
C4489-4472,Male,0,No,No,7,Yes,Yes,Fiber optic,No,Yes,Yes,No,No,No,Two year,No,Electronic check,111.08,750.94,No
C4490-2692,Female,0,No,No,39,Yes,Yes,Fiber optic,No,No,Yes,Yes,Yes,No,One year,No,Credit card (automatic),119.12,4633.81,No
C4491-2772,Male,0,Yes,Yes,1,Yes,Yes,No,No internet service,No internet service,No internet service,No internet service,No internet service,No internet service,Month-to-month,Yes,Mailed check,49.71,40.52,No
C4492-7267,Male,0,No,No,72,Yes,No,Fiber optic,Yes,Yes,No,No,Yes,No,One year,No,Mailed check,114.45,8206.04,No
C4493-3356,Male,0,Yes,Yes,26,Yes,No,Fiber optic,Yes,Yes,No,No,No,Yes,Month-to-month,Yes,Mailed check,99.24,2583.48,No
C4494-3764,Female,0,Yes,Yes,41,Yes,Yes,Fiber optic,No,Yes,No,No,No,Yes,Month-to-month,Yes,Mailed check,112.42,4592.05,No
C4495-6641,Male,0,No,No,45,Yes,No,Fiber optic,No,Yes,Yes,No,Yes,No,Month-to-month,Yes,Mailed check,111.68,5009.8,No
C4496-3967,Male,0,Yes,Yes,29,Yes,Yes,DSL,Yes,No,No,Yes,No,Yes,Month-to-month,Yes,Electronic check,88.54,2563.5,Yes
C4497-4492,Male,1,No,No,35,Yes,No,Fiber optic,No,Yes,Yes,No,Yes,Yes,Month-to-month,Yes,Bank transfer (automatic),119.52,4190.38,No
C4498-3200,Male,0,Yes,No,18,Yes,Yes,Fiber optic,No,No,No,Yes,Yes,Yes,Month-to-month,No,Bank transfer (automatic),118.22,2097.41,No
C4499-4108,Female,0,Yes,Yes,45,Yes,No,Fiber optic,No,No,Yes,No,No,No,Month-to-month,Yes,Mailed check,84.32,3778.85,Yes
C4500-7234,Male,1,Yes,No,72,Yes,No,No,No internet service,No internet service,No internet service,No internet service,No internet service,No internet service,One year,Yes,Electronic check,41.61,2981.63,No
C4501-5804,Male,0,Yes,Yes,18,Yes,Yes,Fiber optic,Yes,No,No,No,No,Yes,Two year,No,Credit card (automatic),105.15,1864.44,No
C4502-9976,Female,0,Yes,No,49,Yes,Yes,No,No internet service,No internet service,No internet service,No internet service,No internet service,No internet service,Two year,No,Credit card (automatic),57.54,2833.15,Yes
C4503-7945,Male,0,Yes,Yes,56,Yes,Yes,Fiber optic,No,Yes,Yes,Yes,Yes,Yes,Month-to-month,Yes,Electronic check,131.62,7380.0,No
C4504-1151,Male,0,Yes,No,17,Yes,Yes,Fiber optic,No,No,No,No,Yes,Yes,Two year,No,Electronic check,101.51,1716.71,No
C4505-4409,Female,0,Yes,No,24,Yes,No,Fiber optic,No,No,Yes,No,No,No,One year,Yes,Bank transfer (automatic),101.67,2432.72,No
C4506-3608,Female,0,Yes,No,23,Yes,No,Fiber optic,No,No,No,Yes,No,Yes,Month-to-month,Yes,Mailed check,93.13,2164.92,No
C4507-6287,Female,0,Yes,No,21,Yes,No,DSL,Yes,No,Yes,No,Yes,Yes,Month-to-month,Yes,Electronic check,97.28,2024.45,Yes
C4508-3390,Female,1,Yes,No,13,No,No phone service,Fiber optic,No,No,Yes,No,No,No,Month-to-month,No,Mailed check,69.07,877.43,No
C4509-9694,Male,0,Yes,Yes,25,Yes,Yes,Fiber optic,Yes,Yes,Yes,No,No,No,Month-to-month,No,Electronic check,119.71,3000.11,No
C4510-3694,Male,0,Yes,No,20,Yes,No,DSL,No,No,Yes,No,No,Yes,Two year,No,Credit card (automatic),64.27,1266.24,No
C4511-5697,Male,0,Yes,No,64,Yes,Yes,No,No internet service,No internet service,No internet service,No internet service,No internet service,No internet service,Month-to-month,No,Electronic check,32.21,2062.33,No
C4512-2106,Male,0,Yes,No,31,No,No phone service,Fiber optic,No,No,No,No,Yes,No,Month-to-month,Yes,Electronic check,84.35,2599.81,Yes
C4513-9187,Female,0,Yes,Yes,14,Yes,No,Fiber optic,No,No,Yes,No,Yes,Yes,One year,Yes,Credit card (automatic),116.71,1623.36,No
C4514-9205,Male,1,No,No,67,Yes,No,Fiber optic,Yes,No,Yes,Yes,No,No,One year,No,Mailed check,113.96,7631.19,No
C4515-8142,Male,0,Yes,Yes,58,Yes,Yes,Fiber optic,No,No,Yes,No,Yes,No,One year,Yes,Electronic check,118.55,6846.52,Yes
C4516-4164,Female,0,Yes,No,21,No,No phone service,No,No internet service,No internet service,No internet service,No internet service,No internet service,No internet service,Month-to-month,Yes,Mailed check,18.25,406.37,Yes
C4517-1528,Female,1,No,No,29,Yes,Yes,DSL,No,No,No,No,No,No,One year,Yes,Mailed check,66.68,1937.58,No
C4518-7397,Male,0,No,Yes,65,Yes,Yes,No,No internet service,No internet service,No internet service,No internet service,No internet service,No internet service,Month-to-month,Yes,Electronic check,40.15,2598.57,No
C4519-4861,Male,0,Yes,No,48,Yes,No,DSL,Yes,No,Yes,No,No,Yes,One year,Yes,Credit card (automatic),82.34,3930.84,No
C4520-9912,Male,0,No,No,5,Yes,Yes,DSL,No,No,No,No,Yes,Yes,Two year,Yes,Mailed check,96.48,447.23,No
C4521-7284,Female,0,No,No,10,Yes,Yes,DSL,Yes,No,Yes,No,No,No,One year,Yes,Electronic check,84.16,855.48,Yes
C4522-5847,Female,0,No,No,16,Yes,No,Fiber optic,No,Yes,No,No,Yes,No,Month-to-month,No,Credit card (automatic),95.07,1519.42,No
C4523-9879,Female,0,No,No,17,Yes,Yes,No,No internet service,No internet service,No internet service,No internet service,No internet service,No internet service,Two year,Yes,Mailed check,50.04,810.38,No
C4524-8203,Male,0,No,No,24,Yes,No,DSL,Yes,No,No,No,No,Yes,Month-to-month,No,Electronic check,74.22,1787.25,No
C4525-5124,Male,0,No,No,34,Yes,Yes,Fiber optic,No,No,Yes,No,Yes,No,Month-to-month,No,Credit card (automatic),110.54,3760.69,Yes
C4526-1169,Female,0,Yes,No,24,Yes,Yes,Fiber optic,Yes,Yes,No,No,No,No,One year,Yes,Electronic check,117.71,2855.43,Yes
C4527-1834,Female,0,No,No,57,Yes,Yes,DSL,Yes,No,No,No,Yes,Yes,Month-to-month,No,Credit card (automatic),93.24,5356.04,No
C4528-4993,Male,1,No,No,18,Yes,Yes,Fiber optic,No,No,No,No,Yes,Yes,Month-to-month,Yes,Credit card (automatic),111.9,2019.19,Yes
C4529-6057,Male,0,Yes,Yes,57,Yes,Yes,No,No internet service,No internet service,No internet service,No internet service,No internet service,No internet service,Month-to-month,Yes,Credit card (automatic),52.39,3013.16,No
C4530-1271,Male,1,Yes,No,31,Yes,Yes,Fiber optic,No,No,No,No,Yes,Yes,Month-to-month,Yes,Bank transfer (automatic),115.98,3603.75,No
C4531-2138,Male,0,No,No,29,Yes,Yes,Fiber optic,No,Yes,No,Yes,Yes,No,Month-to-month,Yes,Bank transfer (automatic),111.35,3231.0,Yes
C4532-7337,Male,0,No,No,44,Yes,No,DSL,No,Yes,Yes,Yes,Yes,Yes,One year,Yes,Mailed check,93.81,4111.36,No
C4533-7762,Male,0,No,No,39,Yes,Yes,Fiber optic,Yes,No,Yes,No,No,No,One year,Yes,Credit card (automatic),102.41,4005.45,Yes
C4534-1268,Male,0,Yes,No,24,Yes,Yes,DSL,No,No,Yes,Yes,No,No,Two year,No,Electronic check,88.61,2128.37,No
C4535-5568,Male,0,No,No,13,Yes,No,DSL,No,No,No,No,Yes,No,Two year,No,Mailed check,70.46,913.71,No
C4536-1728,Female,0,Yes,Yes,65,Yes,Yes,DSL,No,Yes,Yes,Yes,No,No,Two year,No,Electronic check,97.76,6363.72,No
C4537-7510,Male,0,No,No,28,Yes,No,DSL,No,Yes,No,No,Yes,Yes,Month-to-month,No,Electronic check,75.42,2105.97,No
C4538-8505,Male,0,Yes,No,28,Yes,Yes,No,No internet service,No internet service,No internet service,No internet service,No internet service,No internet service,Month-to-month,No,Bank transfer (automatic),40.22,1101.08,No
C4539-8823,Female,0,Yes,No,72,Yes,No,Fiber optic,No,Yes,No,No,Yes,No,One year,No,Credit card (automatic),109.54,7869.45,No
C4540-6382,Male,0,Yes,No,57,Yes,Yes,DSL,No,Yes,No,Yes,Yes,No,Two year,Yes,Electronic check,92.04,5241.16,No
C4541-6659,Female,1,Yes,Yes,22,No,No phone service,Fiber optic,No,No,Yes,No,Yes,Yes,One year,No,Bank transfer (automatic),87.54,1922.85,No
C4542-9338,Female,1,Yes,No,26,Yes,Yes,Fiber optic,No,Yes,Yes,No,Yes,No,One year,Yes,Credit card (automatic),106.61,2778.5,No
C4543-6511,Female,0,No,No,12,Yes,Yes,Fiber optic,Yes,No,Yes,Yes,No,No,Two year,No,Electronic check,123.92,1483.09,No
C4544-5016,Female,0,Yes,No,8,Yes,Yes,Fiber optic,Yes,No,No,No,No,Yes,Month-to-month,No,Bank transfer (automatic),116.67,943.87,Yes
C4545-7790,Male,0,No,No,22,Yes,No,DSL,No,No,Yes,No,No,No,Month-to-month,Yes,Bank transfer (automatic),74.54,1648.53,No
C4546-6316,Male,0,No,No,37,Yes,No,Fiber optic,Yes,Yes,Yes,No,Yes,Yes,Month-to-month,Yes,Credit card (automatic),113.65,4219.69,No
C4547-8581,Female,0,Yes,No,12,Yes,No,Fiber optic,Yes,No,No,Yes,Yes,Yes,One year,No,Electronic check,123.03,1438.11,No
C4548-5721,Male,0,No,No,48,No,No phone service,No,No internet service,No internet service,No internet service,No internet service,No internet service,No internet service,Month-to-month,Yes,Bank transfer (automatic),18.25,882.13,No
C4549-8820,Male,1,No,No,10,Yes,Yes,Fiber optic,No,No,No,Yes,Yes,No,Month-to-month,No,Electronic check,109.58,1120.51,Yes
C4550-1403,Male,0,No,No,22,Yes,Yes,Fiber optic,No,No,Yes,Yes,Yes,No,Month-to-month,Yes,Mailed check,114.73,2529.27,Yes
C4551-1327,Male,0,No,No,45,Yes,No,Fiber optic,Yes,No,Yes,No,No,Yes,Month-to-month,Yes,Mailed check,119.97,5389.32,No
C4552-1891,Male,0,No,No,72,Yes,Yes,Fiber optic,No,No,No,No,No,Yes,Month-to-month,Yes,Bank transfer (automatic),111.19,8019.87,Yes
C4553-6005,Male,0,No,No,72,Yes,No,Fiber optic,No,No,Yes,No,Yes,Yes,Two year,No,Electronic check,126.77,9152.47,No
C4554-7380,Male,0,Yes,Yes,61,Yes,No,Fiber optic,Yes,Yes,Yes,No,Yes,Yes,Two year,No,Electronic check,113.47,6935.24,No
C4555-2946,Male,0,Yes,Yes,29,Yes,Yes,No,No internet service,No internet service,No internet service,No internet service,No internet service,No internet service,Month-to-month,Yes,Electronic check,52.83,1493.33,No
C4556-2401,Female,0,No,No,50,Yes,No,Fiber optic,No,Yes,Yes,No,Yes,No,Month-to-month,No,Bank transfer (automatic),111.97,5610.54,Yes
C4557-8742,Male,1,Yes,No,21,Yes,No,DSL,No,Yes,Yes,Yes,No,Yes,Month-to-month,Yes,Bank transfer (automatic),88.81,1869.62,No
C4558-7754,Female,0,No,No,42,Yes,No,Fiber optic,No,Yes,Yes,No,Yes,No,Month-to-month,No,Mailed check,106.0,4440.63,No
C4559-6834,Male,0,Yes,Yes,7,Yes,No,DSL,No,No,No,No,No,No,One year,Yes,Bank transfer (automatic),76.92,562.88,No
C4560-5394,Male,1,Yes,No,34,Yes,Yes,Fiber optic,No,No,Yes,Yes,Yes,No,One year,Yes,Mailed check,116.38,3933.15,No
C4561-4781,Male,0,No,Yes,7,Yes,No,No,No internet service,No internet service,No internet service,No internet service,No internet service,No internet service,Month-to-month,No,Credit card (automatic),29.89,218.95,No
C4562-1184,Male,0,Yes,Yes,58,Yes,Yes,DSL,No,Yes,No,No,Yes,Yes,One year,No,Electronic check,103.28,6000.04,No
C4563-2692,Male,0,Yes,Yes,48,Yes,No,DSL,No,Yes,No,No,Yes,Yes,Two year,Yes,Bank transfer (automatic),92.54,4436.48,No
C4564-9072,Male,0,No,No,72,No,No phone service,DSL,Yes,Yes,Yes,No,No,No,Month-to-month,No,Bank transfer (automatic),68.01,4903.28,No
C4565-4050,Male,0,No,No,8,Yes,Yes,Fiber optic,No,Yes,No,No,No,No,Two year,No,Credit card (automatic),93.68,782.35,No
C4566-7340,Male,0,No,No,72,No,No phone service,Fiber optic,No,No,No,No,Yes,Yes,Month-to-month,No,Bank transfer (automatic),64.96,4676.77,No
C4567-7333,Female,0,Yes,No,26,No,No phone service,Fiber optic,No,Yes,Yes,Yes,No,No,Month-to-month,Yes,Bank transfer (automatic),107.27,2786.81,Yes
C4568-3784,Male,0,No,Yes,57,Yes,No,Fiber optic,No,No,No,Yes,Yes,No,Month-to-month,Yes,Credit card (automatic),99.61,5674.35,No
C4569-2839,Male,0,No,No,11,Yes,Yes,No,No internet service,No internet service,No internet service,No internet service,No internet service,No internet service,Month-to-month,No,Electronic check,62.46,668.92,Yes
C4570-7224,Male,0,No,No,36,Yes,No,No,No internet service,No internet service,No internet service,No internet service,No internet service,No internet service,Month-to-month,Yes,Credit card (automatic),41.39,1491.64,Yes
C4571-1842,Male,1,Yes,No,23,Yes,No,DSL,No,No,No,Yes,Yes,No,Month-to-month,No,Credit card (automatic),84.73,1928.71,No
C4572-5452,Male,0,Yes,Yes,48,Yes,No,Fiber optic,Yes,Yes,No,No,No,Yes,Month-to-month,No,Mailed check,98.62,4728.98,No
C4573-8991,Female,0,No,No,4,Yes,No,Fiber optic,No,Yes,No,No,Yes,Yes,Month-to-month,Yes,Bank transfer (automatic),124.89,509.29,Yes
C4574-7401,Female,0,No,No,10,Yes,Yes,Fiber optic,Yes,No,Yes,No,Yes,Yes,Month-to-month,Yes,Bank transfer (automatic),123.67,1237.5,No
C4575-7877,Female,0,Yes,Yes,62,Yes,Yes,Fiber optic,No,No,Yes,No,No,No,Month-to-month,Yes,Credit card (automatic),103.61,6399.32,Yes
C4576-1749,Male,0,No,No,10,Yes,Yes,Fiber optic,Yes,Yes,No,No,No,No,One year,Yes,Electronic check,116.62,1162.84,Yes
C4577-2797,Male,0,No,No,24,Yes,No,DSL,No,No,No,Yes,No,Yes,One year,Yes,Credit card (automatic),70.3,1698.81,No
C4578-3475,Male,0,Yes,Yes,21,Yes,Yes,DSL,Yes,Yes,No,No,No,Yes,One year,No,Electronic check,106.99,2234.98,Yes
C4579-3630,Male,0,No,No,33,Yes,No,Fiber optic,Yes,No,No,Yes,Yes,No,Month-to-month,No,Electronic check,99.92,3306.56,No
C4580-2746,Female,0,Yes,No,12,Yes,Yes,DSL,No,No,Yes,No,Yes,Yes,Two year,Yes,Mailed check,96.29,1143.34,No
C4581-9747,Male,0,No,No,66,Yes,Yes,Fiber optic,No,Yes,No,No,No,Yes,Month-to-month,Yes,Electronic check,111.31,7370.15,No
C4582-2484,Male,0,No,No,34,Yes,No,DSL,No,No,No,No,No,Yes,One year,No,Electronic check,83.65,2842.89,No
C4583-7372,Male,0,No,No,71,Yes,Yes,No,No internet service,No internet service,No internet service,No internet service,No internet service,No internet service,Month-to-month,No,Bank transfer (automatic),33.46,2391.64,No
C4584-6280,Male,1,No,No,48,Yes,Yes,Fiber optic,Yes,Yes,No,No,Yes,Yes,Two year,Yes,Mailed check,115.58,5557.46,No
C4585-6494,Female,0,No,No,32,No,No phone service,DSL,No,Yes,Yes,No,No,No,Month-to-month,Yes,Mailed check,61.5,1997.62,No
C4586-2931,Male,0,Yes,Yes,1,Yes,No,No,No internet service,No internet service,No internet service,No internet service,No internet service,No internet service,One year,No,Bank transfer (automatic),21.85,40.25,No
C4587-3768,Male,0,No,No,42,Yes,Yes,DSL,No,No,No,No,No,Yes,Two year,No,Bank transfer (automatic),64.02,2693.88,No
C4588-6457,Male,0,No,No,42,Yes,No,No,No internet service,No internet service,No internet service,No internet service,No internet service,No internet service,Month-to-month,No,Bank transfer (automatic),30.56,1279.9,No
C4589-3691,Female,0,Yes,Yes,70,Yes,No,No,No internet service,No internet service,No internet service,No internet service,No internet service,No internet service,Month-to-month,No,Bank transfer (automatic),37.3,2592.39,No
C4590-7246,Female,0,No,No,30,Yes,Yes,Fiber optic,No,Yes,No,No,Yes,No,Month-to-month,Yes,Electronic check,97.59,2906.43,Yes
C4591-1355,Female,0,Yes,Yes,28,Yes,No,No,No internet service,No internet service,No internet service,No internet service,No internet service,No internet service,Month-to-month,No,Electronic check,41.11,1137.47,Yes
C4592-1655,Female,0,No,No,44,Yes,No,No,No internet service,No internet service,No internet service,No internet service,No internet service,No internet service,Month-to-month,No,Mailed check,44.24,1923.27,Yes
C4593-7555,Female,0,No,No,28,No,No phone service,Fiber optic,No,Yes,No,No,Yes,No,Month-to-month,Yes,Mailed check,69.11,1924.5,No
C4594-6550,Female,0,No,No,18,Yes,Yes,DSL,No,No,No,Yes,Yes,Yes,Month-to-month,Yes,Credit card (automatic),100.51,1797.3,No
C4595-1388,Female,1,No,No,50,Yes,No,DSL,No,No,Yes,Yes,Yes,Yes,Month-to-month,Yes,Electronic check,98.02,4913.94,No
C4596-9090,Female,1,Yes,Yes,3,Yes,Yes,DSL,Yes,Yes,No,No,Yes,No,Month-to-month,Yes,Credit card (automatic),95.82,301.66,No
C4597-1043,Male,0,No,No,27,Yes,Yes,Fiber optic,No,No,Yes,Yes,No,Yes,Month-to-month,Yes,Electronic check,128.71,3453.87,Yes
C4598-9599,Male,0,No,No,19,Yes,No,DSL,No,Yes,No,Yes,No,Yes,Month-to-month,Yes,Mailed check,92.59,1729.6,No
C4599-7564,Female,0,Yes,No,10,Yes,No,Fiber optic,No,No,No,Yes,No,No,Month-to-month,Yes,Mailed check,96.45,953.77,Yes
C4600-9892,Male,0,Yes,No,33,Yes,Yes,DSL,No,No,No,No,Yes,No,Month-to-month,Yes,Credit card (automatic),80.03,2646.03,No
C4601-9538,Female,0,No,No,72,No,No phone service,No,No internet service,No internet service,No internet service,No internet service,No internet service,No internet service,Two year,Yes,Electronic check,23.15,1632.5,No
C4602-3817,Male,0,No,No,12,Yes,Yes,DSL,No,No,No,No,Yes,Yes,One year,No,Credit card (automatic),86.64,1075.88,No
C4603-7807,Female,0,Yes,Yes,42,Yes,Yes,Fiber optic,No,No,Yes,Yes,Yes,No,Two year,Yes,Mailed check,123.75,5203.71,No
C4604-2898,Female,0,Yes,Yes,37,Yes,No,DSL,No,No,Yes,No,No,No,Month-to-month,No,Electronic check,81.12,2997.37,Yes
C4605-5244,Female,0,Yes,Yes,8,Yes,Yes,Fiber optic,Yes,Yes,No,No,Yes,No,Month-to-month,Yes,Credit card (automatic),119.68,936.8,Yes
C4606-3160,Female,0,No,No,37,Yes,No,DSL,No,No,No,No,Yes,Yes,Month-to-month,No,Mailed check,76.54,2845.81,No
C4607-5373,Female,0,Yes,No,20,Yes,Yes,Fiber optic,No,Yes,No,No,No,Yes,Month-to-month,No,Bank transfer (automatic),102.91,2048.56,No
C4608-8850,Female,0,No,No,15,Yes,Yes,DSL,Yes,Yes,No,Yes,No,No,Two year,No,Bank transfer (automatic),97.27,1431.61,No
C4609-4924,Female,0,No,Yes,14,Yes,Yes,Fiber optic,No,No,Yes,No,Yes,No,One year,Yes,Electronic check,121.59,1693.98,Yes
C4610-1831,Male,0,Yes,Yes,72,Yes,No,Fiber optic,No,No,No,No,Yes,Yes,Two year,Yes,Bank transfer (automatic),108.21,7798.53,No
C4611-3921,Male,0,No,No,4,Yes,Yes,No,No internet service,No internet service,No internet service,No internet service,No internet service,No internet service,One year,Yes,Mailed check,30.63,127.47,No
C4612-8077,Female,0,Yes,Yes,60,Yes,No,DSL,No,No,No,No,No,No,Month-to-month,No,Credit card (automatic),73.71,4443.02,No
C4613-5694,Female,0,Yes,Yes,22,Yes,Yes,DSL,Yes,No,Yes,Yes,No,No,Month-to-month,Yes,Electronic check,89.85,1967.29,Yes
C4614-6041,Male,0,No,No,11,Yes,Yes,No,No internet service,No internet service,No internet service,No internet service,No internet service,No internet service,Month-to-month,No,Electronic check,48.89,527.4,No
C4615-4879,Male,0,No,No,19,Yes,No,Fiber optic,No,Yes,Yes,No,Yes,Yes,One year,No,Electronic check,109.16,2070.5,No
C4616-3634,Male,1,No,No,63,Yes,No,Fiber optic,No,Yes,No,Yes,No,No,One year,No,Mailed check,100.25,6305.03,No
C4617-6382,Female,0,Yes,No,65,Yes,No,DSL,Yes,No,No,No,Yes,Yes,Month-to-month,No,Electronic check,67.82,4414.32,No
C4618-6697,Male,0,Yes,No,10,Yes,No,Fiber optic,No,Yes,Yes,No,Yes,No,Two year,Yes,Mailed check,106.27,1049.15,No
C4619-9082,Male,0,Yes,Yes,36,Yes,Yes,Fiber optic,No,No,Yes,No,No,No,One year,Yes,Bank transfer (automatic),94.58,3389.87,No
C4620-6559,Female,0,No,No,34,Yes,Yes,No,No internet service,No internet service,No internet service,No internet service,No internet service,No internet service,Two year,No,Electronic check,32.02,1089.25,No
C4621-9954,Male,0,Yes,Yes,21,Yes,No,Fiber optic,No,No,Yes,No,No,Yes,Month-to-month,No,Electronic check,116.18,2445.09,Yes
C4622-8438,Female,0,No,No,39,Yes,Yes,Fiber optic,Yes,Yes,No,No,No,Yes,One year,Yes,Electronic check,114.4,4443.68,No
C4623-1708,Female,0,No,Yes,47,Yes,Yes,DSL,No,Yes,No,Yes,No,No,One year,No,Mailed check,101.52,4768.96,No
C4624-4529,Male,1,No,No,10,Yes,No,DSL,No,No,Yes,Yes,No,Yes,Month-to-month,Yes,Electronic check,84.42,863.17,No
C4625-4461,Male,0,Yes,No,4,Yes,No,DSL,No,Yes,No,No,Yes,Yes,Month-to-month,Yes,Bank transfer (automatic),89.07,396.24,No
C4626-1027,Male,0,Yes,No,8,Yes,Yes,Fiber optic,No,Yes,No,No,No,No,Month-to-month,No,Electronic check,105.54,862.16,Yes
C4627-2626,Female,0,No,No,18,Yes,No,Fiber optic,No,No,Yes,Yes,Yes,No,Month-to-month,No,Bank transfer (automatic),103.81,1864.73,No
C4628-7858,Female,0,No,No,22,Yes,Yes,Fiber optic,No,Yes,No,Yes,Yes,Yes,One year,Yes,Credit card (automatic),128.07,2812.57,No
C4629-4168,Male,0,No,No,50,Yes,No,No,No internet service,No internet service,No internet service,No internet service,No internet service,No internet service,Two year,Yes,Credit card (automatic),53.33,2679.2,No
C4630-2330,Male,0,No,No,25,Yes,Yes,DSL,No,No,No,No,Yes,No,Two year,Yes,Electronic check,83.5,2094.07,Yes
C4631-3586,Male,0,Yes,No,18,Yes,No,No,No internet service,No internet service,No internet service,No internet service,No internet service,No internet service,Month-to-month,No,Electronic check,35.34,635.49,No
C4632-3472,Male,0,Yes,Yes,4,Yes,Yes,No,No internet service,No internet service,No internet service,No internet service,No internet service,No internet service,Month-to-month,Yes,Bank transfer (automatic),48.16,164.74,No
C4633-2570,Male,0,Yes,Yes,62,Yes,Yes,Fiber optic,Yes,No,Yes,No,No,Yes,Month-to-month,Yes,Electronic check,122.8,7619.29,Yes
C4634-1910,Female,1,No,No,10,Yes,Yes,Fiber optic,Yes,No,No,No,Yes,No,Month-to-month,Yes,Credit card (automatic),107.39,1077.25,No
C4635-7875,Female,0,No,No,66,Yes,No,No,No internet service,No internet service,No internet service,No internet service,No internet service,No internet service,Two year,No,Credit card (automatic),35.51,2336.16,No
C4636-8419,Female,0,No,No,17,Yes,No,No,No internet service,No internet service,No internet service,No internet service,No internet service,No internet service,Two year,Yes,Bank transfer (automatic),35.2,610.26,No
C4637-5466,Female,0,No,No,9,Yes,Yes,Fiber optic,No,Yes,Yes,No,No,Yes,Two year,Yes,Electronic check,119.79,1091.37,No
C4638-6538,Female,0,Yes,Yes,26,Yes,No,Fiber optic,No,No,No,No,Yes,Yes,Month-to-month,No,Bank transfer (automatic),111.9,2889.67,No
C4639-9272,Male,1,No,No,12,Yes,No,Fiber optic,Yes,Yes,No,No,No,Yes,One year,No,Credit card (automatic),109.89,1327.51,No
C4640-8583,Female,1,No,No,20,No,No phone service,DSL,No,No,No,No,Yes,No,Month-to-month,Yes,Credit card (automatic),56.68,1154.85,No
C4641-1293,Male,1,Yes,No,26,Yes,No,DSL,No,Yes,Yes,Yes,No,Yes,One year,Yes,Electronic check,96.19,2508.97,No
C4642-9575,Female,1,No,No,46,Yes,Yes,Fiber optic,Yes,Yes,Yes,No,No,No,Month-to-month,No,Credit card (automatic),99.22,4576.07,No
C4643-1602,Male,0,No,No,72,Yes,Yes,Fiber optic,No,Yes,Yes,No,No,No,Month-to-month,No,Bank transfer (automatic),107.84,7753.02,No
C4644-1239,Male,0,No,No,15,No,No phone service,Fiber optic,Yes,No,Yes,No,Yes,Yes,Two year,Yes,Bank transfer (automatic),78.99,1178.46,No
C4645-4629,Female,0,Yes,No,28,Yes,No,No,No internet service,No internet service,No internet service,No internet service,No internet service,No internet service,Month-to-month,No,Electronic check,29.84,840.55,No
C4646-7711,Female,0,No,No,7,Yes,No,No,No internet service,No internet service,No internet service,No internet service,No internet service,No internet service,Two year,No,Credit card (automatic),23.91,171.79,No
C4647-1722,Female,0,No,No,41,Yes,No,DSL,No,Yes,Yes,No,Yes,No,Month-to-month,Yes,Electronic check,84.71,3454.21,Yes
C4648-3636,Male,0,No,No,30,Yes,No,DSL,No,No,No,No,Yes,No,Two year,Yes,Mailed check,66.25,1992.22,No
C4649-3364,Male,0,Yes,No,4,Yes,Yes,Fiber optic,No,No,Yes,No,Yes,No,One year,Yes,Electronic check,111.27,448.61,No
C4650-4576,Male,0,Yes,No,32,Yes,No,Fiber optic,No,Yes,No,No,No,Yes,Month-to-month,Yes,Electronic check,106.96,3405.15,No
C4651-9873,Male,0,No,No,12,Yes,No,No,No internet service,No internet service,No internet service,No internet service,No internet service,No internet service,Month-to-month,Yes,Electronic check,34.41,422.44,No
C4652-3982,Female,1,Yes,Yes,20,Yes,Yes,Fiber optic,No,No,Yes,No,Yes,No,Two year,Yes,Credit card (automatic),104.63,2079.56,No
C4653-2880,Male,0,Yes,Yes,72,Yes,Yes,DSL,Yes,No,Yes,No,No,No,Month-to-month,No,Mailed check,86.91,6260.81,No
C4654-2100,Female,0,No,No,4,Yes,Yes,DSL,No,No,No,No,Yes,Yes,Month-to-month,Yes,Electronic check,90.51,348.82,No
C4655-2782,Male,0,Yes,No,43,Yes,No,Fiber optic,Yes,No,No,Yes,Yes,Yes,Month-to-month,No,Credit card (automatic),108.12,4643.62,No
C4656-2198,Male,0,Yes,No,10,Yes,No,DSL,No,Yes,No,No,No,No,Month-to-month,Yes,Credit card (automatic),64.7,642.41,No
C4657-6162,Male,0,No,No,8,Yes,Yes,DSL,No,No,No,No,Yes,Yes,Month-to-month,No,Credit card (automatic),94.42,756.0,Yes
C4658-4784,Male,0,Yes,Yes,14,No,No phone service,DSL,No,No,Yes,Yes,Yes,No,Month-to-month,Yes,Bank transfer (automatic),72.06,978.38,No
C4659-5481,Male,0,No,No,7,Yes,No,Fiber optic,No,Yes,No,No,No,No,Month-to-month,Yes,Mailed check,103.14,730.51,Yes
C4660-8488,Male,0,Yes,No,72,Yes,Yes,Fiber optic,Yes,Yes,Yes,Yes,Yes,Yes,Two year,Yes,Electronic check,142.66,10287.93,No
C4661-6223,Female,0,Yes,No,4,Yes,No,DSL,Yes,No,Yes,No,Yes,No,Month-to-month,Yes,Credit card (automatic),82.69,305.21,Yes
C4662-2396,Female,0,Yes,No,7,Yes,No,Fiber optic,No,No,No,No,Yes,Yes,Month-to-month,No,Electronic check,86.47,627.66,No
C4663-4390,Male,0,Yes,No,3,Yes,No,Fiber optic,Yes,Yes,No,No,Yes,Yes,Month-to-month,Yes,Electronic check,116.31,376.87,No
C4664-3812,Female,0,Yes,Yes,11,Yes,Yes,No,No internet service,No internet service,No internet service,No internet service,No internet service,No internet service,One year,Yes,Mailed check,59.33,609.39,No
C4665-8440,Female,0,No,No,27,Yes,No,DSL,No,Yes,Yes,No,Yes,Yes,Month-to-month,Yes,Bank transfer (automatic),94.9,2536.19,No
C4666-3762,Female,0,No,No,29,No,No phone service,DSL,Yes,No,Yes,No,Yes,No,Month-to-month,Yes,Bank transfer (automatic),61.83,1820.67,Yes
C4667-2247,Male,0,Yes,Yes,33,Yes,Yes,No,No internet service,No internet service,No internet service,No internet service,No internet service,No internet service,Month-to-month,No,Electronic check,31.94,1043.91,No
C4668-7623,Male,0,Yes,No,34,Yes,No,Fiber optic,No,Yes,No,No,No,Yes,Two year,Yes,Credit card (automatic),88.87,3002.53,No
C4669-4855,Male,0,No,No,53,Yes,Yes,No,No internet service,No internet service,No internet service,No internet service,No internet service,No internet service,Two year,No,Electronic check,43.31,2304.94,No
C4670-1862,Male,0,No,No,72,Yes,No,Fiber optic,No,Yes,Yes,No,No,No,Month-to-month,Yes,Electronic check,100.69,7232.44,Yes
C4671-7207,Male,1,Yes,No,40,Yes,No,DSL,No,No,No,No,No,No,Month-to-month,No,Mailed check,59.54,2384.99,No
C4672-2894,Male,1,Yes,No,26,Yes,No,Fiber optic,No,Yes,Yes,No,No,Yes,One year,Yes,Mailed check,114.49,3004.0,No
C4673-8813,Female,0,Yes,No,10,Yes,No,DSL,No,No,No,Yes,Yes,Yes,Two year,Yes,Credit card (automatic),81.4,785.37,No
C4674-8491,Male,0,No,No,28,Yes,No,Fiber optic,No,No,Yes,No,No,No,Month-to-month,No,Credit card (automatic),85.76,2403.74,No
C4675-4325,Male,0,Yes,No,39,No,No phone service,DSL,Yes,Yes,No,Yes,Yes,No,Two year,No,Mailed check,81.11,3143.32,No
C4676-5999,Female,1,No,No,19,Yes,No,No,No internet service,No internet service,No internet service,No internet service,No internet service,No internet service,Two year,Yes,Mailed check,38.91,757.97,No
C4677-6109,Female,0,Yes,No,46,Yes,No,Fiber optic,No,Yes,No,No,No,No,Month-to-month,Yes,Electronic check,93.46,4300.36,No
C4678-6880,Male,0,Yes,No,34,Yes,No,Fiber optic,No,Yes,Yes,No,No,Yes,Month-to-month,Yes,Electronic check,102.11,3480.6,No
C4679-1622,Male,0,No,No,12,Yes,No,Fiber optic,No,Yes,Yes,No,No,No,Month-to-month,Yes,Bank transfer (automatic),92.69,1106.44,Yes
C4680-3923,Female,0,Yes,No,14,Yes,Yes,No,No internet service,No internet service,No internet service,No internet service,No internet service,No internet service,Two year,Yes,Electronic check,35.51,518.52,No
C4681-2532,Female,0,No,Yes,60,Yes,No,No,No internet service,No internet service,No internet service,No internet service,No internet service,No internet service,Month-to-month,No,Bank transfer (automatic),38.58,2293.24,No
C4682-7276,Male,0,No,No,3,Yes,Yes,No,No internet service,No internet service,No internet service,No internet service,No internet service,No internet service,Month-to-month,Yes,Mailed check,48.54,160.62,Yes
C4683-1622,Male,0,No,No,3,Yes,Yes,No,No internet service,No internet service,No internet service,No internet service,No internet service,No internet service,Month-to-month,No,Mailed check,38.21,141.91,No
C4684-5652,Male,0,Yes,No,8,Yes,No,Fiber optic,Yes,Yes,No,No,No,Yes,One year,No,Mailed check,104.12,855.02,Yes
C4685-7550,Male,0,Yes,Yes,72,Yes,No,DSL,Yes,Yes,No,No,Yes,No,Month-to-month,No,Electronic check,82.61,5971.45,Yes
C4686-9534,Male,0,Yes,Yes,35,Yes,Yes,DSL,No,No,No,No,Yes,No,Month-to-month,Yes,Mailed check,75.07,2617.97,Yes
C4687-3592,Male,1,No,No,14,Yes,Yes,No,No internet service,No internet service,No internet service,No internet service,No internet service,No internet service,Month-to-month,No,Bank transfer (automatic),39.18,554.89,No
C4688-1071,Female,0,No,No,35,Yes,Yes,No,No internet service,No internet service,No internet service,No internet service,No internet service,No internet service,Month-to-month,Yes,Mailed check,48.7,1739.75,No
C4689-7512,Female,1,Yes,Yes,13,Yes,No,DSL,Yes,Yes,Yes,Yes,No,No,One year,No,Electronic check,87.91,1164.97,No
C4690-1013,Male,0,Yes,No,26,Yes,Yes,DSL,No,No,No,No,Yes,No,Month-to-month,No,Mailed check,81.36,2132.79,No
C4691-1597,Female,0,Yes,No,16,Yes,No,Fiber optic,No,No,No,Yes,Yes,Yes,Month-to-month,No,Bank transfer (automatic),106.98,1719.3,No
C4692-9913,Male,1,Yes,Yes,34,Yes,No,Fiber optic,Yes,Yes,Yes,No,Yes,Yes,One year,No,Credit card (automatic),121.49,4105.6,No
C4693-8762,Female,0,Yes,No,21,Yes,No,Fiber optic,Yes,Yes,Yes,Yes,Yes,Yes,Month-to-month,Yes,Credit card (automatic),124.78,2584.71,No
C4694-7367,Female,0,No,No,14,Yes,Yes,No,No internet service,No internet service,No internet service,No internet service,No internet service,No internet service,Two year,No,Credit card (automatic),32.29,468.7,No
C4695-8518,Female,0,No,Yes,26,Yes,Yes,Fiber optic,No,No,No,No,No,Yes,One year,No,Credit card (automatic),98.19,2545.69,No
C4696-1678,Female,0,Yes,Yes,17,Yes,Yes,Fiber optic,No,No,No,No,No,No,Month-to-month,Yes,Mailed check,93.69,1607.96,No
C4697-1800,Male,0,Yes,Yes,17,Yes,No,Fiber optic,No,Yes,Yes,Yes,Yes,No,Two year,Yes,Credit card (automatic),113.77,1929.52,No
C4698-3707,Male,0,Yes,No,5,Yes,No,Fiber optic,Yes,Yes,No,No,Yes,No,Month-to-month,Yes,Electronic check,100.87,499.7,Yes
C4699-1213,Male,1,Yes,No,34,Yes,No,Fiber optic,No,No,Yes,Yes,Yes,No,Month-to-month,Yes,Credit card (automatic),101.8,3443.47,No
C4700-8993,Female,0,No,No,72,Yes,No,Fiber optic,Yes,Yes,Yes,No,Yes,Yes,Month-to-month,Yes,Mailed check,128.57,9232.78,Yes
C4701-1506,Male,0,Yes,No,27,Yes,No,No,No internet service,No internet service,No internet service,No internet service,No internet service,No internet service,Month-to-month,Yes,Electronic check,26.56,758.7,No
C4702-5895,Female,1,No,No,18,No,No phone service,No,No internet service,No internet service,No internet service,No internet service,No internet service,No internet service,Two year,Yes,Bank transfer (automatic),24.58,438.11,No
C4703-8681,Female,0,No,No,19,Yes,No,Fiber optic,Yes,No,Yes,Yes,Yes,No,Two year,Yes,Electronic check,106.62,2029.23,No
C4704-7614,Female,0,No,No,58,Yes,No,DSL,Yes,No,Yes,No,Yes,No,One year,Yes,Bank transfer (automatic),89.57,5220.21,No
C4705-3112,Female,0,No,No,27,Yes,No,No,No internet service,No internet service,No internet service,No internet service,No internet service,No internet service,Month-to-month,Yes,Electronic check,38.64,1066.86,Yes
C4706-5232,Female,0,No,No,22,Yes,No,Fiber optic,Yes,Yes,Yes,Yes,No,No,Month-to-month,Yes,Bank transfer (automatic),93.07,2040.06,No
C4707-5933,Female,1,No,No,21,Yes,No,Fiber optic,Yes,No,Yes,No,No,No,Month-to-month,Yes,Electronic check,117.86,2472.12,No
C4708-7910,Female,0,Yes,No,25,Yes,No,Fiber optic,Yes,No,No,No,No,No,Month-to-month,Yes,Electronic check,107.83,2688.43,No
C4709-4835,Male,0,No,No,9,Yes,Yes,Fiber optic,No,No,No,Yes,No,Yes,Two year,Yes,Electronic check,97.44,873.23,Yes
C4710-3565,Male,0,Yes,Yes,9,Yes,Yes,No,No internet service,No internet service,No internet service,No internet service,No internet service,No internet service,Month-to-month,Yes,Mailed check,51.06,463.32,No
C4711-8158,Female,0,Yes,No,4,Yes,Yes,DSL,Yes,Yes,Yes,Yes,Yes,Yes,Month-to-month,Yes,Mailed check,109.83,443.67,No
C4712-8977,Female,0,No,No,34,No,No phone service,Fiber optic,No,Yes,Yes,Yes,No,No,One year,Yes,Electronic check,77.3,2645.12,No
C4713-5399,Female,1,Yes,No,1,Yes,No,No,No internet service,No internet service,No internet service,No internet service,No internet service,No internet service,Month-to-month,No,Bank transfer (automatic),28.98,18.28,No
C4714-1252,Male,0,Yes,Yes,29,Yes,Yes,DSL,No,Yes,No,No,No,Yes,Two year,Yes,Electronic check,86.99,2510.79,No
C4715-5505,Male,0,Yes,No,14,Yes,Yes,Fiber optic,No,Yes,Yes,No,Yes,Yes,Two year,No,Mailed check,122.43,1702.5,No
C4716-9002,Female,0,Yes,Yes,9,Yes,No,Fiber optic,No,No,No,No,No,Yes,Month-to-month,No,Electronic check,99.58,914.7,Yes
C4717-9900,Female,0,Yes,Yes,26,Yes,No,Fiber optic,No,No,Yes,Yes,Yes,No,Two year,No,Mailed check,112.57,2928.16,No
C4718-4608,Female,0,Yes,No,16,Yes,Yes,DSL,No,Yes,No,No,No,Yes,Two year,No,Electronic check,90.71,1479.19,No
C4719-2351,Female,0,No,No,25,No,No phone service,DSL,No,No,No,Yes,No,No,Two year,Yes,Bank transfer (automatic),61.31,1536.93,No
C4720-6148,Female,0,No,Yes,10,No,No phone service,Fiber optic,Yes,Yes,Yes,Yes,Yes,Yes,Two year,No,Credit card (automatic),110.79,1125.58,No
C4721-8475,Female,1,Yes,Yes,31,Yes,No,Fiber optic,No,No,No,Yes,No,Yes,One year,No,Electronic check,98.86,3083.52,No
C4722-9504,Male,0,No,No,22,Yes,Yes,No,No internet service,No internet service,No internet service,No internet service,No internet service,No internet service,Month-to-month,Yes,Mailed check,46.92,1030.09,Yes
C4723-1465,Male,0,No,No,44,Yes,No,DSL,No,Yes,No,Yes,No,No,Two year,Yes,Electronic check,93.93,4135.83,No
C4724-3614,Male,0,No,No,6,Yes,Yes,DSL,No,No,Yes,Yes,Yes,Yes,Month-to-month,Yes,Mailed check,101.52,598.19,No
C4725-5298,Female,0,No,No,16,Yes,No,Fiber optic,Yes,Yes,No,Yes,Yes,No,Two year,Yes,Bank transfer (automatic),107.62,1711.01,No
C4726-1884,Female,0,No,No,14,Yes,No,DSL,No,Yes,No,Yes,No,Yes,Month-to-month,Yes,Mailed check,82.59,1153.99,No
C4727-8976,Female,0,Yes,No,37,Yes,No,DSL,No,No,No,Yes,Yes,Yes,Month-to-month,Yes,Electronic check,81.56,3025.78,No
C4728-2009,Female,0,No,No,53,Yes,Yes,Fiber optic,No,No,No,Yes,Yes,No,Two year,Yes,Electronic check,116.82,6185.11,No
C4729-6986,Female,0,No,No,27,Yes,No,Fiber optic,Yes,No,Yes,Yes,Yes,Yes,Month-to-month,Yes,Electronic check,116.14,3135.0,No
C4730-9266,Female,0,No,No,21,Yes,Yes,DSL,No,No,Yes,No,No,Yes,Month-to-month,No,Electronic check,87.89,1830.46,Yes
C4731-7166,Female,0,Yes,Yes,44,Yes,Yes,No,No internet service,No internet service,No internet service,No internet service,No internet service,No internet service,One year,Yes,Credit card (automatic),50.35,2229.47,Yes
C4732-7868,Female,0,No,Yes,18,Yes,No,DSL,No,No,No,Yes,No,No,Month-to-month,Yes,Credit card (automatic),82.27,1465.35,Yes
C4733-3369,Male,0,No,No,72,Yes,Yes,DSL,No,No,No,No,No,Yes,Two year,No,Credit card (automatic),77.42,5595.83,No
C4734-8446,Male,0,Yes,Yes,12,Yes,Yes,DSL,No,No,No,No,Yes,Yes,Two year,Yes,Bank transfer (automatic),93.69,1113.1,No
C4735-4766,Male,0,No,No,2,Yes,Yes,No,No internet service,No internet service,No internet service,No internet service,No internet service,No internet service,Month-to-month,Yes,Mailed check,51.98,113.35,No
C4736-1551,Female,1,No,No,5,Yes,Yes,DSL,No,Yes,No,No,No,No,One year,No,Credit card (automatic),69.86,346.87,Yes
C4737-4298,Female,0,No,No,17,Yes,No,Fiber optic,No,No,No,No,No,Yes,Month-to-month,Yes,Electronic check,94.65,1602.69,Yes
C4738-4148,Male,0,Yes,No,72,Yes,Yes,DSL,No,No,Yes,No,No,No,One year,No,Bank transfer (automatic),80.1,5763.51,No
C4739-5692,Male,0,No,No,9,Yes,No,Fiber optic,No,Yes,Yes,No,No,Yes,Month-to-month,Yes,Bank transfer (automatic),129.94,1179.89,Yes
C4740-3383,Male,0,No,No,72,Yes,Yes,DSL,Yes,Yes,No,No,Yes,No,Month-to-month,Yes,Electronic check,101.26,7274.83,No
C4741-5159,Female,0,Yes,No,27,Yes,No,DSL,Yes,No,No,No,Yes,Yes,Two year,No,Electronic check,91.24,2456.13,Yes
C4742-4851,Male,0,No,No,9,Yes,Yes,Fiber optic,No,No,No,No,No,Yes,Month-to-month,No,Bank transfer (automatic),91.24,858.81,No
C4743-3941,Male,0,Yes,Yes,18,Yes,No,Fiber optic,No,No,No,No,Yes,Yes,Two year,No,Mailed check,98.66,1810.58,No
C4744-7265,Male,0,No,No,48,Yes,No,Fiber optic,No,No,No,No,Yes,No,Month-to-month,Yes,Electronic check,78.85,3794.3,Yes
C4745-3749,Male,0,No,No,20,Yes,Yes,Fiber optic,Yes,Yes,No,No,No,No,Two year,No,Electronic check,94.18,1881.5,No
C4746-7891,Female,0,No,No,10,Yes,Yes,No,No internet service,No internet service,No internet service,No internet service,No internet service,No internet service,One year,No,Electronic check,45.46,470.66,No
C4747-3257,Male,0,No,No,17,Yes,Yes,DSL,Yes,No,Yes,No,No,Yes,One year,Yes,Mailed check,86.37,1457.16,No
C4748-8783,Male,0,Yes,Yes,56,Yes,No,Fiber optic,No,No,Yes,No,No,No,Month-to-month,Yes,Mailed check,92.75,5222.58,Yes
C4749-4285,Female,0,No,No,72,Yes,No,DSL,Yes,No,Yes,No,No,Yes,One year,Yes,Mailed check,91.35,6610.21,No
C4750-1366,Female,0,Yes,No,46,Yes,Yes,Fiber optic,No,Yes,Yes,No,No,Yes,Month-to-month,No,Credit card (automatic),108.15,4992.27,No
C4751-2349,Female,0,No,No,72,Yes,Yes,Fiber optic,No,No,No,No,No,Yes,One year,Yes,Mailed check,105.56,7600.25,No
C4752-8255,Male,0,Yes,Yes,45,Yes,Yes,Fiber optic,No,No,No,Yes,Yes,No,Two year,Yes,Electronic check,113.69,5100.48,No
C4753-8848,Female,0,No,No,45,Yes,Yes,Fiber optic,Yes,No,No,Yes,No,No,One year,Yes,Bank transfer (automatic),113.48,5086.85,Yes
C4754-2907,Male,0,No,No,37,Yes,Yes,DSL,No,Yes,No,No,No,No,Month-to-month,Yes,Mailed check,85.56,3179.61,No
C4755-6418,Male,0,Yes,No,32,Yes,No,No,No internet service,No internet service,No internet service,No internet service,No internet service,No internet service,Two year,No,Bank transfer (automatic),41.57,1336.48,No
C4756-6168,Female,0,Yes,Yes,12,Yes,No,DSL,Yes,No,Yes,Yes,No,Yes,One year,Yes,Mailed check,94.08,1146.24,No
C4757-2203,Female,0,Yes,Yes,25,Yes,Yes,DSL,No,No,Yes,No,No,Yes,One year,No,Credit card (automatic),80.81,2029.35,No
C4758-5067,Male,0,Yes,No,46,Yes,No,No,No internet service,No internet service,No internet service,No internet service,No internet service,No internet service,Two year,Yes,Electronic check,32.3,1520.46,No
C4759-7244,Male,0,Yes,Yes,33,No,No phone service,Fiber optic,No,Yes,Yes,No,Yes,Yes,Month-to-month,No,Electronic check,75.33,2497.45,No
C4760-9703,Female,0,No,No,4,No,No phone service,No,No internet service,No internet service,No internet service,No internet service,No internet service,No internet service,Month-to-month,No,Bank transfer (automatic),30.06,105.85,Yes
C4761-8628,Male,0,No,No,56,Yes,Yes,DSL,No,No,No,Yes,No,No,Month-to-month,Yes,Bank transfer (automatic),98.88,5528.41,Yes
C4762-1880,Female,0,No,No,39,Yes,Yes,DSL,No,No,No,No,No,No,One year,No,Mailed check,69.73,2745.94,Yes
C4763-3137,Male,0,Yes,No,54,Yes,Yes,Fiber optic,No,Yes,No,Yes,No,Yes,Month-to-month,No,Mailed check,117.03,6324.01,No
C4764-4929,Male,0,Yes,No,9,Yes,Yes,DSL,Yes,Yes,No,Yes,Yes,No,One year,Yes,Credit card (automatic),107.88,976.38,No
C4765-2355,Male,0,Yes,No,5,Yes,No,Fiber optic,No,No,Yes,Yes,Yes,Yes,Month-to-month,No,Credit card (automatic),117.92,567.81,Yes
C4766-6135,Female,1,No,No,20,Yes,Yes,DSL,No,Yes,No,No,Yes,Yes,One year,No,Credit card (automatic),93.1,1852.02,No
C4767-1077,Female,1,No,No,34,Yes,Yes,DSL,No,No,No,No,Yes,Yes,Month-to-month,Yes,Bank transfer (automatic),89.9,3091.51,No
C4768-2021,Male,0,No,No,72,Yes,No,Fiber optic,No,Yes,No,No,No,Yes,Month-to-month,Yes,Credit card (automatic),117.31,8459.29,No
C4769-1425,Male,1,No,No,30,No,No phone service,DSL,No,No,Yes,No,No,No,Month-to-month,Yes,Electronic check,51.52,1560.04,Yes
C4770-3659,Male,1,No,No,72,Yes,Yes,DSL,No,No,Yes,No,No,No,One year,Yes,Bank transfer (automatic),83.0,5964.55,No
C4771-7859,Female,0,No,No,16,Yes,No,DSL,No,No,Yes,No,No,Yes,Month-to-month,Yes,Credit card (automatic),75.36,1190.28,No
C4772-2595,Male,0,Yes,Yes,37,Yes,No,DSL,No,No,Yes,Yes,Yes,Yes,One year,Yes,Electronic check,93.09,3440.94,No
C4773-9883,Male,0,No,No,3,Yes,No,Fiber optic,No,Yes,Yes,Yes,Yes,No,Month-to-month,Yes,Mailed check,123.39,376.95,Yes
C4774-3425,Female,0,No,No,49,Yes,No,Fiber optic,No,Yes,No,No,Yes,No,One year,Yes,Bank transfer (automatic),101.62,4967.74,No
C4775-1403,Male,0,Yes,Yes,69,Yes,No,Fiber optic,No,Yes,No,No,Yes,No,Month-to-month,No,Mailed check,95.06,6556.79,No
C4776-4019,Female,0,No,No,32,Yes,Yes,Fiber optic,No,No,Yes,No,No,Yes,Month-to-month,No,Electronic check,96.76,3099.96,Yes
C4777-7731,Male,0,No,No,7,No,No phone service,DSL,Yes,Yes,Yes,No,No,Yes,Two year,Yes,Electronic check,65.69,430.77,No
C4778-1959,Male,0,No,No,25,Yes,Yes,DSL,Yes,No,Yes,No,No,Yes,Two year,Yes,Credit card (automatic),105.85,2657.46,No
C4779-1646,Male,0,Yes,Yes,16,Yes,Yes,No,No internet service,No internet service,No internet service,No internet service,No internet service,No internet service,Month-to-month,Yes,Bank transfer (automatic),44.5,694.24,No
C4780-8643,Female,0,Yes,No,18,Yes,Yes,DSL,No,Yes,Yes,No,Yes,Yes,Month-to-month,Yes,Bank transfer (automatic),86.84,1581.2,No
C4781-6328,Male,0,No,No,24,Yes,Yes,No,No internet service,No internet service,No internet service,No internet service,No internet service,No internet service,One year,Yes,Credit card (automatic),31.41,743.29,No
C4782-4088,Male,0,Yes,No,7,Yes,Yes,DSL,No,No,No,No,No,Yes,Two year,Yes,Electronic check,83.62,562.01,No
C4783-7803,Male,0,Yes,No,30,Yes,No,Fiber optic,No,Yes,No,No,No,Yes,Month-to-month,Yes,Bank transfer (automatic),87.89,2613.44,Yes
C4784-8598,Female,0,Yes,No,17,Yes,No,Fiber optic,Yes,Yes,No,No,Yes,No,One year,Yes,Mailed check,97.75,1635.68,No
C4785-4232,Male,0,Yes,Yes,35,Yes,No,Fiber optic,No,No,Yes,No,Yes,Yes,Month-to-month,Yes,Bank transfer (automatic),111.89,3895.66,No
C4786-6050,Female,0,No,No,35,No,No phone service,Fiber optic,No,No,No,Yes,Yes,Yes,Month-to-month,Yes,Electronic check,100.07,3493.23,Yes
C4787-1098,Male,0,No,No,9,Yes,No,No,No internet service,No internet service,No internet service,No internet service,No internet service,No internet service,Month-to-month,No,Bank transfer (automatic),44.01,412.13,No
C4788-3754,Male,0,Yes,Yes,19,Yes,No,Fiber optic,No,No,No,No,No,No,One year,No,Bank transfer (automatic),76.82,1416.15,No
C4789-6356,Male,0,No,Yes,19,Yes,Yes,Fiber optic,No,No,No,No,No,Yes,One year,Yes,Mailed check,108.2,2038.49,No
C4790-2773,Male,0,Yes,Yes,24,Yes,No,No,No internet service,No internet service,No internet service,No internet service,No internet service,No internet service,One year,Yes,Credit card (automatic),47.98,1187.99,No
C4791-9920,Male,0,Yes,No,63,Yes,No,DSL,Yes,Yes,Yes,Yes,Yes,Yes,Month-to-month,Yes,Credit card (automatic),99.03,6230.57,Yes
C4792-9739,Male,1,No,No,13,Yes,Yes,Fiber optic,Yes,No,No,No,No,Yes,Month-to-month,Yes,Credit card (automatic),113.18,1480.29,No
C4793-3318,Male,0,No,Yes,19,Yes,Yes,No,No internet service,No internet service,No internet service,No internet service,No internet service,No internet service,Month-to-month,No,Credit card (automatic),55.14,1056.36,No
C4794-4566,Male,1,Yes,No,35,No,No phone service,No,No internet service,No internet service,No internet service,No internet service,No internet service,No internet service,Month-to-month,Yes,Credit card (automatic),24.26,837.09,No
C4795-2705,Female,0,No,No,26,Yes,No,DSL,No,No,No,No,No,No,Month-to-month,Yes,Bank transfer (automatic),49.99,1291.55,No
C4796-5535,Female,0,Yes,Yes,48,Yes,Yes,No,No internet service,No internet service,No internet service,No internet service,No internet service,No internet service,One year,Yes,Mailed check,39.91,1933.36,No
C4797-2115,Male,1,No,No,35,Yes,No,DSL,Yes,Yes,No,No,Yes,Yes,Month-to-month,Yes,Electronic check,90.54,3194.47,Yes
C4798-4518,Female,1,Yes,Yes,19,Yes,Yes,Fiber optic,No,Yes,No,No,Yes,Yes,Two year,Yes,Credit card (automatic),115.56,2168.77,No
C4799-5996,Male,0,No,No,28,Yes,No,Fiber optic,Yes,Yes,Yes,No,No,Yes,One year,Yes,Credit card (automatic),113.71,3203.6,No
C4800-6505,Female,0,No,Yes,57,Yes,No,Fiber optic,Yes,No,No,No,No,No,Month-to-month,Yes,Electronic check,84.05,4759.35,No
C4801-6367,Female,0,Yes,Yes,8,Yes,Yes,Fiber optic,No,Yes,No,No,Yes,No,Two year,No,Electronic check,104.07,849.11,No
C4802-2992,Male,0,No,No,9,Yes,Yes,DSL,No,No,Yes,Yes,Yes,Yes,Month-to-month,Yes,Mailed check,95.25,876.09,Yes
C4803-8129,Male,0,No,No,10,Yes,Yes,Fiber optic,No,Yes,No,No,No,No,Month-to-month,No,Bank transfer (automatic),104.35,1048.91,Yes
C4804-7225,Female,0,Yes,Yes,20,Yes,Yes,DSL,No,No,Yes,Yes,No,Yes,One year,No,Electronic check,89.84,1794.9,Yes
C4805-7776,Female,0,No,Yes,22,No,No phone service,DSL,No,Yes,Yes,No,No,No,Two year,Yes,Electronic check,57.35,1287.59,No
C4806-5210,Male,0,No,Yes,63,Yes,No,Fiber optic,No,No,No,Yes,Yes,No,Month-to-month,Yes,Bank transfer (automatic),85.69,5390.52,No
C4807-9031,Female,0,Yes,Yes,16,Yes,No,Fiber optic,No,Yes,No,No,No,Yes,Month-to-month,No,Electronic check,107.46,1724.55,Yes
C4808-4508,Female,0,No,Yes,5,Yes,Yes,Fiber optic,No,No,No,No,No,No,Two year,No,Credit card (automatic),95.94,468.47,No
C4809-8251,Male,0,Yes,No,57,No,No phone service,Fiber optic,No,No,Yes,No,Yes,No,Month-to-month,No,Bank transfer (automatic),85.83,4916.49,No
C4810-2831,Male,1,No,No,15,Yes,No,DSL,No,Yes,Yes,Yes,Yes,No,Two year,No,Electronic check,86.72,1301.03,Yes
C4811-3225,Male,0,No,No,42,Yes,No,No,No internet service,No internet service,No internet service,No internet service,No internet service,No internet service,Month-to-month,Yes,Credit card (automatic),37.36,1580.64,No
C4812-5740,Male,0,No,Yes,50,Yes,No,Fiber optic,No,No,Yes,Yes,Yes,Yes,Two year,Yes,Bank transfer (automatic),116.87,5804.91,No
C4813-6002,Male,0,No,No,30,Yes,Yes,DSL,No,Yes,No,No,Yes,Yes,Month-to-month,Yes,Electronic check,91.15,2726.55,No
C4814-7715,Male,0,No,No,24,Yes,Yes,DSL,No,No,Yes,No,Yes,No,Two year,No,Bank transfer (automatic),86.72,2067.0,No
C4815-3676,Female,0,Yes,No,12,Yes,No,No,No internet service,No internet service,No internet service,No internet service,No internet service,No internet service,One year,Yes,Bank transfer (automatic),44.45,518.0,No
C4816-8852,Female,0,Yes,Yes,12,Yes,No,Fiber optic,Yes,No,Yes,No,Yes,Yes,Two year,Yes,Credit card (automatic),115.4,1397.77,No
C4817-3967,Female,1,No,No,52,Yes,Yes,DSL,No,Yes,Yes,Yes,No,Yes,Month-to-month,Yes,Mailed check,107.41,5568.03,No
C4818-5807,Male,1,Yes,No,33,Yes,No,No,No internet service,No internet service,No internet service,No internet service,No internet service,No internet service,Month-to-month,Yes,Electronic check,43.36,1431.0,No
C4819-9386,Male,0,No,No,52,Yes,Yes,Fiber optic,No,Yes,No,No,Yes,No,Month-to-month,Yes,Mailed check,97.15,5088.43,No
C4820-5854,Female,0,Yes,Yes,16,Yes,Yes,Fiber optic,No,No,No,No,Yes,Yes,Two year,No,Electronic check,118.39,1892.57,No
C4821-7136,Male,0,Yes,Yes,60,Yes,No,DSL,Yes,No,No,No,Yes,Yes,Month-to-month,No,Electronic check,84.12,5023.28,No
C4822-9176,Female,0,Yes,No,72,Yes,Yes,Fiber optic,No,Yes,Yes,Yes,No,Yes,Month-to-month,No,Electronic check,129.56,9347.39,Yes
C4823-9770,Male,0,No,No,7,Yes,Yes,DSL,No,No,Yes,Yes,Yes,No,Month-to-month,No,Bank transfer (automatic),95.33,659.27,No
C4824-5494,Female,0,Yes,Yes,7,No,No phone service,DSL,No,Yes,Yes,No,Yes,Yes,One year,Yes,Mailed check,66.38,461.71,No
C4825-4751,Female,0,Yes,Yes,44,Yes,Yes,No,No internet service,No internet service,No internet service,No internet service,No internet service,No internet service,One year,No,Mailed check,20.96,898.62,No
C4826-2772,Female,0,No,Yes,28,Yes,Yes,DSL,Yes,No,Yes,Yes,Yes,No,Month-to-month,Yes,Bank transfer (automatic),121.6,3428.91,Yes
C4827-5836,Female,0,No,No,21,Yes,Yes,DSL,No,No,Yes,No,Yes,No,One year,Yes,Credit card (automatic),80.56,1712.06,No
C4828-9264,Male,0,No,Yes,49,Yes,No,Fiber optic,No,Yes,Yes,No,Yes,Yes,Month-to-month,No,Electronic check,112.91,5545.97,No
C4829-5383,Female,0,Yes,Yes,14,Yes,No,Fiber optic,No,No,Yes,Yes,No,Yes,Two year,No,Electronic check,98.3,1401.02,No
C4830-4135,Female,0,Yes,Yes,15,Yes,No,DSL,No,No,No,No,Yes,Yes,Two year,Yes,Bank transfer (automatic),70.31,1063.04,No
C4831-1965,Male,0,No,No,8,Yes,No,DSL,No,No,No,No,No,Yes,Month-to-month,Yes,Electronic check,70.07,544.34,Yes
C4832-4507,Female,0,Yes,No,54,Yes,No,DSL,No,No,Yes,No,Yes,No,Month-to-month,Yes,Electronic check,71.39,3837.88,Yes
C4833-3130,Male,0,Yes,No,6,Yes,No,No,No internet service,No internet service,No internet service,No internet service,No internet service,No internet service,One year,No,Mailed check,33.04,197.84,No
C4834-9789,Male,0,No,No,50,Yes,Yes,Fiber optic,No,Yes,No,No,No,Yes,Two year,Yes,Credit card (automatic),108.03,5402.87,No
C4835-5748,Male,0,Yes,No,39,Yes,No,Fiber optic,No,No,No,No,Yes,No,Two year,No,Electronic check,101.55,3959.17,Yes
C4836-2232,Male,0,No,No,51,Yes,No,Fiber optic,No,No,No,No,Yes,Yes,Month-to-month,Yes,Bank transfer (automatic),104.3,5284.63,No
C4837-1606,Female,0,Yes,No,9,No,No phone service,No,No internet service,No internet service,No internet service,No internet service,No internet service,No internet service,Month-to-month,Yes,Electronic check,18.25,169.49,No
C4838-8655,Male,0,Yes,Yes,23,Yes,Yes,DSL,Yes,Yes,Yes,No,Yes,No,Month-to-month,Yes,Credit card (automatic),109.86,2502.66,No
C4839-9382,Male,0,Yes,Yes,12,Yes,No,No,No internet service,No internet service,No internet service,No internet service,No internet service,No internet service,Month-to-month,Yes,Electronic check,31.71,395.2,No
C4840-7866,Male,1,No,No,71,Yes,Yes,DSL,No,Yes,Yes,Yes,Yes,No,Two year,No,Electronic check,87.11,6163.25,No
C4841-2114,Male,0,No,No,27,Yes,No,No,No internet service,No internet service,No internet service,No internet service,No internet service,No internet service,Two year,No,Credit card (automatic),38.94,1068.25,No
C4842-1884,Female,0,No,Yes,15,Yes,Yes,Fiber optic,No,Yes,No,No,No,No,Month-to-month,No,Mailed check,98.28,1477.64,Yes
C4843-2781,Female,1,Yes,Yes,11,Yes,Yes,Fiber optic,No,No,No,Yes,Yes,No,Month-to-month,Yes,Credit card (automatic),88.6,959.54,No
C4844-7759,Male,0,No,No,29,Yes,Yes,Fiber optic,Yes,No,Yes,No,No,No,One year,Yes,Electronic check,106.02,3082.6,No
C4845-7887,Male,0,No,No,16,Yes,No,Fiber optic,No,Yes,No,Yes,No,Yes,Month-to-month,No,Mailed check,116.6,1889.43,Yes
C4846-8539,Female,0,No,No,17,Yes,Yes,Fiber optic,No,No,No,Yes,No,Yes,One year,Yes,Electronic check,110.25,1879.7,No
C4847-1872,Female,0,No,No,22,Yes,No,DSL,No,Yes,No,No,Yes,No,One year,Yes,Electronic check,67.94,1476.68,No
C4848-2378,Female,0,No,No,72,Yes,No,Fiber optic,No,Yes,Yes,No,No,Yes,One year,Yes,Bank transfer (automatic),112.62,8100.92,No
C4849-9101,Female,0,No,Yes,26,Yes,Yes,DSL,No,Yes,Yes,No,No,Yes,Month-to-month,Yes,Credit card (automatic),98.38,2551.24,No
C4850-9357,Female,0,Yes,No,15,Yes,Yes,No,No internet service,No internet service,No internet service,No internet service,No internet service,No internet service,One year,No,Credit card (automatic),47.02,692.12,No
C4851-7530,Male,0,No,No,26,Yes,No,DSL,Yes,Yes,Yes,No,No,No,One year,Yes,Credit card (automatic),98.9,2541.92,No
C4852-1954,Male,0,Yes,No,13,Yes,No,Fiber optic,Yes,No,Yes,No,No,Yes,One year,No,Electronic check,119.31,1583.25,Yes
C4853-1617,Male,0,No,No,70,No,No phone service,No,No internet service,No internet service,No internet service,No internet service,No internet service,No internet service,One year,Yes,Credit card (automatic),23.64,1642.25,No
C4854-1500,Female,0,Yes,No,43,Yes,No,Fiber optic,No,Yes,No,No,No,No,Two year,No,Mailed check,85.64,3653.19,No
C4855-7225,Male,0,Yes,Yes,7,No,No phone service,Fiber optic,No,Yes,Yes,Yes,No,Yes,Month-to-month,Yes,Electronic check,99.15,672.07,Yes
C4856-8612,Male,1,Yes,No,43,Yes,No,Fiber optic,No,No,No,No,Yes,Yes,Month-to-month,Yes,Electronic check,101.83,4364.66,Yes
C4857-6684,Male,0,No,No,30,Yes,Yes,Fiber optic,Yes,Yes,No,Yes,Yes,No,Month-to-month,No,Electronic check,120.58,3562.32,No
C4858-3358,Female,0,Yes,No,37,Yes,Yes,DSL,Yes,No,Yes,No,No,Yes,One year,Yes,Electronic check,91.58,3401.48,No
C4859-7815,Female,0,No,No,55,Yes,Yes,Fiber optic,No,Yes,No,No,Yes,No,Month-to-month,Yes,Electronic check,87.97,4847.96,Yes
C4860-1532,Female,0,No,No,10,Yes,Yes,No,No internet service,No internet service,No internet service,No internet service,No internet service,No internet service,Month-to-month,Yes,Mailed check,47.3,476.39,No
C4861-8452,Male,0,Yes,No,23,Yes,Yes,Fiber optic,Yes,Yes,No,No,No,Yes,Month-to-month,No,Electronic check,115.21,2628.43,Yes
C4862-9026,Female,0,No,Yes,36,No,No phone service,No,No internet service,No internet service,No internet service,No internet service,No internet service,No internet service,Two year,No,Credit card (automatic),18.25,670.51,No
C4863-7464,Male,0,No,No,51,Yes,No,No,No internet service,No internet service,No internet service,No internet service,No internet service,No internet service,One year,Yes,Mailed check,30.94,1572.55,No
C4864-8912,Female,0,No,No,41,Yes,No,Fiber optic,No,Yes,Yes,Yes,No,Yes,Month-to-month,No,Credit card (automatic),96.36,3973.86,No
C4865-6275,Male,0,Yes,No,22,Yes,No,Fiber optic,Yes,Yes,No,No,Yes,Yes,Month-to-month,No,Mailed check,124.81,2709.25,No
C4866-5214,Female,0,No,No,54,Yes,Yes,Fiber optic,No,Yes,Yes,No,No,Yes,Month-to-month,Yes,Mailed check,133.55,7195.75,No
C4867-3901,Female,1,Yes,No,21,No,No phone service,DSL,No,No,Yes,No,Yes,Yes,Two year,Yes,Credit card (automatic),66.6,1379.95,No
C4868-9294,Male,1,No,No,18,Yes,No,DSL,Yes,Yes,Yes,No,No,No,Two year,Yes,Mailed check,86.16,1529.3,No
C4869-7274,Male,1,No,No,3,Yes,Yes,DSL,No,No,No,No,Yes,No,Month-to-month,No,Mailed check,69.15,216.13,Yes
C4870-2714,Male,0,Yes,Yes,8,Yes,Yes,Fiber optic,No,No,No,No,No,No,Month-to-month,Yes,Electronic check,102.34,838.92,Yes
C4871-9611,Female,1,Yes,Yes,21,Yes,Yes,Fiber optic,No,No,Yes,No,Yes,Yes,Two year,No,Bank transfer (automatic),107.95,2279.75,No
C4872-1532,Female,0,No,No,9,Yes,No,DSL,No,Yes,Yes,No,Yes,No,Month-to-month,Yes,Credit card (automatic),79.79,718.22,No
C4873-6287,Female,0,Yes,Yes,4,Yes,No,DSL,No,No,No,No,No,No,Month-to-month,No,Credit card (automatic),48.14,196.97,No
C4874-2714,Male,0,Yes,No,10,Yes,Yes,Fiber optic,No,No,Yes,No,No,No,Month-to-month,No,Electronic check,103.03,1039.57,Yes
C4875-6978,Female,1,Yes,No,72,No,No phone service,Fiber optic,No,No,Yes,Yes,No,Yes,Month-to-month,Yes,Mailed check,80.97,5814.45,No
C4876-4713,Female,0,No,No,7,Yes,Yes,Fiber optic,No,Yes,No,Yes,No,No,Month-to-month,Yes,Electronic check,92.51,650.83,No
C4877-4933,Male,0,Yes,No,49,Yes,No,DSL,No,Yes,Yes,No,Yes,Yes,Month-to-month,No,Credit card (automatic),81.51,3991.45,Yes
C4878-7043,Female,0,No,No,35,No,No phone service,Fiber optic,No,No,Yes,Yes,No,Yes,Two year,Yes,Credit card (automatic),103.16,3581.02,No
C4879-7804,Female,0,No,No,23,Yes,Yes,DSL,Yes,Yes,No,No,Yes,No,One year,Yes,Electronic check,100.78,2355.37,No
C4880-4420,Female,0,No,No,46,Yes,No,No,No internet service,No internet service,No internet service,No internet service,No internet service,No internet service,Two year,Yes,Credit card (automatic),44.33,2045.52,No
C4881-9978,Male,0,No,Yes,26,No,No phone service,No,No internet service,No internet service,No internet service,No internet service,No internet service,No internet service,One year,Yes,Mailed check,18.25,457.12,No
C4882-5485,Female,0,No,No,14,Yes,No,DSL,Yes,No,No,No,No,No,Month-to-month,No,Credit card (automatic),73.53,1021.5,No
C4883-2443,Female,0,Yes,No,72,Yes,Yes,DSL,No,No,Yes,No,Yes,Yes,Month-to-month,Yes,Electronic check,98.33,7088.42,No
C4884-1057,Female,0,Yes,No,26,Yes,Yes,DSL,No,No,Yes,No,Yes,No,One year,Yes,Mailed check,93.7,2440.55,Yes
C4885-2821,Male,0,Yes,Yes,59,Yes,No,DSL,No,Yes,No,No,No,Yes,Month-to-month,Yes,Electronic check,77.71,4581.97,No
C4886-7219,Male,0,Yes,No,62,Yes,No,Fiber optic,Yes,Yes,No,No,Yes,No,Month-to-month,Yes,Electronic check,109.64,6823.0,Yes
C4887-5854,Female,0,Yes,Yes,40,Yes,No,DSL,Yes,Yes,Yes,No,Yes,Yes,Month-to-month,No,Mailed check,101.78,4065.68,Yes
C4888-4040,Female,0,No,No,24,Yes,Yes,DSL,Yes,Yes,Yes,Yes,Yes,No,One year,Yes,Credit card (automatic),116.6,2811.65,No
C4889-5331,Female,0,Yes,Yes,11,Yes,No,Fiber optic,Yes,Yes,No,No,No,No,One year,Yes,Electronic check,97.03,1084.91,Yes
C4890-8542,Male,0,Yes,Yes,7,Yes,Yes,No,No internet service,No internet service,No internet service,No internet service,No internet service,No internet service,Month-to-month,No,Credit card (automatic),47.17,345.68,No
C4891-6143,Female,1,No,No,60,Yes,No,DSL,No,Yes,Yes,No,Yes,No,Two year,Yes,Mailed check,101.91,6109.12,No
C4892-1522,Female,0,Yes,Yes,33,Yes,No,DSL,Yes,Yes,No,No,No,No,Two year,Yes,Mailed check,80.26,2626.42,No
C4893-1441,Female,1,No,Yes,34,Yes,No,DSL,No,No,Yes,Yes,Yes,No,One year,Yes,Electronic check,85.33,2863.44,No
C4894-5337,Male,1,Yes,Yes,40,Yes,No,DSL,No,No,Yes,Yes,No,Yes,Month-to-month,No,Bank transfer (automatic),101.0,4040.32,No
C4895-4638,Male,0,No,No,18,Yes,No,DSL,No,Yes,Yes,No,Yes,No,One year,Yes,Bank transfer (automatic),86.01,1552.22,No
C4896-8653,Male,0,Yes,No,52,Yes,No,No,No internet service,No internet service,No internet service,No internet service,No internet service,No internet service,Month-to-month,Yes,Bank transfer (automatic),46.89,2425.45,No
C4897-6246,Female,0,Yes,No,28,Yes,No,No,No internet service,No internet service,No internet service,No internet service,No internet service,No internet service,Month-to-month,No,Electronic check,49.25,1380.79,No
C4898-7811,Female,0,No,Yes,20,Yes,Yes,DSL,No,No,No,No,Yes,Yes,One year,No,Mailed check,83.51,1686.81,No
C4899-6266,Female,0,Yes,Yes,34,Yes,Yes,DSL,No,Yes,No,No,Yes,No,Two year,No,Bank transfer (automatic),90.2,3048.71,No
C4900-4107,Female,0,Yes,Yes,54,Yes,No,DSL,No,No,No,No,No,No,Month-to-month,Yes,Mailed check,64.21,3454.63,Yes
C4901-6915,Male,0,Yes,No,19,No,No phone service,DSL,Yes,Yes,Yes,No,No,Yes,Month-to-month,Yes,Mailed check,63.88,1185.79,No
C4902-6592,Male,0,No,No,72,Yes,No,No,No internet service,No internet service,No internet service,No internet service,No internet service,No internet service,Month-to-month,Yes,Electronic check,29.22,2095.54,Yes
C4903-7481,Female,0,Yes,No,6,Yes,No,Fiber optic,No,Yes,Yes,No,No,Yes,One year,Yes,Credit card (automatic),114.12,694.9,Yes
C4904-2702,Male,0,No,No,38,Yes,Yes,DSL,Yes,No,No,No,No,No,One year,No,Bank transfer (automatic),84.96,3220.56,No
C4905-6773,Female,0,No,No,12,No,No phone service,DSL,No,No,No,No,No,Yes,Month-to-month,Yes,Mailed check,56.35,673.88,Yes
C4906-3568,Male,0,No,No,28,Yes,Yes,DSL,Yes,No,No,Yes,Yes,No,Month-to-month,No,Electronic check,92.96,2582.28,No
C4907-8111,Male,1,No,No,44,Yes,Yes,DSL,Yes,Yes,Yes,No,No,Yes,Two year,Yes,Credit card (automatic),92.63,4098.82,No
C4908-8185,Female,0,Yes,Yes,72,Yes,No,Fiber optic,No,Yes,No,No,Yes,No,Two year,No,Credit card (automatic),118.28,8530.78,No
C4909-6622,Male,0,No,No,4,Yes,Yes,Fiber optic,Yes,No,No,Yes,No,No,One year,No,Bank transfer (automatic),103.18,395.03,No
C4910-9519,Male,1,Yes,No,9,Yes,Yes,DSL,Yes,Yes,Yes,No,No,No,Month-to-month,Yes,Mailed check,97.14,876.46,No
C4911-5837,Female,1,Yes,Yes,39,Yes,Yes,DSL,No,Yes,No,Yes,No,No,Two year,No,Mailed check,81.01,3167.45,No
C4912-1226,Female,0,No,No,54,Yes,Yes,No,No internet service,No internet service,No internet service,No internet service,No internet service,No internet service,Month-to-month,No,Bank transfer (automatic),41.88,2295.18,No
C4913-6455,Male,0,No,No,17,No,No phone service,Fiber optic,No,Yes,Yes,No,Yes,Yes,Month-to-month,No,Credit card (automatic),91.48,1569.68,No
C4914-7998,Female,0,Yes,No,8,Yes,Yes,DSL,Yes,Yes,Yes,Yes,No,No,Month-to-month,Yes,Electronic check,100.94,827.09,No
C4915-1910,Female,0,No,No,40,Yes,Yes,Fiber optic,No,Yes,No,Yes,Yes,No,Two year,No,Bank transfer (automatic),120.63,4823.83,No
C4916-1941,Male,0,No,No,14,Yes,No,No,No internet service,No internet service,No internet service,No internet service,No internet service,No internet service,Month-to-month,Yes,Mailed check,43.93,615.42,No
C4917-3458,Male,0,Yes,Yes,68,Yes,No,DSL,No,No,No,No,No,No,Two year,No,Credit card (automatic),52.79,3594.73,No
C4918-8597,Male,0,No,No,37,Yes,Yes,Fiber optic,No,Yes,Yes,No,No,No,Two year,Yes,Electronic check,97.97,3617.87,No
C4919-5746,Female,0,No,Yes,39,Yes,No,No,No internet service,No internet service,No internet service,No internet service,No internet service,No internet service,Two year,Yes,Bank transfer (automatic),33.91,1340.99,No
C4920-9786,Male,0,No,No,62,Yes,Yes,Fiber optic,No,No,Yes,No,No,No,Month-to-month,No,Mailed check,102.1,6325.27,No
C4921-8856,Female,0,No,No,72,Yes,Yes,No,No internet service,No internet service,No internet service,No internet service,No internet service,No internet service,Month-to-month,No,Electronic check,39.26,2834.03,No
C4922-5992,Male,0,Yes,Yes,10,Yes,Yes,Fiber optic,No,No,No,No,Yes,Yes,Month-to-month,Yes,Credit card (automatic),112.03,1098.18,Yes
C4923-7110,Male,0,No,No,20,Yes,No,DSL,No,Yes,No,Yes,Yes,Yes,Month-to-month,No,Credit card (automatic),91.58,1815.42,No
C4924-3978,Female,0,Yes,Yes,68,Yes,Yes,Fiber optic,Yes,No,No,No,No,Yes,Month-to-month,No,Electronic check,102.93,6988.39,No
C4925-1813,Male,0,No,No,27,Yes,No,DSL,No,Yes,Yes,No,Yes,No,One year,No,Bank transfer (automatic),92.6,2506.99,No
C4926-4588,Male,0,No,No,16,Yes,No,DSL,No,Yes,No,Yes,Yes,Yes,Two year,Yes,Bank transfer (automatic),96.28,1560.01,No
C4927-6329,Male,0,No,Yes,25,Yes,Yes,Fiber optic,No,Yes,No,No,No,Yes,Two year,Yes,Credit card (automatic),112.1,2781.3,No
C4928-2639,Female,0,Yes,Yes,72,Yes,No,Fiber optic,No,No,Yes,Yes,Yes,No,Month-to-month,Yes,Electronic check,105.89,7614.17,No
C4929-2995,Male,1,No,No,26,Yes,Yes,DSL,No,Yes,No,No,No,No,Month-to-month,No,Credit card (automatic),74.07,1930.85,No
C4930-1134,Female,0,No,No,43,Yes,No,No,No internet service,No internet service,No internet service,No internet service,No internet service,No internet service,Month-to-month,No,Bank transfer (automatic),46.59,2008.83,No
C4931-7605,Female,0,Yes,Yes,20,Yes,No,DSL,No,No,Yes,Yes,No,No,Two year,Yes,Mailed check,79.09,1606.96,No
C4932-9093,Female,0,Yes,Yes,5,No,No phone service,DSL,No,No,Yes,Yes,Yes,Yes,Month-to-month,Yes,Credit card (automatic),62.85,324.22,No
C4933-8446,Male,0,Yes,No,53,Yes,No,Fiber optic,No,No,No,No,No,No,Month-to-month,Yes,Electronic check,93.85,4976.24,Yes
C4934-4419,Male,0,No,Yes,20,Yes,Yes,Fiber optic,Yes,Yes,Yes,No,No,No,Month-to-month,No,Bank transfer (automatic),133.43,2670.01,Yes
C4935-6340,Male,0,Yes,Yes,58,Yes,Yes,Fiber optic,No,No,No,Yes,Yes,Yes,One year,No,Electronic check,110.53,6423.65,No
C4936-9646,Female,1,No,No,42,Yes,Yes,Fiber optic,No,No,Yes,No,Yes,Yes,Month-to-month,Yes,Electronic check,117.12,4970.96,Yes
C4937-6321,Male,0,No,Yes,34,Yes,No,No,No internet service,No internet service,No internet service,No internet service,No internet service,No internet service,Two year,No,Electronic check,36.86,1267.12,No
C4938-3662,Female,0,No,No,71,Yes,Yes,DSL,No,Yes,No,No,No,No,Two year,No,Electronic check,85.34,6082.18,No
C4939-4046,Female,0,No,No,20,Yes,No,Fiber optic,No,No,No,No,No,No,Two year,Yes,Bank transfer (automatic),87.52,1768.39,No
C4940-7543,Male,0,Yes,No,52,No,No phone service,Fiber optic,Yes,Yes,No,No,Yes,Yes,Month-to-month,Yes,Electronic check,91.28,4747.87,No
C4941-5015,Male,0,Yes,No,26,Yes,Yes,No,No internet service,No internet service,No internet service,No internet service,No internet service,No internet service,Two year,Yes,Electronic check,51.23,1300.65,No
C4942-8534,Male,0,Yes,No,19,Yes,No,Fiber optic,Yes,Yes,No,No,No,No,Month-to-month,No,Bank transfer (automatic),105.16,1991.22,No
C4943-8776,Female,0,No,No,38,Yes,No,DSL,No,Yes,No,Yes,Yes,No,Month-to-month,Yes,Bank transfer (automatic),96.54,3670.03,No
C4944-1322,Male,0,No,No,17,Yes,Yes,Fiber optic,Yes,Yes,Yes,Yes,No,No,Month-to-month,No,Mailed check,134.45,2295.25,No
C4945-7509,Male,1,No,No,21,Yes,No,Fiber optic,Yes,No,Yes,No,No,Yes,One year,Yes,Credit card (automatic),107.26,2265.57,No
C4946-4329,Male,0,No,No,30,Yes,No,Fiber optic,Yes,No,Yes,No,Yes,No,Month-to-month,No,Credit card (automatic),115.83,3486.99,No
C4947-5677,Female,1,No,No,69,Yes,Yes,DSL,No,Yes,No,No,No,No,Month-to-month,No,Electronic check,86.43,5921.85,No
C4948-3382,Female,0,No,No,9,Yes,Yes,No,No internet service,No internet service,No internet service,No internet service,No internet service,No internet service,Two year,No,Electronic check,55.14,495.2,Yes
C4949-4313,Male,1,No,No,18,Yes,Yes,No,No internet service,No internet service,No internet service,No internet service,No internet service,No internet service,Month-to-month,Yes,Bank transfer (automatic),46.94,840.51,No
C4950-3973,Male,0,Yes,Yes,46,Yes,No,No,No internet service,No internet service,No internet service,No internet service,No internet service,No internet service,Month-to-month,No,Bank transfer (automatic),25.39,1149.31,No
C4951-1453,Male,0,Yes,Yes,16,Yes,No,No,No internet service,No internet service,No internet service,No internet service,No internet service,No internet service,Two year,No,Electronic check,29.06,469.77,No
C4952-8044,Male,0,No,No,17,Yes,Yes,DSL,Yes,No,No,No,No,No,Two year,Yes,Electronic check,75.69,1294.64,No
C4953-2286,Female,0,No,No,25,Yes,No,No,No internet service,No internet service,No internet service,No internet service,No internet service,No internet service,Month-to-month,Yes,Credit card (automatic),33.14,814.47,No
C4954-4381,Male,0,No,No,44,Yes,Yes,Fiber optic,No,No,Yes,Yes,No,Yes,Month-to-month,No,Credit card (automatic),122.68,5413.07,No
C4955-2737,Female,0,Yes,No,33,Yes,Yes,Fiber optic,Yes,Yes,No,Yes,Yes,Yes,Month-to-month,No,Credit card (automatic),134.03,4396.14,No
C4956-2445,Male,0,No,Yes,72,Yes,Yes,Fiber optic,No,Yes,No,No,No,Yes,Month-to-month,Yes,Mailed check,111.96,8046.42,No
C4957-4360,Male,0,Yes,Yes,30,Yes,Yes,DSL,No,Yes,No,No,No,No,Month-to-month,Yes,Mailed check,81.29,2453.61,Yes
C4958-9267,Female,0,Yes,Yes,34,Yes,Yes,Fiber optic,No,No,No,Yes,No,No,Month-to-month,Yes,Mailed check,98.05,3345.72,No
C4959-9496,Female,0,No,No,26,Yes,Yes,DSL,Yes,Yes,No,Yes,No,No,One year,No,Electronic check,108.19,2827.35,No
C4960-4434,Female,1,No,No,37,Yes,Yes,No,No internet service,No internet service,No internet service,No internet service,No internet service,No internet service,Month-to-month,No,Electronic check,47.97,1782.71,Yes
C4961-5545,Male,0,Yes,Yes,19,Yes,Yes,Fiber optic,No,No,No,Yes,Yes,No,Month-to-month,Yes,Credit card (automatic),111.0,2107.86,No
C4962-9870,Male,0,Yes,No,39,Yes,Yes,Fiber optic,No,No,No,No,Yes,Yes,Month-to-month,Yes,Mailed check,109.45,4256.1,Yes
C4963-3113,Male,0,No,No,15,Yes,No,DSL,No,No,Yes,No,No,No,Month-to-month,Yes,Credit card (automatic),61.38,916.68,No
C4964-9501,Female,1,Yes,Yes,64,Yes,No,DSL,No,Yes,No,No,Yes,Yes,One year,No,Electronic check,95.53,6144.75,Yes
C4965-1951,Male,0,Yes,No,27,Yes,No,DSL,Yes,No,No,No,Yes,Yes,One year,Yes,Electronic check,91.3,2497.41,No
C4966-3032,Female,0,No,No,72,Yes,No,DSL,No,Yes,No,No,Yes,No,Two year,No,Credit card (automatic),95.68,6883.79,No
C4967-4044,Female,1,No,No,64,Yes,Yes,Fiber optic,No,Yes,No,No,Yes,Yes,Month-to-month,Yes,Mailed check,122.89,7895.51,No
C4968-1333,Female,0,Yes,Yes,35,Yes,No,Fiber optic,No,No,Yes,No,Yes,No,Month-to-month,Yes,Credit card (automatic),107.95,3823.91,No
C4969-8340,Male,1,No,No,47,Yes,No,No,No internet service,No internet service,No internet service,No internet service,No internet service,No internet service,One year,No,Bank transfer (automatic),33.8,1566.05,No
C4970-8697,Male,0,No,No,39,Yes,Yes,Fiber optic,No,Yes,No,Yes,No,Yes,Month-to-month,No,Mailed check,119.6,4663.31,Yes
C4971-4449,Male,0,Yes,Yes,9,Yes,No,Fiber optic,Yes,Yes,Yes,No,No,Yes,Month-to-month,No,Credit card (automatic),120.8,1070.62,Yes
C4972-8526,Male,0,Yes,No,33,Yes,No,DSL,Yes,Yes,Yes,No,Yes,Yes,One year,Yes,Electronic check,84.52,2819.95,No
C4973-7951,Female,1,Yes,Yes,32,Yes,Yes,No,No internet service,No internet service,No internet service,No internet service,No internet service,No internet service,Month-to-month,No,Electronic check,60.57,1921.42,No
C4974-8211,Male,1,Yes,Yes,26,Yes,No,DSL,No,No,No,Yes,Yes,No,Month-to-month,Yes,Electronic check,83.01,2153.48,No
C4975-8223,Female,0,No,No,42,Yes,Yes,Fiber optic,No,Yes,Yes,No,No,Yes,Month-to-month,Yes,Mailed check,126.72,5327.93,No
C4976-6160,Male,0,Yes,No,34,Yes,Yes,Fiber optic,No,Yes,No,No,No,No,Month-to-month,Yes,Credit card (automatic),112.02,3807.76,Yes
C4977-1997,Female,0,No,No,36,Yes,No,DSL,No,Yes,Yes,No,No,No,Month-to-month,No,Credit card (automatic),71.25,2546.63,No
C4978-9310,Male,0,Yes,Yes,72,Yes,No,Fiber optic,No,No,Yes,No,No,Yes,Month-to-month,No,Credit card (automatic),96.01,6899.54,No
C4979-6477,Male,0,No,No,30,Yes,No,No,No internet service,No internet service,No internet service,No internet service,No internet service,No internet service,One year,Yes,Bank transfer (automatic),36.83,1093.56,No
C4980-9110,Male,0,No,No,53,Yes,No,Fiber optic,Yes,Yes,No,Yes,Yes,No,Month-to-month,No,Credit card (automatic),113.53,5997.03,No
C4981-9630,Male,0,No,No,27,Yes,Yes,Fiber optic,Yes,Yes,Yes,Yes,No,Yes,Month-to-month,No,Electronic check,133.51,3615.97,Yes
C4982-2684,Female,0,No,Yes,72,Yes,No,Fiber optic,No,No,No,No,No,Yes,Month-to-month,Yes,Credit card (automatic),102.9,7418.4,No
C4983-4618,Female,1,No,No,46,Yes,No,DSL,Yes,Yes,No,No,Yes,Yes,Month-to-month,No,Electronic check,79.57,3653.43,Yes
C4984-2732,Male,0,No,No,35,Yes,No,DSL,No,No,No,No,Yes,No,Month-to-month,No,Electronic check,69.59,2430.8,No
C4985-1458,Male,0,No,No,17,Yes,No,No,No internet service,No internet service,No internet service,No internet service,No internet service,No internet service,Two year,Yes,Mailed check,45.58,766.94,No
C4986-9696,Female,0,No,No,72,Yes,No,Fiber optic,No,No,No,Yes,No,No,Month-to-month,No,Electronic check,82.18,5893.55,No
C4987-9308,Male,0,No,Yes,60,Yes,No,DSL,No,No,No,No,No,Yes,Two year,Yes,Electronic check,76.85,4611.22,No
C4988-9384,Female,0,Yes,Yes,16,Yes,Yes,Fiber optic,No,Yes,No,Yes,No,Yes,Two year,Yes,Mailed check,125.69,2019.25,No
C4989-8952,Male,0,Yes,No,6,Yes,No,Fiber optic,No,Yes,Yes,Yes,No,Yes,Month-to-month,Yes,Mailed check,108.14,624.93,Yes
C4990-6838,Female,0,Yes,Yes,23,Yes,Yes,DSL,No,No,No,No,No,No,Month-to-month,No,Credit card (automatic),75.43,1721.34,No
C4991-5698,Female,0,No,No,12,Yes,Yes,DSL,No,No,No,No,No,No,Month-to-month,Yes,Electronic check,78.63,968.46,Yes
C4992-9922,Male,1,Yes,Yes,25,No,No phone service,Fiber optic,No,Yes,No,No,No,No,Two year,Yes,Credit card (automatic),78.87,1983.46,No
C4993-5969,Male,0,Yes,No,51,No,No phone service,No,No internet service,No internet service,No internet service,No internet service,No internet service,No internet service,Two year,Yes,Electronic check,24.02,1224.95,No
C4994-6781,Male,0,No,No,60,Yes,Yes,DSL,No,No,No,No,Yes,No,One year,No,Mailed check,83.07,4985.69,No
C4995-2905,Male,0,Yes,No,6,Yes,Yes,Fiber optic,No,No,No,No,Yes,No,Two year,Yes,Electronic check,105.44,629.6,No
C4996-7719,Male,0,No,No,8,No,No phone service,Fiber optic,No,No,Yes,Yes,No,Yes,One year,Yes,Electronic check,91.22,746.93,No
C4997-8374,Female,0,Yes,No,12,Yes,No,DSL,No,Yes,No,Yes,Yes,Yes,One year,No,Mailed check,101.23,1203.93,No
C4998-7106,Male,0,No,No,33,Yes,No,No,No internet service,No internet service,No internet service,No internet service,No internet service,No internet service,Two year,Yes,Mailed check,33.54,1097.57,No
C4999-5486,Male,1,Yes,Yes,63,Yes,No,Fiber optic,No,Yes,No,Yes,No,No,Month-to-month,Yes,Electronic check,108.1,6805.21,No
C5000-2780,Male,0,No,No,27,Yes,Yes,Fiber optic,No,No,Yes,Yes,No,No,Month-to-month,Yes,Mailed check,99.77,2699.26,Yes
C5001-1304,Male,0,No,No,6,No,No phone service,DSL,No,Yes,No,Yes,No,No,One year,Yes,Electronic check,48.02,313.68,Yes
C5002-6645,Female,0,Yes,No,36,Yes,Yes,DSL,No,No,Yes,No,Yes,No,One year,Yes,Credit card (automatic),66.57,2366.2,No
C5003-7146,Male,0,Yes,No,20,Yes,Yes,No,No internet service,No internet service,No internet service,No internet service,No internet service,No internet service,Month-to-month,No,Credit card (automatic),41.59,830.64,Yes
C5004-7952,Male,0,No,No,20,Yes,No,DSL,No,No,Yes,Yes,Yes,Yes,Month-to-month,Yes,Mailed check,85.64,1695.55,No
C5005-9553,Female,0,No,No,33,Yes,No,Fiber optic,No,No,No,No,Yes,Yes,Month-to-month,No,Mailed check,100.44,3330.19,No
C5006-5475,Male,0,Yes,Yes,43,Yes,No,Fiber optic,No,Yes,No,No,No,No,Month-to-month,No,Electronic check,96.04,4112.06,Yes
C5007-8461,Female,0,No,No,58,Yes,No,DSL,No,No,No,No,Yes,Yes,Month-to-month,Yes,Electronic check,73.09,4264.73,Yes
C5008-7445,Male,0,Yes,Yes,64,Yes,Yes,Fiber optic,No,Yes,No,No,No,No,Month-to-month,No,Credit card (automatic),109.37,7008.36,Yes
C5009-3494,Male,0,No,No,53,Yes,Yes,Fiber optic,No,Yes,No,No,No,Yes,Month-to-month,No,Mailed check,114.0,6067.75,Yes
C5010-8605,Female,0,Yes,No,49,Yes,No,No,No internet service,No internet service,No internet service,No internet service,No internet service,No internet service,Month-to-month,Yes,Bank transfer (automatic),28.65,1403.2,Yes
C5011-1479,Male,1,No,No,8,Yes,No,DSL,Yes,No,No,No,Yes,Yes,Month-to-month,No,Bank transfer (automatic),69.55,547.76,No
C5012-6389,Female,0,Yes,Yes,46,Yes,No,DSL,Yes,No,No,Yes,Yes,Yes,Two year,Yes,Electronic check,92.43,4259.64,No
C5013-9462,Male,0,Yes,Yes,26,Yes,No,DSL,Yes,No,No,No,No,Yes,One year,Yes,Electronic check,70.9,1842.09,No
C5014-6930,Male,1,Yes,Yes,64,Yes,No,DSL,No,No,Yes,No,No,No,Month-to-month,No,Credit card (automatic),80.15,5129.02,No
C5015-9432,Female,0,Yes,Yes,19,Yes,No,No,No internet service,No internet service,No internet service,No internet service,No internet service,No internet service,One year,Yes,Mailed check,42.47,830.13,No
C5016-1505,Female,0,No,No,24,Yes,No,Fiber optic,No,Yes,No,No,No,Yes,Month-to-month,No,Electronic check,97.57,2325.16,Yes
C5017-5791,Female,0,No,No,17,Yes,Yes,DSL,No,Yes,No,Yes,Yes,Yes,One year,Yes,Credit card (automatic),104.0,1776.91,No
C5018-8024,Female,0,Yes,Yes,19,Yes,No,DSL,Yes,Yes,Yes,No,Yes,No,Two year,Yes,Mailed check,94.3,1811.12,No
C5019-6780,Female,0,Yes,No,72,Yes,No,Fiber optic,No,No,No,No,Yes,Yes,Month-to-month,Yes,Bank transfer (automatic),110.24,7931.25,No
C5020-8923,Female,0,No,No,17,Yes,No,DSL,No,No,No,Yes,No,Yes,Month-to-month,No,Electronic check,73.12,1274.11,Yes
C5021-5162,Female,0,No,Yes,31,Yes,Yes,DSL,No,Yes,No,No,Yes,Yes,One year,Yes,Electronic check,115.27,3545.65,No
C5022-7142,Female,0,No,No,19,Yes,No,Fiber optic,No,No,Yes,No,Yes,No,Month-to-month,No,Mailed check,106.47,2017.03,No
C5023-4777,Female,0,Yes,Yes,31,Yes,No,Fiber optic,Yes,Yes,No,No,Yes,Yes,Two year,Yes,Mailed check,117.38,3625.54,No
C5024-8848,Female,1,Yes,No,36,Yes,No,DSL,No,No,No,No,No,No,Two year,Yes,Bank transfer (automatic),69.32,2463.34,No
C5025-2074,Male,0,Yes,No,45,Yes,Yes,Fiber optic,No,No,Yes,No,Yes,Yes,Month-to-month,No,Electronic check,113.5,5121.83,No
C5026-3286,Male,0,No,No,28,Yes,Yes,Fiber optic,No,No,No,No,Yes,Yes,One year,Yes,Bank transfer (automatic),108.83,3071.01,No
C5027-1870,Female,0,No,No,72,Yes,No,Fiber optic,No,Yes,Yes,No,Yes,No,Two year,No,Credit card (automatic),101.33,7306.21,No
C5028-7318,Male,0,Yes,No,6,Yes,No,DSL,Yes,Yes,No,Yes,Yes,Yes,Two year,No,Electronic check,107.99,664.31,No
C5029-3094,Female,0,Yes,Yes,17,Yes,Yes,No,No internet service,No internet service,No internet service,No internet service,No internet service,No internet service,Month-to-month,Yes,Credit card (automatic),44.41,756.61,No
C5030-3853,Male,0,No,No,16,Yes,No,Fiber optic,No,Yes,Yes,No,Yes,No,Month-to-month,Yes,Electronic check,108.5,1711.06,No
C5031-8528,Female,0,Yes,Yes,13,Yes,Yes,Fiber optic,No,Yes,No,No,Yes,Yes,Month-to-month,Yes,Electronic check,114.83,1483.64,No
C5032-4241,Female,1,No,Yes,43,Yes,No,Fiber optic,No,Yes,Yes,No,Yes,Yes,One year,No,Bank transfer (automatic),114.07,4904.82,No
C5033-2312,Male,0,Yes,Yes,16,Yes,No,Fiber optic,No,Yes,No,No,No,No,Month-to-month,No,Electronic check,89.14,1419.12,Yes
C5034-1188,Female,1,Yes,No,34,Yes,No,No,No internet service,No internet service,No internet service,No internet service,No internet service,No internet service,Month-to-month,Yes,Bank transfer (automatic),36.48,1253.79,Yes
C5035-3040,Male,0,Yes,No,72,Yes,Yes,Fiber optic,Yes,No,Yes,No,No,No,Month-to-month,Yes,Electronic check,89.22,6386.23,No
C5036-9231,Female,0,No,No,2,Yes,Yes,DSL,No,Yes,Yes,Yes,No,No,Month-to-month,Yes,Mailed check,103.8,255.38,No
C5037-5936,Female,1,Yes,No,41,Yes,No,DSL,No,No,Yes,No,Yes,No,Month-to-month,No,Bank transfer (automatic),76.83,3138.89,No
C5038-9952,Female,1,Yes,No,56,Yes,No,Fiber optic,No,No,No,No,Yes,No,Month-to-month,Yes,Electronic check,90.28,5073.08,Yes
C5039-2935,Male,0,No,No,18,Yes,Yes,DSL,Yes,Yes,No,No,No,Yes,Month-to-month,Yes,Mailed check,102.28,1840.84,Yes
C5040-4162,Female,0,Yes,No,37,No,No phone service,Fiber optic,No,No,Yes,No,Yes,No,One year,No,Credit card (automatic),96.42,3552.48,No
C5041-2468,Male,1,Yes,Yes,32,Yes,No,Fiber optic,No,No,No,Yes,Yes,No,Month-to-month,No,Electronic check,91.35,2920.63,No
C5042-4585,Male,0,Yes,No,45,Yes,No,DSL,Yes,Yes,Yes,Yes,Yes,Yes,Month-to-month,Yes,Credit card (automatic),117.28,5281.5,Yes
C5043-6069,Male,0,No,No,20,Yes,Yes,No,No internet service,No internet service,No internet service,No internet service,No internet service,No internet service,Month-to-month,No,Mailed check,36.05,765.73,No
C5044-8272,Male,0,Yes,No,20,Yes,No,No,No internet service,No internet service,No internet service,No internet service,No internet service,No internet service,Month-to-month,Yes,Electronic check,38.98,767.62,Yes
C5045-4312,Male,0,No,No,38,Yes,No,Fiber optic,No,Yes,No,No,Yes,No,Month-to-month,Yes,Mailed check,113.75,4324.56,No
C5046-7943,Male,0,No,No,28,Yes,No,Fiber optic,Yes,Yes,Yes,Yes,No,Yes,One year,No,Credit card (automatic),115.06,3208.92,No
C5047-6634,Female,0,No,No,61,Yes,No,DSL,No,Yes,No,Yes,Yes,Yes,One year,Yes,Electronic check,86.07,5260.81,No
C5048-3626,Female,0,Yes,Yes,30,Yes,Yes,No,No internet service,No internet service,No internet service,No internet service,No internet service,No internet service,Month-to-month,No,Electronic check,56.27,1672.21,No
C5049-9208,Male,0,No,No,39,Yes,Yes,DSL,Yes,No,No,No,No,Yes,Two year,Yes,Mailed check,65.53,2562.0,No
C5050-4907,Female,0,No,No,21,Yes,No,Fiber optic,No,Yes,No,Yes,No,No,One year,Yes,Mailed check,113.42,2366.43,No
C5051-2358,Male,0,No,No,21,Yes,No,Fiber optic,No,No,Yes,No,Yes,No,Two year,Yes,Mailed check,91.4,1921.49,No
C5052-9663,Female,0,Yes,Yes,49,Yes,Yes,Fiber optic,No,Yes,Yes,No,Yes,No,Month-to-month,No,Bank transfer (automatic),119.65,5848.0,No
C5053-9219,Female,0,No,No,54,Yes,No,DSL,Yes,Yes,No,Yes,No,Yes,Month-to-month,Yes,Bank transfer (automatic),82.2,4442.77,No
C5054-1445,Female,0,No,No,8,No,No phone service,Fiber optic,Yes,Yes,Yes,No,No,No,One year,Yes,Electronic check,88.26,687.52,No
C5055-9121,Female,1,No,No,24,Yes,No,Fiber optic,Yes,No,No,No,Yes,No,One year,No,Bank transfer (automatic),96.86,2361.1,No
C5056-9525,Male,0,Yes,Yes,39,Yes,No,DSL,Yes,No,No,Yes,No,Yes,One year,No,Credit card (automatic),82.11,3202.06,No
C5057-8460,Male,0,No,Yes,2,Yes,No,No,No internet service,No internet service,No internet service,No internet service,No internet service,No internet service,Month-to-month,Yes,Mailed check,30.91,26.5,No
C5058-3294,Female,0,No,No,24,Yes,No,Fiber optic,Yes,Yes,Yes,Yes,Yes,Yes,Month-to-month,No,Mailed check,132.3,3200.69,No
C5059-6680,Female,0,No,No,72,Yes,Yes,Fiber optic,No,Yes,No,No,Yes,No,Two year,No,Bank transfer (automatic),106.17,7632.71,No
C5060-5843,Male,0,No,No,13,Yes,Yes,DSL,No,Yes,Yes,Yes,Yes,Yes,Month-to-month,Yes,Electronic check,112.73,1491.89,No
C5061-6580,Female,0,No,No,13,Yes,No,DSL,No,No,No,Yes,Yes,Yes,One year,Yes,Credit card (automatic),88.05,1133.66,No
C5062-6547,Male,0,Yes,No,27,Yes,No,DSL,No,No,Yes,No,No,No,Month-to-month,No,Electronic check,71.48,1904.37,Yes
C5063-6752,Male,0,Yes,No,29,Yes,Yes,Fiber optic,Yes,No,Yes,No,No,Yes,Month-to-month,No,Bank transfer (automatic),120.78,3495.52,No
C5064-5625,Female,0,Yes,Yes,22,No,No phone service,DSL,No,Yes,No,No,Yes,Yes,One year,Yes,Electronic check,66.62,1468.36,No
C5065-7213,Female,0,No,No,54,Yes,Yes,No,No internet service,No internet service,No internet service,No internet service,No internet service,No internet service,One year,Yes,Mailed check,30.25,1607.39,No
C5066-5738,Female,0,Yes,Yes,4,Yes,No,DSL,Yes,No,No,No,No,Yes,Month-to-month,Yes,Mailed check,81.94,329.14,Yes
C5067-1148,Female,0,No,No,12,Yes,Yes,DSL,Yes,No,No,No,Yes,No,Month-to-month,No,Credit card (automatic),82.78,993.96,No
C5068-1317,Female,0,No,No,24,Yes,No,No,No internet service,No internet service,No internet service,No internet service,No internet service,No internet service,Month-to-month,No,Mailed check,29.98,699.63,No
C5069-9621,Male,0,No,No,63,Yes,No,No,No internet service,No internet service,No internet service,No internet service,No internet service,No internet service,One year,Yes,Mailed check,28.25,1753.58,No
C5070-9182,Female,0,No,No,17,Yes,No,No,No internet service,No internet service,No internet service,No internet service,No internet service,No internet service,Month-to-month,Yes,Electronic check,31.14,529.28,No
C5071-6269,Male,0,No,No,11,Yes,Yes,DSL,No,No,No,No,Yes,Yes,Month-to-month,Yes,Credit card (automatic),91.62,1028.24,Yes
C5072-2571,Male,0,Yes,Yes,3,Yes,Yes,DSL,No,Yes,No,Yes,No,Yes,Month-to-month,No,Bank transfer (automatic),77.87,227.82,Yes
C5073-8032,Female,0,No,No,10,Yes,No,Fiber optic,No,Yes,Yes,No,No,Yes,One year,Yes,Bank transfer (automatic),113.56,1145.65,Yes
C5074-2289,Male,0,No,No,3,Yes,Yes,No,No internet service,No internet service,No internet service,No internet service,No internet service,No internet service,Month-to-month,Yes,Electronic check,34.93,101.63,Yes
C5075-4395,Female,0,No,No,16,Yes,Yes,Fiber optic,Yes,No,No,No,No,Yes,Month-to-month,Yes,Credit card (automatic),109.81,1760.2,No
C5076-3968,Male,0,Yes,Yes,42,No,No phone service,No,No internet service,No internet service,No internet service,No internet service,No internet service,No internet service,Month-to-month,Yes,Electronic check,32.69,1395.63,Yes
C5077-1111,Male,0,Yes,Yes,37,Yes,Yes,Fiber optic,No,Yes,No,No,Yes,Yes,Month-to-month,No,Credit card (automatic),119.82,4433.55,Yes
C5078-8262,Male,0,No,No,44,No,No phone service,Fiber optic,Yes,No,No,No,Yes,Yes,Month-to-month,No,Credit card (automatic),84.63,3730.47,Yes
C5079-5587,Male,0,No,No,8,Yes,No,Fiber optic,No,No,No,No,No,Yes,One year,Yes,Electronic check,81.23,620.06,No
C5080-3845,Female,1,No,Yes,5,Yes,No,DSL,No,Yes,Yes,No,Yes,Yes,Month-to-month,No,Credit card (automatic),95.11,458.42,Yes
C5081-5564,Female,1,No,No,35,Yes,Yes,DSL,Yes,Yes,Yes,No,Yes,Yes,One year,Yes,Mailed check,101.47,3527.54,No
C5082-1000,Female,0,No,No,51,No,No phone service,DSL,Yes,Yes,Yes,No,Yes,Yes,Month-to-month,No,Mailed check,74.11,3785.86,Yes
C5083-4932,Male,0,No,No,27,Yes,Yes,DSL,No,Yes,No,No,Yes,Yes,Month-to-month,No,Electronic check,111.15,2987.89,No
C5084-5675,Female,0,No,No,37,Yes,Yes,DSL,No,Yes,No,No,Yes,Yes,Month-to-month,No,Bank transfer (automatic),93.2,3459.7,Yes
C5085-4057,Male,0,No,Yes,26,Yes,Yes,Fiber optic,No,Yes,Yes,Yes,Yes,Yes,Two year,No,Electronic check,123.19,3186.95,No
C5086-8472,Female,1,Yes,Yes,18,Yes,Yes,No,No internet service,No internet service,No internet service,No internet service,No internet service,No internet service,Month-to-month,No,Mailed check,43.62,773.86,Yes
C5087-3248,Male,0,Yes,Yes,21,Yes,No,DSL,No,No,No,No,No,Yes,Month-to-month,No,Credit card (automatic),64.67,1371.85,No
C5088-2240,Male,0,No,No,51,Yes,No,Fiber optic,Yes,No,No,No,Yes,No,Month-to-month,Yes,Bank transfer (automatic),99.54,5077.33,Yes
C5089-5747,Female,0,Yes,No,25,Yes,Yes,Fiber optic,No,No,No,Yes,Yes,Yes,Month-to-month,Yes,Mailed check,112.46,2805.07,No
C5090-8984,Female,0,No,No,50,Yes,No,DSL,No,Yes,No,No,Yes,No,Month-to-month,Yes,Electronic check,80.83,4044.06,Yes
C5091-4377,Male,1,Yes,No,30,Yes,No,Fiber optic,No,No,No,Yes,Yes,No,Two year,Yes,Bank transfer (automatic),98.66,2971.22,No
C5092-1419,Female,0,No,No,16,Yes,Yes,DSL,No,Yes,Yes,Yes,Yes,No,Month-to-month,No,Bank transfer (automatic),112.56,1782.88,Yes
C5093-9728,Female,0,Yes,Yes,39,No,No phone service,Fiber optic,No,Yes,Yes,Yes,No,Yes,Two year,Yes,Electronic check,104.54,4065.47,No
C5094-4998,Female,0,No,Yes,26,No,No phone service,No,No internet service,No internet service,No internet service,No internet service,No internet service,No internet service,Month-to-month,Yes,Bank transfer (automatic),18.25,486.1,Yes
C5095-2556,Male,0,No,No,59,No,No phone service,Fiber optic,Yes,No,Yes,No,No,No,One year,Yes,Bank transfer (automatic),77.4,4546.34,No
C5096-6539,Female,0,Yes,Yes,13,Yes,Yes,Fiber optic,Yes,No,Yes,No,No,Yes,One year,No,Credit card (automatic),109.77,1448.79,No
C5097-3876,Female,0,No,No,3,Yes,Yes,Fiber optic,No,No,No,No,No,No,Month-to-month,No,Mailed check,96.76,289.09,Yes
C5098-9439,Male,0,No,No,42,Yes,No,No,No internet service,No internet service,No internet service,No internet service,No internet service,No internet service,Month-to-month,Yes,Mailed check,44.31,1862.16,No
C5099-3645,Female,1,No,No,68,Yes,Yes,Fiber optic,No,Yes,No,Yes,Yes,Yes,Month-to-month,No,Mailed check,122.21,8324.03,Yes
C5100-5950,Female,0,No,No,51,No,No phone service,DSL,Yes,No,Yes,No,No,Yes,Month-to-month,Yes,Mailed check,76.77,3916.7,Yes
C5101-5889,Female,0,No,Yes,72,Yes,No,DSL,Yes,No,No,No,Yes,Yes,One year,No,Mailed check,91.59,6568.84,No
C5102-3181,Female,0,No,No,72,Yes,No,DSL,Yes,Yes,No,No,Yes,No,Month-to-month,No,Bank transfer (automatic),91.48,6583.04,No
C5103-5493,Female,0,No,No,23,Yes,Yes,DSL,No,Yes,Yes,Yes,No,No,One year,Yes,Electronic check,105.03,2419.51,Yes
C5104-1981,Female,0,No,No,10,No,No phone service,Fiber optic,No,No,Yes,No,Yes,Yes,Month-to-month,Yes,Bank transfer (automatic),90.79,921.81,Yes
C5105-6793,Female,0,No,No,1,Yes,No,Fiber optic,No,No,No,No,Yes,No,Two year,Yes,Credit card (automatic),98.53,77.84,No
C5106-7824,Male,0,Yes,Yes,4,Yes,Yes,Fiber optic,Yes,No,No,Yes,No,No,One year,Yes,Credit card (automatic),112.85,435.75,Yes
C5107-9549,Female,0,No,No,41,Yes,Yes,DSL,Yes,No,Yes,No,No,No,Month-to-month,No,Mailed check,86.32,3515.98,No
C5108-3931,Male,1,No,Yes,4,No,No phone service,No,No internet service,No internet service,No internet service,No internet service,No internet service,No internet service,Month-to-month,No,Bank transfer (automatic),18.25,70.47,Yes
C5109-3566,Male,0,Yes,Yes,33,No,No phone service,DSL,No,No,No,Yes,Yes,Yes,Month-to-month,Yes,Credit card (automatic),73.84,2432.34,No
C5110-5938,Male,0,Yes,No,43,Yes,No,Fiber optic,Yes,No,No,No,Yes,Yes,Month-to-month,Yes,Credit card (automatic),104.22,4466.29,No
C5111-7234,Male,0,No,No,28,No,No phone service,Fiber optic,No,Yes,No,No,Yes,Yes,Two year,Yes,Electronic check,87.96,2465.6,No
C5112-9931,Female,0,No,No,20,Yes,No,Fiber optic,No,No,Yes,No,No,No,Month-to-month,Yes,Credit card (automatic),104.15,2047.54,Yes
C5113-1225,Male,1,Yes,No,12,Yes,No,DSL,No,Yes,No,No,Yes,Yes,One year,Yes,Mailed check,101.14,1207.52,No
C5114-3144,Female,0,No,No,72,Yes,Yes,Fiber optic,Yes,No,Yes,No,Yes,No,Month-to-month,Yes,Mailed check,131.48,9478.65,No
C5115-3361,Female,0,No,No,12,Yes,No,No,No internet service,No internet service,No internet service,No internet service,No internet service,No internet service,Two year,No,Bank transfer (automatic),43.46,532.3,No
C5116-3298,Male,1,Yes,Yes,20,Yes,Yes,No,No internet service,No internet service,No internet service,No internet service,No internet service,No internet service,Month-to-month,Yes,Credit card (automatic),48.01,983.25,Yes
C5117-5173,Female,0,No,No,18,Yes,Yes,DSL,Yes,Yes,Yes,Yes,No,No,Month-to-month,No,Electronic check,108.85,1975.94,Yes
C5118-8855,Female,0,Yes,No,45,Yes,Yes,DSL,No,No,No,Yes,No,No,Month-to-month,Yes,Electronic check,75.13,3384.39,No
C5119-1278,Female,0,No,No,30,Yes,Yes,No,No internet service,No internet service,No internet service,No internet service,No internet service,No internet service,One year,Yes,Electronic check,46.26,1366.02,No
C5120-8341,Female,0,Yes,Yes,7,Yes,No,DSL,Yes,No,No,No,No,Yes,One year,Yes,Bank transfer (automatic),93.05,642.98,No
C5121-6558,Female,0,No,No,49,Yes,Yes,Fiber optic,No,No,Yes,Yes,Yes,No,One year,No,Credit card (automatic),118.29,5788.27,No
C5122-6536,Male,0,Yes,Yes,12,Yes,No,No,No internet service,No internet service,No internet service,No internet service,No internet service,No internet service,Month-to-month,No,Bank transfer (automatic),38.59,484.55,No
C5123-7104,Male,0,No,No,33,Yes,No,DSL,No,Yes,No,Yes,Yes,Yes,Month-to-month,Yes,Mailed check,92.65,3074.11,No
C5124-2038,Female,1,No,Yes,71,Yes,No,DSL,No,Yes,No,No,No,No,One year,Yes,Mailed check,83.97,5944.72,No
C5125-7719,Male,0,Yes,No,15,No,No phone service,Fiber optic,No,Yes,No,No,Yes,Yes,Month-to-month,Yes,Electronic check,91.29,1408.65,No
C5126-3232,Female,0,No,No,16,Yes,Yes,DSL,No,No,No,Yes,No,Yes,Month-to-month,Yes,Electronic check,80.54,1285.86,No
C5127-5648,Male,0,No,No,23,Yes,No,Fiber optic,Yes,Yes,No,Yes,Yes,Yes,Month-to-month,Yes,Mailed check,119.77,2744.31,Yes
C5128-7091,Male,1,No,No,24,Yes,Yes,DSL,No,No,Yes,Yes,No,No,One year,No,Electronic check,88.39,2111.69,No
C5129-6434,Male,0,No,No,31,Yes,Yes,Fiber optic,Yes,Yes,No,No,No,Yes,Month-to-month,Yes,Mailed check,107.86,3319.19,Yes
C5130-3907,Female,0,No,No,40,Yes,Yes,DSL,No,Yes,Yes,No,No,Yes,Month-to-month,No,Credit card (automatic),93.36,3721.32,No
C5131-4564,Female,1,No,No,11,Yes,Yes,DSL,No,Yes,No,No,Yes,No,Two year,Yes,Mailed check,82.6,939.38,No
C5132-5288,Female,0,No,No,26,Yes,Yes,Fiber optic,No,No,No,No,Yes,No,Month-to-month,Yes,Mailed check,92.07,2411.93,No
C5133-1371,Male,0,Yes,Yes,9,No,No phone service,DSL,No,Yes,No,Yes,Yes,No,Month-to-month,No,Electronic check,68.36,618.69,No
C5134-7533,Female,1,Yes,Yes,44,Yes,Yes,No,No internet service,No internet service,No internet service,No internet service,No internet service,No internet service,Month-to-month,No,Mailed check,52.0,2308.69,No
C5135-1899,Female,0,Yes,Yes,57,Yes,No,DSL,No,Yes,Yes,Yes,Yes,No,Two year,Yes,Bank transfer (automatic),102.01,5808.63,No
C5136-5126,Male,0,Yes,No,18,Yes,Yes,DSL,No,Yes,No,Yes,No,No,Two year,Yes,Bank transfer (automatic),86.91,1572.87,No
C5137-6894,Male,0,No,No,29,Yes,Yes,Fiber optic,No,No,Yes,No,Yes,Yes,One year,No,Electronic check,113.73,3309.25,No
C5138-1723,Female,0,Yes,No,69,Yes,No,Fiber optic,No,Yes,No,No,No,No,One year,Yes,Bank transfer (automatic),93.34,6468.34,No
C5139-9959,Female,1,No,No,35,Yes,No,No,No internet service,No internet service,No internet service,No internet service,No internet service,No internet service,Month-to-month,Yes,Mailed check,51.56,1818.17,No
C5140-4394,Female,0,Yes,Yes,9,Yes,No,DSL,No,No,Yes,No,No,No,Two year,Yes,Bank transfer (automatic),64.76,558.77,No
C5141-1142,Female,0,Yes,No,5,Yes,No,Fiber optic,Yes,No,No,No,No,No,Two year,Yes,Credit card (automatic),94.48,495.41,No
C5142-6927,Male,0,No,No,13,Yes,Yes,DSL,No,Yes,No,No,No,No,Month-to-month,Yes,Bank transfer (automatic),74.26,961.93,No
C5143-6017,Female,0,Yes,Yes,21,Yes,Yes,Fiber optic,Yes,No,Yes,Yes,No,No,Month-to-month,Yes,Credit card (automatic),124.61,2606.11,No
C5144-6762,Male,0,No,No,48,Yes,Yes,Fiber optic,Yes,No,No,No,Yes,No,Month-to-month,No,Mailed check,105.78,5032.63,No
C5145-7758,Female,0,No,No,20,Yes,No,DSL,Yes,No,Yes,No,Yes,No,One year,No,Credit card (automatic),73.0,1431.24,Yes
C5146-5280,Male,0,No,No,9,Yes,No,Fiber optic,No,Yes,No,No,Yes,Yes,Month-to-month,Yes,Mailed check,105.34,953.83,Yes
C5147-8440,Male,0,No,No,21,Yes,No,Fiber optic,No,Yes,No,Yes,Yes,Yes,Month-to-month,Yes,Electronic check,117.5,2456.84,No
C5148-4330,Female,0,No,No,22,Yes,No,No,No internet service,No internet service,No internet service,No internet service,No internet service,No internet service,Two year,No,Bank transfer (automatic),44.97,971.6,No
C5149-5906,Female,0,Yes,No,13,Yes,Yes,DSL,No,No,Yes,No,No,Yes,Month-to-month,No,Credit card (automatic),95.57,1246.88,No
C5150-2426,Female,0,No,No,20,Yes,No,DSL,Yes,Yes,No,No,No,No,Month-to-month,Yes,Electronic check,71.88,1437.64,No
C5151-6578,Female,0,Yes,No,29,Yes,No,Fiber optic,No,Yes,Yes,No,Yes,No,Month-to-month,No,Electronic check,105.54,3054.85,Yes
C5152-3354,Male,0,Yes,Yes,4,Yes,Yes,DSL,No,No,Yes,No,Yes,Yes,One year,Yes,Bank transfer (automatic),93.17,338.02,Yes
C5153-7269,Female,0,No,Yes,22,No,No phone service,Fiber optic,Yes,No,No,Yes,Yes,No,One year,Yes,Credit card (automatic),88.07,1927.5,No
C5154-8208,Male,0,No,No,72,No,No phone service,Fiber optic,No,No,No,No,No,Yes,One year,No,Mailed check,62.14,4452.26,No
C5155-8729,Female,0,No,No,34,No,No phone service,DSL,Yes,Yes,Yes,No,No,No,Month-to-month,No,Bank transfer (automatic),64.94,2214.06,No
C5156-9360,Female,0,No,No,48,Yes,No,Fiber optic,No,No,No,No,Yes,Yes,Month-to-month,Yes,Electronic check,95.8,4587.22,Yes
C5157-2100,Male,1,No,No,68,No,No phone service,DSL,Yes,Yes,No,Yes,Yes,No,One year,No,Mailed check,78.21,5304.33,No
C5158-2241,Male,0,No,No,72,Yes,No,Fiber optic,Yes,No,No,No,No,Yes,One year,Yes,Mailed check,115.18,8327.89,No
C5159-9334,Male,0,Yes,No,16,Yes,No,Fiber optic,Yes,Yes,No,No,No,Yes,Month-to-month,Yes,Electronic check,113.57,1803.43,Yes
C5160-4427,Female,1,Yes,Yes,5,Yes,Yes,No,No internet service,No internet service,No internet service,No internet service,No internet service,No internet service,Month-to-month,Yes,Credit card (automatic),42.69,221.59,No
C5161-1234,Male,0,No,No,54,Yes,No,DSL,No,No,Yes,Yes,No,No,Month-to-month,Yes,Bank transfer (automatic),77.91,4174.91,No
C5162-3582,Male,0,No,No,22,Yes,Yes,Fiber optic,No,No,No,Yes,Yes,No,One year,No,Mailed check,122.84,2704.97,No
C5163-8524,Female,0,Yes,Yes,23,No,No phone service,Fiber optic,No,No,No,Yes,No,Yes,Month-to-month,Yes,Credit card (automatic),68.68,1588.59,No
C5164-4194,Male,0,Yes,Yes,39,Yes,No,Fiber optic,No,Yes,No,No,No,No,Month-to-month,No,Electronic check,96.61,3753.26,Yes
C5165-1690,Male,0,Yes,No,26,Yes,Yes,Fiber optic,No,No,Yes,Yes,No,Yes,Month-to-month,Yes,Mailed check,122.82,3191.02,Yes
C5166-7498,Female,0,No,No,32,Yes,No,Fiber optic,No,No,No,No,Yes,No,Two year,Yes,Mailed check,104.8,3352.92,No
C5167-2751,Male,0,Yes,No,34,Yes,No,DSL,No,No,Yes,No,No,Yes,Month-to-month,Yes,Mailed check,63.56,2169.41,No
C5168-4174,Male,0,Yes,Yes,55,Yes,No,Fiber optic,No,Yes,No,No,No,No,One year,Yes,Mailed check,88.1,4855.94,No
C5169-1035,Female,0,Yes,Yes,37,Yes,No,Fiber optic,No,No,No,Yes,Yes,No,Month-to-month,Yes,Credit card (automatic),98.4,3648.47,No
C5170-6417,Male,1,Yes,Yes,9,Yes,No,Fiber optic,No,Yes,Yes,Yes,Yes,Yes,Two year,Yes,Bank transfer (automatic),121.03,1091.45,No
C5171-5006,Female,0,No,No,9,Yes,No,No,No internet service,No internet service,No internet service,No internet service,No internet service,No internet service,Two year,Yes,Electronic check,33.52,288.73,No
C5172-8802,Female,0,No,No,15,Yes,No,DSL,No,No,Yes,Yes,Yes,No,Month-to-month,Yes,Mailed check,83.38,1226.66,No
C5173-4008,Female,0,Yes,Yes,35,Yes,Yes,DSL,No,Yes,No,Yes,Yes,Yes,Month-to-month,Yes,Credit card (automatic),99.41,3514.21,No
C5174-2841,Female,0,No,No,10,Yes,No,DSL,No,No,No,No,No,No,One year,Yes,Electronic check,64.08,647.08,Yes
C5175-2493,Male,1,No,No,10,No,No phone service,DSL,No,No,Yes,Yes,No,No,One year,Yes,Electronic check,57.34,554.3,No
C5176-2801,Male,0,No,No,33,Yes,Yes,DSL,No,No,No,No,Yes,No,One year,No,Electronic check,84.15,2806.08,Yes
C5177-5059,Male,0,Yes,No,16,Yes,No,DSL,Yes,Yes,No,No,No,Yes,Month-to-month,Yes,Mailed check,95.35,1503.54,No
C5178-1784,Female,0,Yes,No,72,Yes,Yes,No,No internet service,No internet service,No internet service,No internet service,No internet service,No internet service,One year,Yes,Credit card (automatic),59.07,4252.33,No
C5179-4620,Male,0,No,No,17,Yes,Yes,DSL,No,No,No,No,No,Yes,One year,Yes,Credit card (automatic),78.56,1329.67,No
C5180-8691,Female,0,No,Yes,45,Yes,No,No,No internet service,No internet service,No internet service,No internet service,No internet service,No internet service,Month-to-month,Yes,Electronic check,47.34,2143.06,No
C5181-7908,Female,0,Yes,Yes,23,No,No phone service,Fiber optic,Yes,No,No,No,Yes,Yes,Month-to-month,No,Electronic check,90.62,2081.5,No
C5182-6734,Female,0,No,No,8,Yes,No,Fiber optic,No,No,Yes,Yes,Yes,Yes,Two year,Yes,Credit card (automatic),107.09,849.74,No
C5183-9037,Female,0,Yes,Yes,16,Yes,Yes,Fiber optic,No,No,Yes,No,Yes,No,Month-to-month,No,Bank transfer (automatic),103.61,1672.35,No
C5184-8021,Male,0,Yes,Yes,25,Yes,No,Fiber optic,Yes,No,Yes,No,No,Yes,Month-to-month,No,Electronic check,116.82,2903.49,Yes
C5185-6872,Male,1,Yes,Yes,16,Yes,Yes,Fiber optic,Yes,Yes,No,No,Yes,No,Two year,No,Electronic check,123.54,1964.11,Yes
C5186-8766,Female,0,No,No,67,No,No phone service,Fiber optic,Yes,Yes,Yes,No,No,No,One year,Yes,Mailed check,98.71,6605.77,No
C5187-2119,Female,0,Yes,No,11,Yes,Yes,No,No internet service,No internet service,No internet service,No internet service,No internet service,No internet service,One year,Yes,Bank transfer (automatic),47.93,523.83,No
C5188-8363,Male,1,Yes,Yes,18,No,No phone service,Fiber optic,No,Yes,Yes,No,Yes,Yes,One year,Yes,Mailed check,86.23,1515.15,No
C5189-3658,Female,0,Yes,Yes,36,Yes,No,Fiber optic,Yes,Yes,Yes,Yes,Yes,No,Month-to-month,Yes,Mailed check,137.58,4957.19,No
C5190-7596,Female,0,Yes,Yes,72,Yes,Yes,No,No internet service,No internet service,No internet service,No internet service,No internet service,No internet service,One year,Yes,Electronic check,46.42,3334.15,No
C5191-9218,Male,1,Yes,No,40,Yes,No,Fiber optic,No,Yes,No,No,No,Yes,Month-to-month,Yes,Electronic check,98.53,3977.8,Yes
C5192-5463,Female,1,No,No,34,Yes,Yes,Fiber optic,No,Yes,Yes,No,Yes,Yes,Two year,Yes,Mailed check,114.63,3868.18,No
C5193-1798,Male,0,No,No,49,Yes,Yes,No,No internet service,No internet service,No internet service,No internet service,No internet service,No internet service,Month-to-month,No,Mailed check,39.54,1925.67,No
C5194-4331,Male,0,Yes,Yes,59,Yes,No,Fiber optic,Yes,No,Yes,No,No,No,Month-to-month,Yes,Credit card (automatic),107.06,6288.64,No
C5195-4661,Female,1,Yes,No,68,Yes,Yes,Fiber optic,No,Yes,Yes,Yes,No,Yes,Month-to-month,Yes,Mailed check,123.15,8377.75,No
C5196-9429,Female,0,No,No,40,Yes,Yes,Fiber optic,No,No,No,No,No,Yes,Month-to-month,Yes,Mailed check,87.9,3531.13,No
C5197-9481,Female,0,Yes,Yes,31,Yes,Yes,Fiber optic,No,Yes,No,Yes,No,Yes,Month-to-month,Yes,Electronic check,111.67,3484.09,No
C5198-6115,Female,0,Yes,Yes,12,Yes,No,DSL,No,No,No,No,Yes,No,Month-to-month,Yes,Electronic check,64.77,795.24,No
C5199-9555,Male,0,No,No,33,No,No phone service,Fiber optic,Yes,Yes,No,No,Yes,No,One year,No,Credit card (automatic),83.4,2742.26,No
C5200-4926,Female,0,No,No,72,No,No phone service,No,No internet service,No internet service,No internet service,No internet service,No internet service,No internet service,Month-to-month,No,Electronic check,19.13,1379.06,No
C5201-4700,Female,1,Yes,No,2,Yes,No,Fiber optic,No,Yes,Yes,No,Yes,No,One year,Yes,Bank transfer (automatic),95.16,173.81,No
C5202-8527,Male,0,Yes,No,63,Yes,Yes,No,No internet service,No internet service,No internet service,No internet service,No internet service,No internet service,Two year,Yes,Electronic check,46.51,2952.9,No
C5203-7005,Female,0,Yes,No,31,No,No phone service,No,No internet service,No internet service,No internet service,No internet service,No internet service,No internet service,Month-to-month,No,Electronic check,37.09,1147.11,No
C5204-5700,Female,0,Yes,No,53,Yes,No,Fiber optic,Yes,No,Yes,No,No,No,Month-to-month,No,Mailed check,95.96,5110.52,No
C5205-5110,Male,0,No,No,41,Yes,Yes,DSL,No,No,No,No,Yes,Yes,One year,Yes,Credit card (automatic),97.33,3988.57,No
C5206-7349,Female,0,No,No,27,Yes,Yes,Fiber optic,No,Yes,Yes,No,No,No,Month-to-month,No,Mailed check,105.64,2859.99,No
C5207-7780,Female,0,Yes,No,31,Yes,Yes,No,No internet service,No internet service,No internet service,No internet service,No internet service,No internet service,Month-to-month,No,Bank transfer (automatic),35.46,1089.46,No
C5208-5414,Female,0,Yes,No,44,Yes,No,Fiber optic,Yes,Yes,Yes,No,Yes,Yes,One year,Yes,Mailed check,103.58,4561.45,No
C5209-1284,Male,0,Yes,No,12,Yes,No,DSL,Yes,Yes,No,Yes,No,Yes,One year,No,Bank transfer (automatic),101.53,1231.6,No
C5210-1916,Female,0,Yes,No,27,Yes,Yes,DSL,No,Yes,No,No,Yes,Yes,One year,Yes,Mailed check,96.38,2597.18,No
C5211-2297,Male,0,No,No,40,Yes,No,Fiber optic,Yes,No,Yes,No,No,No,Two year,No,Electronic check,80.88,3224.58,No
C5212-5158,Female,1,Yes,No,47,No,No phone service,Fiber optic,Yes,Yes,Yes,No,Yes,No,One year,No,Electronic check,96.16,4516.38,No
C5213-6527,Male,0,No,No,44,No,No phone service,Fiber optic,No,Yes,No,No,Yes,Yes,Month-to-month,Yes,Electronic check,76.51,3358.2,Yes
C5214-8233,Male,0,No,No,21,Yes,Yes,Fiber optic,No,Yes,No,No,Yes,No,Month-to-month,No,Electronic check,127.62,2686.97,No
C5215-3092,Female,0,No,No,29,Yes,Yes,Fiber optic,No,Yes,Yes,No,Yes,No,One year,Yes,Bank transfer (automatic),116.78,3418.81,No
C5216-8078,Female,0,No,No,9,Yes,Yes,DSL,No,No,No,Yes,No,No,One year,No,Credit card (automatic),76.74,658.91,No
C5217-6993,Female,0,No,No,61,No,No phone service,Fiber optic,Yes,No,Yes,No,No,No,One year,Yes,Electronic check,78.64,4774.16,No
C5218-1464,Female,0,No,No,34,Yes,No,Fiber optic,Yes,Yes,Yes,No,Yes,Yes,Month-to-month,No,Bank transfer (automatic),125.78,4276.87,No
C5219-4160,Female,0,Yes,Yes,29,Yes,No,Fiber optic,Yes,No,Yes,No,No,Yes,One year,Yes,Bank transfer (automatic),105.76,3075.8,No
C5220-3723,Male,0,Yes,Yes,29,Yes,No,Fiber optic,No,No,Yes,Yes,Yes,Yes,Two year,No,Electronic check,106.99,3079.27,No
C5221-8978,Female,0,Yes,Yes,24,Yes,No,Fiber optic,No,Yes,Yes,No,Yes,No,Month-to-month,Yes,Mailed check,113.09,2731.99,No
C5222-9289,Male,0,No,Yes,48,Yes,Yes,Fiber optic,Yes,Yes,Yes,No,No,No,Month-to-month,Yes,Bank transfer (automatic),109.56,5274.49,No
C5223-8372,Female,0,No,No,29,Yes,Yes,Fiber optic,No,Yes,No,No,Yes,Yes,Two year,Yes,Credit card (automatic),124.2,3626.93,No
C5224-5751,Female,0,Yes,No,12,No,No phone service,Fiber optic,Yes,No,No,No,Yes,Yes,Two year,No,Credit card (automatic),99.08,1195.35,No
C5225-5435,Female,0,No,No,15,Yes,No,No,No internet service,No internet service,No internet service,No internet service,No internet service,No internet service,Month-to-month,Yes,Bank transfer (automatic),35.03,547.0,No
C5226-3803,Female,0,No,Yes,8,Yes,Yes,Fiber optic,No,Yes,Yes,Yes,Yes,No,Month-to-month,No,Electronic check,110.35,897.11,Yes
C5227-7955,Male,1,No,Yes,72,Yes,No,Fiber optic,No,No,Yes,Yes,No,Yes,One year,No,Mailed check,106.49,7693.24,No
C5228-1776,Female,0,Yes,Yes,25,Yes,Yes,Fiber optic,No,No,Yes,No,No,Yes,Month-to-month,Yes,Bank transfer (automatic),109.63,2731.76,Yes
C5229-3439,Female,0,Yes,No,72,Yes,Yes,Fiber optic,No,No,No,Yes,Yes,Yes,Month-to-month,No,Credit card (automatic),105.56,7613.61,No
C5230-2216,Male,0,No,No,32,Yes,Yes,No,No internet service,No internet service,No internet service,No internet service,No internet service,No internet service,Month-to-month,Yes,Credit card (automatic),29.39,932.75,No
C5231-5447,Male,0,Yes,Yes,20,Yes,No,DSL,Yes,Yes,No,Yes,Yes,No,One year,Yes,Bank transfer (automatic),76.69,1532.92,No
C5232-3697,Female,0,No,Yes,24,Yes,Yes,DSL,No,No,Yes,No,Yes,No,Month-to-month,No,Electronic check,96.2,2259.63,No
C5233-2777,Male,1,Yes,Yes,31,Yes,Yes,DSL,No,No,No,No,Yes,No,Month-to-month,No,Mailed check,86.38,2672.35,Yes
C5234-4387,Female,0,Yes,Yes,12,Yes,No,Fiber optic,Yes,No,No,No,No,No,Month-to-month,Yes,Credit card (automatic),84.15,1014.03,No
C5235-8747,Female,0,Yes,No,9,Yes,Yes,Fiber optic,No,No,No,No,No,Yes,One year,Yes,Credit card (automatic),111.34,1003.47,No
C5236-6021,Female,0,No,No,57,Yes,Yes,DSL,No,No,Yes,Yes,Yes,No,Two year,No,Electronic check,95.49,5451.84,No
C5237-8406,Male,0,Yes,Yes,20,Yes,Yes,No,No internet service,No internet service,No internet service,No internet service,No internet service,No internet service,One year,Yes,Bank transfer (automatic),48.85,989.93,No
C5238-9224,Female,1,No,No,72,Yes,No,Fiber optic,No,Yes,No,No,Yes,No,Month-to-month,Yes,Bank transfer (automatic),71.36,5125.59,No
C5239-9118,Male,1,Yes,Yes,41,Yes,Yes,No,No internet service,No internet service,No internet service,No internet service,No internet service,No internet service,Two year,No,Mailed check,39.86,1660.42,No
C5240-4158,Female,0,No,No,18,Yes,No,Fiber optic,No,Yes,Yes,No,No,Yes,Two year,Yes,Electronic check,117.55,2087.32,No
C5241-8896,Male,0,Yes,No,72,Yes,Yes,Fiber optic,Yes,Yes,No,Yes,No,No,Month-to-month,Yes,Electronic check,98.75,7115.32,Yes
C5242-9183,Female,0,Yes,Yes,59,Yes,No,No,No internet service,No internet service,No internet service,No internet service,No internet service,No internet service,Two year,No,Credit card (automatic),51.04,2964.34,No
C5243-9635,Female,0,No,No,6,No,No phone service,No,No internet service,No internet service,No internet service,No internet service,No internet service,No internet service,Month-to-month,No,Bank transfer (automatic),23.38,164.41,No
C5244-4158,Male,0,No,No,14,Yes,No,Fiber optic,No,No,No,Yes,Yes,Yes,Month-to-month,No,Bank transfer (automatic),106.9,1484.56,Yes
C5245-3054,Female,1,No,No,22,Yes,No,DSL,No,Yes,Yes,No,No,No,One year,No,Credit card (automatic),70.63,1582.41,No
C5246-6257,Male,0,No,No,72,Yes,No,DSL,No,Yes,Yes,Yes,No,Yes,Month-to-month,Yes,Mailed check,99.1,7102.78,No
C5247-9385,Male,0,Yes,Yes,4,Yes,Yes,DSL,Yes,No,No,No,No,No,Month-to-month,Yes,Bank transfer (automatic),82.22,360.37,No
C5248-9104,Male,0,No,No,35,Yes,No,DSL,No,Yes,No,No,No,No,Month-to-month,Yes,Credit card (automatic),69.11,2416.22,No
C5249-6140,Female,0,Yes,No,72,Yes,No,Fiber optic,No,No,Yes,No,No,No,One year,No,Credit card (automatic),99.26,7138.49,No
C5250-2343,Male,0,No,No,24,Yes,Yes,Fiber optic,No,Yes,No,No,Yes,Yes,One year,Yes,Credit card (automatic),107.96,2585.59,No
C5251-4802,Male,0,No,No,34,Yes,Yes,Fiber optic,No,Yes,Yes,No,Yes,No,Month-to-month,No,Mailed check,111.94,3829.38,Yes
C5252-7426,Female,0,No,No,19,No,No phone service,No,No internet service,No internet service,No internet service,No internet service,No internet service,No internet service,One year,Yes,Bank transfer (automatic),18.25,318.82,No
C5253-6042,Male,1,No,No,14,Yes,No,Fiber optic,Yes,No,No,No,Yes,Yes,Month-to-month,No,Credit card (automatic),103.88,1465.85,No
C5254-4108,Male,0,No,No,47,Yes,No,No,No internet service,No internet service,No internet service,No internet service,No internet service,No internet service,Month-to-month,Yes,Electronic check,38.45,1823.85,No
C5255-4083,Male,0,No,No,48,Yes,No,No,No internet service,No internet service,No internet service,No internet service,No internet service,No internet service,Month-to-month,Yes,Electronic check,36.4,1746.31,No
C5256-1537,Male,0,Yes,No,38,No,No phone service,Fiber optic,No,No,No,Yes,Yes,No,Two year,No,Electronic check,86.64,3285.82,No
C5257-3596,Male,0,No,No,17,Yes,No,No,No internet service,No internet service,No internet service,No internet service,No internet service,No internet service,One year,Yes,Bank transfer (automatic),40.74,691.13,No
C5258-7023,Male,0,No,Yes,39,Yes,Yes,No,No internet service,No internet service,No internet service,No internet service,No internet service,No internet service,One year,No,Electronic check,54.51,2118.58,No
C5259-3171,Female,1,Yes,No,6,Yes,No,Fiber optic,No,No,No,No,No,No,Month-to-month,Yes,Mailed check,74.82,430.36,Yes
C5260-9939,Male,0,No,No,42,Yes,No,Fiber optic,No,Yes,Yes,Yes,Yes,No,One year,No,Electronic check,124.47,5237.37,Yes
C5261-1741,Female,0,Yes,No,13,Yes,No,Fiber optic,No,Yes,No,No,No,No,One year,No,Bank transfer (automatic),90.5,1188.61,No
C5262-6298,Female,0,No,No,12,Yes,No,Fiber optic,No,Yes,No,Yes,No,No,Two year,Yes,Mailed check,95.54,1143.07,No
C5263-5468,Male,0,No,No,72,Yes,Yes,No,No internet service,No internet service,No internet service,No internet service,No internet service,No internet service,One year,Yes,Credit card (automatic),39.42,2833.16,No
C5264-8498,Female,0,Yes,No,1,Yes,Yes,DSL,No,Yes,Yes,No,No,Yes,Month-to-month,Yes,Mailed check,86.38,94.2,No
C5265-8988,Male,0,Yes,No,23,Yes,Yes,Fiber optic,No,No,No,No,Yes,No,Two year,Yes,Credit card (automatic),97.33,2240.5,No
C5266-5890,Female,0,No,No,7,Yes,Yes,No,No internet service,No internet service,No internet service,No internet service,No internet service,No internet service,One year,Yes,Credit card (automatic),48.42,323.39,No
C5267-6670,Female,1,Yes,No,30,Yes,No,Fiber optic,No,No,Yes,No,No,No,Month-to-month,Yes,Bank transfer (automatic),106.5,3160.33,No
C5268-7289,Female,0,No,No,14,Yes,No,DSL,Yes,Yes,Yes,Yes,Yes,Yes,One year,No,Bank transfer (automatic),109.78,1533.41,No
C5269-5688,Male,0,Yes,No,7,Yes,No,Fiber optic,No,No,No,No,No,No,Month-to-month,Yes,Electronic check,81.11,558.93,Yes
C5270-2663,Female,0,Yes,Yes,20,Yes,No,DSL,Yes,No,No,No,Yes,Yes,One year,No,Credit card (automatic),74.81,1475.17,No
C5271-4856,Male,0,Yes,No,11,Yes,Yes,Fiber optic,No,No,No,Yes,Yes,No,Month-to-month,Yes,Bank transfer (automatic),106.46,1189.11,No
C5272-3173,Female,0,No,No,11,Yes,Yes,No,No internet service,No internet service,No internet service,No internet service,No internet service,No internet service,One year,Yes,Mailed check,44.48,465.77,No
C5273-5179,Female,1,No,No,43,Yes,Yes,Fiber optic,No,Yes,No,Yes,Yes,No,Month-to-month,No,Bank transfer (automatic),110.54,4739.72,No
C5274-6535,Female,0,No,No,5,Yes,No,No,No internet service,No internet service,No internet service,No internet service,No internet service,No internet service,Two year,No,Electronic check,36.14,196.29,No
C5275-2883,Female,0,No,No,32,Yes,No,DSL,Yes,Yes,No,No,Yes,No,Month-to-month,Yes,Bank transfer (automatic),83.45,2685.3,No
C5276-3244,Male,1,No,No,23,Yes,No,Fiber optic,No,Yes,Yes,Yes,Yes,Yes,Month-to-month,Yes,Mailed check,133.98,3049.79,Yes
C5277-8405,Female,0,Yes,Yes,13,Yes,Yes,Fiber optic,No,No,No,Yes,No,Yes,Month-to-month,Yes,Mailed check,96.95,1258.49,No
C5278-4399,Male,0,Yes,No,42,Yes,No,DSL,Yes,Yes,No,Yes,Yes,No,Month-to-month,No,Mailed check,93.24,3903.8,No
C5279-2785,Female,0,No,Yes,72,Yes,Yes,No,No internet service,No internet service,No internet service,No internet service,No internet service,No internet service,One year,Yes,Bank transfer (automatic),44.22,3215.27,No
C5280-7417,Male,0,Yes,No,25,Yes,Yes,DSL,Yes,No,No,No,Yes,Yes,Month-to-month,Yes,Credit card (automatic),97.12,2458.73,Yes
C5281-7448,Male,0,No,No,26,Yes,No,No,No internet service,No internet service,No internet service,No internet service,No internet service,No internet service,Month-to-month,No,Mailed check,41.35,1063.3,No
C5282-8434,Female,0,No,No,8,Yes,No,DSL,Yes,No,No,No,Yes,No,Two year,No,Mailed check,89.25,703.3,No
C5283-7839,Female,0,No,No,6,Yes,No,No,No internet service,No internet service,No internet service,No internet service,No internet service,No internet service,One year,Yes,Bank transfer (automatic),37.31,225.02,Yes
C5284-9926,Male,0,No,Yes,24,Yes,Yes,No,No internet service,No internet service,No internet service,No internet service,No internet service,No internet service,Month-to-month,Yes,Mailed check,42.34,1034.12,Yes
C5285-6173,Female,0,No,No,4,No,No phone service,No,No internet service,No internet service,No internet service,No internet service,No internet service,No internet service,Month-to-month,No,Credit card (automatic),20.64,93.09,No
C5286-3581,Male,0,No,Yes,3,Yes,No,Fiber optic,No,No,Yes,No,Yes,No,Two year,No,Electronic check,85.93,239.07,Yes
C5287-8765,Male,0,No,No,36,Yes,No,Fiber optic,No,Yes,Yes,No,Yes,Yes,Month-to-month,No,Mailed check,116.02,4195.13,Yes
C5288-3383,Male,0,Yes,Yes,6,Yes,No,Fiber optic,Yes,Yes,No,No,No,Yes,Month-to-month,Yes,Electronic check,111.19,661.51,No
C5289-3619,Male,0,No,No,37,Yes,Yes,Fiber optic,No,No,No,Yes,No,Yes,Month-to-month,No,Bank transfer (automatic),110.51,4067.82,No
C5290-8455,Male,0,Yes,Yes,62,Yes,Yes,DSL,Yes,Yes,No,No,Yes,No,One year,Yes,Electronic check,90.11,5613.51,No
C5291-8933,Male,0,No,No,34,No,No phone service,DSL,No,Yes,Yes,No,No,No,Month-to-month,Yes,Electronic check,61.23,2103.87,No
C5292-4053,Female,0,No,Yes,5,Yes,No,Fiber optic,No,No,Yes,No,Yes,Yes,Two year,Yes,Electronic check,110.5,533.34,No
C5293-7563,Male,0,No,No,72,No,No phone service,Fiber optic,No,Yes,No,No,Yes,No,Month-to-month,No,Credit card (automatic),86.58,6245.65,No
C5294-9300,Female,0,Yes,Yes,27,Yes,No,No,No internet service,No internet service,No internet service,No internet service,No internet service,No internet service,One year,Yes,Credit card (automatic),41.74,1149.12,No
C5295-8187,Female,0,No,No,26,Yes,No,Fiber optic,No,No,Yes,No,Yes,No,Month-to-month,No,Electronic check,103.77,2715.4,Yes
C5296-1044,Male,0,Yes,No,22,Yes,No,Fiber optic,No,Yes,Yes,No,Yes,No,Two year,No,Credit card (automatic),109.64,2401.91,No
C5297-6980,Male,0,No,No,13,Yes,No,Fiber optic,No,No,Yes,No,No,Yes,Month-to-month,No,Electronic check,98.42,1261.84,No
C5298-2528,Male,1,Yes,Yes,9,Yes,No,No,No internet service,No internet service,No internet service,No internet service,No internet service,No internet service,Month-to-month,No,Bank transfer (automatic),41.87,368.81,Yes
C5299-8616,Female,0,No,No,1,Yes,Yes,DSL,No,No,No,No,Yes,No,Month-to-month,Yes,Electronic check,95.47,85.09,Yes
C5300-1603,Female,1,No,No,6,Yes,Yes,Fiber optic,No,Yes,No,No,No,No,Month-to-month,Yes,Electronic check,110.88,618.37,Yes
C5301-9936,Male,0,Yes,No,20,Yes,Yes,DSL,Yes,Yes,Yes,No,Yes,Yes,Month-to-month,No,Credit card (automatic),104.45,2095.61,Yes
C5302-2595,Female,0,Yes,No,35,Yes,No,DSL,No,Yes,No,Yes,Yes,Yes,Month-to-month,Yes,Bank transfer (automatic),84.55,2937.43,No
C5303-4781,Male,0,Yes,Yes,10,Yes,No,Fiber optic,No,No,No,No,No,Yes,One year,No,Bank transfer (automatic),97.65,970.06,No
C5304-3106,Female,0,Yes,No,32,Yes,Yes,Fiber optic,Yes,No,No,No,Yes,No,Month-to-month,No,Mailed check,117.37,3769.99,No
C5305-8324,Male,1,Yes,No,19,Yes,No,Fiber optic,No,Yes,Yes,No,No,No,Month-to-month,Yes,Credit card (automatic),99.64,1908.47,No
C5306-4541,Female,0,Yes,Yes,23,Yes,No,No,No internet service,No internet service,No internet service,No internet service,No internet service,No internet service,Month-to-month,No,Bank transfer (automatic),36.46,850.73,No
C5307-7700,Female,1,Yes,Yes,50,Yes,No,No,No internet service,No internet service,No internet service,No internet service,No internet service,No internet service,Month-to-month,Yes,Electronic check,34.73,1752.36,No
C5308-1604,Male,0,Yes,No,32,Yes,Yes,Fiber optic,No,Yes,No,No,No,No,Two year,No,Credit card (automatic),119.85,3850.2,No
C5309-5075,Male,0,No,No,38,Yes,Yes,DSL,No,Yes,Yes,No,Yes,Yes,Month-to-month,Yes,Electronic check,102.31,3905.76,Yes
C5310-9198,Male,0,Yes,Yes,72,Yes,Yes,DSL,No,Yes,Yes,No,No,Yes,One year,Yes,Credit card (automatic),99.99,7195.36,Yes
C5311-9341,Male,0,Yes,Yes,10,Yes,Yes,DSL,No,No,No,No,Yes,Yes,Month-to-month,Yes,Credit card (automatic),78.56,781.61,No
C5312-2878,Female,0,No,No,47,Yes,Yes,DSL,No,No,No,Yes,Yes,Yes,Month-to-month,Yes,Bank transfer (automatic),91.59,4275.66,No
C5313-4549,Male,1,Yes,No,37,No,No phone service,Fiber optic,No,Yes,No,No,No,No,Two year,Yes,Mailed check,91.99,3399.69,No
C5314-4681,Female,0,No,No,37,Yes,No,Fiber optic,No,Yes,No,No,No,No,One year,Yes,Bank transfer (automatic),94.5,3468.87,No
C5315-6088,Male,1,No,No,29,Yes,No,DSL,No,No,Yes,No,No,Yes,One year,No,Electronic check,84.69,2439.37,Yes
C5316-5835,Female,1,No,No,34,Yes,No,DSL,No,No,No,No,No,No,Month-to-month,Yes,Mailed check,55.34,1907.89,Yes
C5317-1953,Female,0,No,No,20,Yes,Yes,DSL,No,Yes,Yes,No,Yes,Yes,One year,No,Electronic check,101.12,2004.51,No
C5318-7863,Female,0,No,No,26,Yes,No,DSL,No,Yes,Yes,Yes,Yes,Yes,Two year,Yes,Electronic check,83.9,2187.32,No
C5319-3031,Male,0,No,Yes,56,Yes,Yes,DSL,No,No,No,No,No,Yes,Month-to-month,Yes,Bank transfer (automatic),75.89,4219.21,Yes
C5320-3834,Male,0,No,No,15,Yes,No,DSL,No,Yes,No,No,No,Yes,Month-to-month,No,Mailed check,78.78,1206.84,No
C5321-8565,Female,1,Yes,No,16,Yes,No,Fiber optic,No,No,Yes,Yes,No,Yes,Two year,Yes,Credit card (automatic),117.05,1897.4,No
C5322-7206,Male,1,No,No,35,Yes,No,Fiber optic,No,No,No,No,Yes,No,Month-to-month,No,Credit card (automatic),93.63,3250.14,No
C5323-4568,Male,1,No,No,33,Yes,Yes,Fiber optic,No,No,Yes,No,No,Yes,Month-to-month,No,Mailed check,109.31,3626.38,No
C5324-9211,Male,0,No,Yes,19,Yes,Yes,DSL,No,Yes,No,No,No,No,Month-to-month,Yes,Electronic check,72.44,1363.98,Yes
C5325-4546,Male,0,Yes,Yes,36,Yes,No,Fiber optic,No,No,No,No,No,Yes,Month-to-month,No,Mailed check,93.71,3354.64,No
C5326-6088,Female,0,Yes,Yes,36,Yes,No,Fiber optic,No,No,No,No,No,No,Month-to-month,Yes,Electronic check,93.91,3373.88,Yes
C5327-3213,Female,1,No,No,72,Yes,No,Fiber optic,No,Yes,No,Yes,Yes,No,Month-to-month,No,Credit card (automatic),88.06,6338.22,No
C5328-2648,Male,0,Yes,No,72,No,No phone service,DSL,No,No,No,Yes,Yes,No,Month-to-month,Yes,Electronic check,65.81,4761.77,No
C5329-5424,Female,0,No,No,35,Yes,No,No,No internet service,No internet service,No internet service,No internet service,No internet service,No internet service,Month-to-month,No,Credit card (automatic),35.0,1220.1,No
C5330-6066,Male,0,Yes,No,51,Yes,Yes,DSL,No,No,No,No,No,Yes,Month-to-month,No,Electronic check,78.55,4014.76,Yes
C5331-8251,Female,0,Yes,No,35,Yes,Yes,No,No internet service,No internet service,No internet service,No internet service,No internet service,No internet service,One year,Yes,Electronic check,42.48,1490.52,No
C5332-4517,Female,0,Yes,No,24,Yes,Yes,Fiber optic,Yes,Yes,No,No,Yes,Yes,One year,Yes,Electronic check,118.86,2841.18,No
C5333-9055,Male,0,No,No,37,Yes,No,DSL,Yes,Yes,No,No,Yes,No,Month-to-month,No,Electronic check,76.19,2801.21,No
C5334-6465,Male,1,No,No,23,Yes,No,DSL,Yes,Yes,No,No,Yes,Yes,Month-to-month,Yes,Bank transfer (automatic),85.74,1987.56,Yes
C5335-1630,Male,0,No,No,27,Yes,Yes,DSL,No,No,Yes,No,No,No,Two year,Yes,Electronic check,71.05,1958.87,No
C5336-7651,Male,0,No,No,25,Yes,No,Fiber optic,Yes,Yes,Yes,No,No,Yes,One year,Yes,Credit card (automatic),120.81,3014.56,Yes
C5337-6172,Female,0,No,No,26,No,No phone service,No,No internet service,No internet service,No internet service,No internet service,No internet service,No internet service,Two year,Yes,Electronic check,29.74,756.67,No
C5338-4503,Male,0,No,No,15,Yes,No,No,No internet service,No internet service,No internet service,No internet service,No internet service,No internet service,Two year,Yes,Electronic check,34.69,518.06,No
C5339-5204,Female,0,Yes,Yes,47,Yes,Yes,No,No internet service,No internet service,No internet service,No internet service,No internet service,No internet service,Month-to-month,No,Bank transfer (automatic),41.4,1964.16,No
C5340-3715,Female,0,No,No,37,Yes,No,DSL,No,Yes,No,No,No,No,Month-to-month,No,Electronic check,70.85,2613.58,No
C5341-6527,Male,0,No,No,14,No,No phone service,Fiber optic,No,No,No,Yes,No,No,Month-to-month,Yes,Bank transfer (automatic),65.84,905.33,Yes
C5342-6101,Female,0,Yes,No,25,Yes,Yes,Fiber optic,Yes,No,Yes,No,Yes,No,Month-to-month,Yes,Mailed check,119.82,2989.82,No
C5343-5025,Male,0,No,No,10,Yes,No,DSL,No,Yes,Yes,No,Yes,Yes,One year,Yes,Electronic check,91.88,916.32,No
C5344-3566,Female,0,Yes,Yes,31,Yes,No,DSL,No,No,Yes,Yes,Yes,No,Month-to-month,No,Bank transfer (automatic),68.69,2127.34,No
C5345-4587,Male,0,No,No,56,Yes,No,DSL,No,No,No,No,No,No,Two year,No,Bank transfer (automatic),69.42,3905.84,No
C5346-5480,Female,0,No,No,20,Yes,Yes,Fiber optic,No,Yes,Yes,No,Yes,Yes,One year,Yes,Electronic check,113.21,2277.29,No
C5347-5246,Female,0,Yes,No,47,Yes,No,Fiber optic,Yes,No,Yes,Yes,Yes,No,Two year,Yes,Mailed check,114.07,5363.41,No
C5348-3783,Female,0,No,No,26,Yes,Yes,DSL,No,No,Yes,No,Yes,No,One year,No,Credit card (automatic),83.75,2146.82,No
C5349-6237,Female,0,No,No,21,Yes,Yes,DSL,No,No,Yes,Yes,No,Yes,Month-to-month,No,Mailed check,99.44,2049.36,No
C5350-3038,Male,0,No,No,14,Yes,No,DSL,No,No,Yes,Yes,No,No,Month-to-month,No,Bank transfer (automatic),74.83,1045.28,No
C5351-5508,Male,0,No,No,23,Yes,No,Fiber optic,No,Yes,Yes,Yes,No,No,One year,No,Mailed check,119.91,2756.78,No
C5352-2093,Female,0,Yes,No,48,Yes,Yes,Fiber optic,No,No,No,No,No,No,Month-to-month,Yes,Electronic check,104.78,5042.56,No
C5353-5248,Male,0,Yes,No,34,Yes,Yes,Fiber optic,No,No,No,Yes,Yes,Yes,Two year,Yes,Bank transfer (automatic),116.31,3984.57,No
C5354-8055,Female,0,Yes,Yes,11,Yes,No,Fiber optic,No,No,No,No,No,No,Month-to-month,No,Electronic check,104.32,1142.76,Yes
C5355-8359,Male,0,Yes,Yes,38,Yes,No,DSL,No,No,Yes,Yes,Yes,No,One year,Yes,Credit card (automatic),82.62,3129.17,No
C5356-7251,Male,0,Yes,Yes,30,Yes,No,No,No internet service,No internet service,No internet service,No internet service,No internet service,No internet service,Month-to-month,Yes,Mailed check,31.73,928.02,No
C5357-7710,Female,0,No,No,10,Yes,Yes,DSL,No,No,No,No,No,Yes,One year,No,Electronic check,94.45,964.4,Yes
C5358-1593,Male,0,Yes,No,7,Yes,No,Fiber optic,No,Yes,No,No,No,No,One year,Yes,Bank transfer (automatic),101.39,701.28,No
C5359-4072,Female,0,No,No,7,Yes,No,Fiber optic,Yes,Yes,No,No,Yes,Yes,Month-to-month,No,Bank transfer (automatic),123.13,858.68,Yes
C5360-6887,Female,0,Yes,Yes,50,Yes,No,DSL,No,No,Yes,Yes,Yes,No,Two year,Yes,Credit card (automatic),92.05,4614.84,No
C5361-8204,Female,1,Yes,Yes,10,Yes,Yes,Fiber optic,Yes,No,Yes,Yes,Yes,No,One year,Yes,Mailed check,130.28,1281.38,No
C5362-6245,Male,0,No,No,21,Yes,Yes,DSL,No,No,No,Yes,Yes,No,Month-to-month,No,Electronic check,88.91,1850.57,No
C5363-8682,Female,0,No,No,36,Yes,No,Fiber optic,Yes,Yes,No,No,Yes,Yes,Two year,No,Electronic check,109.56,3935.06,No
C5364-3457,Female,0,No,No,34,No,No phone service,Fiber optic,Yes,Yes,No,No,No,Yes,Two year,Yes,Electronic check,77.0,2597.97,No
C5365-2381,Female,0,Yes,No,34,Yes,No,DSL,No,Yes,Yes,No,No,Yes,Month-to-month,Yes,Electronic check,82.18,2768.28,Yes
C5366-1777,Female,0,No,No,9,Yes,Yes,Fiber optic,No,No,Yes,No,Yes,Yes,Month-to-month,No,Electronic check,118.98,1073.67,Yes
C5367-6243,Male,0,Yes,No,36,Yes,No,DSL,Yes,Yes,Yes,No,Yes,Yes,Two year,Yes,Electronic check,108.86,3925.78,No
C5368-6985,Male,0,No,No,20,Yes,Yes,DSL,Yes,No,Yes,No,Yes,Yes,One year,No,Electronic check,97.47,1958.93,Yes
C5369-3567,Female,1,No,No,28,Yes,Yes,Fiber optic,No,No,Yes,No,No,Yes,Month-to-month,No,Electronic check,95.94,2703.86,Yes
C5370-8052,Female,1,Yes,No,27,Yes,No,DSL,No,No,No,Yes,No,No,Month-to-month,Yes,Credit card (automatic),83.16,2264.58,No
C5371-7651,Female,0,No,No,23,Yes,No,DSL,No,Yes,Yes,Yes,No,No,Month-to-month,Yes,Bank transfer (automatic),95.85,2201.4,Yes
C5372-4240,Female,1,No,No,54,Yes,Yes,DSL,No,Yes,Yes,No,Yes,Yes,Month-to-month,No,Bank transfer (automatic),97.96,5294.37,No
C5373-3148,Male,1,Yes,Yes,49,Yes,No,Fiber optic,No,Yes,Yes,Yes,No,No,Month-to-month,Yes,Bank transfer (automatic),111.64,5483.48,No
C5374-7680,Female,0,Yes,Yes,72,Yes,No,No,No internet service,No internet service,No internet service,No internet service,No internet service,No internet service,Month-to-month,Yes,Electronic check,34.67,2499.13,No
C5375-7041,Female,0,No,No,72,Yes,Yes,No,No internet service,No internet service,No internet service,No internet service,No internet service,No internet service,Month-to-month,Yes,Electronic check,36.88,2672.17,No
C5376-2536,Male,0,Yes,No,5,No,No phone service,No,No internet service,No internet service,No internet service,No internet service,No internet service,No internet service,One year,No,Mailed check,18.25,76.68,No
C5377-3295,Male,0,Yes,No,25,Yes,No,Fiber optic,No,Yes,No,No,Yes,Yes,One year,No,Electronic check,96.3,2410.17,No
C5378-5373,Female,0,Yes,Yes,68,Yes,No,Fiber optic,Yes,No,No,No,Yes,No,One year,Yes,Electronic check,103.52,7071.2,No
C5379-5599,Female,0,No,No,23,No,No phone service,DSL,No,No,No,No,Yes,No,Month-to-month,Yes,Bank transfer (automatic),54.78,1245.76,Yes
C5380-2493,Male,0,Yes,No,19,Yes,Yes,No,No internet service,No internet service,No internet service,No internet service,No internet service,No internet service,Month-to-month,Yes,Electronic check,39.2,729.47,No
C5381-9536,Female,0,No,Yes,8,Yes,Yes,Fiber optic,No,No,No,No,No,No,One year,No,Mailed check,103.03,820.7,Yes
C5382-4497,Female,0,No,No,8,Yes,No,Fiber optic,No,No,Yes,Yes,No,No,One year,No,Mailed check,90.55,735.16,No
C5383-4431,Male,0,Yes,Yes,46,Yes,Yes,No,No internet service,No internet service,No internet service,No internet service,No internet service,No internet service,Month-to-month,No,Credit card (automatic),36.82,1656.42,Yes
C5384-1544,Male,1,Yes,Yes,28,No,No phone service,No,No internet service,No internet service,No internet service,No internet service,No internet service,No internet service,One year,Yes,Mailed check,23.98,646.43,No
C5385-8880,Male,1,No,No,2,Yes,No,DSL,Yes,No,No,Yes,No,No,Month-to-month,Yes,Credit card (automatic),82.23,195.63,No
C5386-3116,Female,0,Yes,Yes,57,Yes,Yes,DSL,Yes,No,No,No,Yes,No,Month-to-month,Yes,Mailed check,82.65,4738.56,No
C5387-9881,Female,0,Yes,No,63,Yes,No,Fiber optic,No,Yes,No,No,Yes,Yes,One year,Yes,Bank transfer (automatic),109.84,6932.1,No
C5388-5463,Female,1,Yes,Yes,21,Yes,No,No,No internet service,No internet service,No internet service,No internet service,No internet service,No internet service,Month-to-month,No,Mailed check,33.76,724.07,No
C5389-8872,Male,0,No,Yes,26,Yes,Yes,Fiber optic,No,Yes,No,Yes,Yes,Yes,Month-to-month,Yes,Mailed check,119.4,3101.37,No
C5390-2611,Male,1,No,No,72,Yes,No,DSL,No,No,Yes,No,Yes,No,Two year,No,Bank transfer (automatic),81.08,5835.69,No
C5391-2492,Female,0,No,No,21,Yes,No,No,No internet service,No internet service,No internet service,No internet service,No internet service,No internet service,Month-to-month,Yes,Electronic check,36.04,752.83,No
C5392-8209,Male,0,Yes,No,4,Yes,Yes,Fiber optic,Yes,Yes,No,Yes,Yes,No,Month-to-month,No,Electronic check,120.49,466.71,Yes
C5393-8376,Female,0,Yes,No,46,Yes,Yes,No,No internet service,No internet service,No internet service,No internet service,No internet service,No internet service,Month-to-month,Yes,Electronic check,42.86,1951.83,No
C5394-5887,Female,0,No,No,61,No,No phone service,No,No internet service,No internet service,No internet service,No internet service,No internet service,No internet service,Two year,Yes,Electronic check,37.17,2272.81,No
C5395-1289,Male,0,Yes,Yes,29,Yes,Yes,No,No internet service,No internet service,No internet service,No internet service,No internet service,No internet service,Month-to-month,No,Electronic check,51.49,1474.69,No
C5396-9492,Female,0,No,No,10,Yes,Yes,No,No internet service,No internet service,No internet service,No internet service,No internet service,No internet service,Two year,No,Electronic check,41.62,407.6,No
C5397-4539,Female,1,No,No,67,Yes,No,Fiber optic,Yes,Yes,No,No,No,No,Month-to-month,Yes,Credit card (automatic),93.86,6290.4,No
C5398-9422,Female,0,Yes,No,18,No,No phone service,Fiber optic,No,Yes,No,No,Yes,No,Two year,Yes,Bank transfer (automatic),81.16,1438.14,No
C5399-8835,Male,0,No,No,12,Yes,No,Fiber optic,Yes,Yes,Yes,No,No,No,One year,Yes,Bank transfer (automatic),95.21,1167.83,Yes
C5400-8662,Female,0,No,No,29,Yes,Yes,Fiber optic,No,No,Yes,Yes,Yes,Yes,Month-to-month,Yes,Credit card (automatic),134.46,3887.71,No
C5401-7198,Female,0,No,No,21,Yes,Yes,Fiber optic,No,No,Yes,No,Yes,Yes,One year,Yes,Bank transfer (automatic),111.58,2344.38,No
C5402-7058,Male,0,Yes,Yes,43,Yes,No,DSL,No,No,No,No,Yes,Yes,Month-to-month,No,Mailed check,78.17,3369.26,No
C5403-5794,Female,0,No,No,72,Yes,Yes,DSL,Yes,Yes,Yes,No,No,No,Month-to-month,Yes,Electronic check,101.49,7329.18,Yes
C5404-1222,Female,0,Yes,Yes,11,Yes,Yes,DSL,No,No,No,No,No,No,Month-to-month,No,Bank transfer (automatic),85.28,958.46,No
C5405-4490,Male,0,No,No,49,Yes,Yes,Fiber optic,No,No,Yes,No,No,Yes,One year,Yes,Mailed check,104.78,5151.82,No
C5406-7574,Male,0,Yes,Yes,20,Yes,Yes,Fiber optic,No,No,No,No,Yes,Yes,Month-to-month,Yes,Bank transfer (automatic),115.36,2291.83,Yes
C5407-8309,Male,0,Yes,No,43,Yes,No,DSL,No,No,Yes,No,Yes,Yes,One year,Yes,Electronic check,102.04,4376.89,No
C5408-6035,Female,0,No,No,30,Yes,Yes,No,No internet service,No internet service,No internet service,No internet service,No internet service,No internet service,One year,Yes,Credit card (automatic),33.35,980.42,No
C5409-7385,Male,0,No,No,17,Yes,No,No,No internet service,No internet service,No internet service,No internet service,No internet service,No internet service,Month-to-month,No,Electronic check,31.97,553.12,No
C5410-1195,Female,0,Yes,Yes,50,Yes,No,DSL,Yes,No,No,No,No,No,Month-to-month,No,Electronic check,74.38,3707.68,Yes
C5411-5215,Female,0,No,No,19,Yes,No,No,No internet service,No internet service,No internet service,No internet service,No internet service,No internet service,One year,Yes,Mailed check,31.04,566.05,No
C5412-5569,Female,1,Yes,No,12,Yes,No,DSL,No,Yes,No,No,Yes,Yes,Month-to-month,Yes,Electronic check,81.58,950.65,Yes
C5413-9031,Female,0,No,No,47,Yes,Yes,Fiber optic,Yes,Yes,No,Yes,No,Yes,Month-to-month,No,Electronic check,128.63,6067.56,No
C5414-3799,Female,0,No,No,12,Yes,No,No,No internet service,No internet service,No internet service,No internet service,No internet service,No internet service,Month-to-month,No,Mailed check,49.11,546.26,Yes
C5415-3069,Female,0,Yes,Yes,46,Yes,No,DSL,Yes,Yes,Yes,No,Yes,Yes,Month-to-month,No,Credit card (automatic),110.05,5100.13,No
C5416-4171,Female,0,No,No,27,No,No phone service,No,No internet service,No internet service,No internet service,No internet service,No internet service,No internet service,One year,No,Electronic check,18.25,509.62,No
C5417-2533,Female,0,No,No,29,Yes,Yes,Fiber optic,No,No,No,Yes,No,Yes,Month-to-month,Yes,Electronic check,108.54,3132.98,Yes
C5418-6025,Male,0,No,Yes,11,Yes,No,No,No internet service,No internet service,No internet service,No internet service,No internet service,No internet service,Two year,No,Electronic check,29.3,317.26,No
C5419-6784,Male,0,No,No,30,Yes,No,DSL,No,No,Yes,No,No,No,One year,Yes,Electronic check,85.12,2555.23,No
C5420-8209,Female,0,No,Yes,18,Yes,Yes,DSL,Yes,No,Yes,No,No,No,Two year,Yes,Credit card (automatic),90.42,1627.74,No
C5421-9746,Male,1,No,No,72,Yes,Yes,Fiber optic,Yes,No,Yes,Yes,No,Yes,One year,No,Credit card (automatic),123.04,8852.73,No
C5422-1662,Male,0,Yes,No,7,Yes,No,Fiber optic,No,No,Yes,No,Yes,Yes,Month-to-month,Yes,Credit card (automatic),109.02,759.96,Yes
C5423-3225,Male,0,No,No,59,Yes,No,No,No internet service,No internet service,No internet service,No internet service,No internet service,No internet service,Month-to-month,No,Credit card (automatic),36.69,2187.23,No
C5424-3706,Female,0,Yes,Yes,62,Yes,Yes,Fiber optic,No,No,No,No,Yes,Yes,Month-to-month,No,Bank transfer (automatic),105.73,6575.57,No
C5425-3246,Female,0,Yes,Yes,37,Yes,No,DSL,No,No,No,No,Yes,Yes,One year,Yes,Credit card (automatic),76.83,2860.78,No
C5426-8444,Female,0,Yes,No,72,Yes,Yes,Fiber optic,No,Yes,Yes,No,Yes,Yes,One year,No,Electronic check,119.54,8623.13,Yes
C5427-2255,Female,0,No,No,21,Yes,No,Fiber optic,Yes,No,Yes,Yes,No,Yes,Month-to-month,No,Bank transfer (automatic),120.03,2505.85,No
C5428-1267,Female,0,Yes,No,24,Yes,No,DSL,No,Yes,No,Yes,No,Yes,One year,No,Mailed check,76.68,1826.56,No
C5429-8744,Male,0,Yes,No,39,Yes,No,Fiber optic,No,No,No,No,No,No,Month-to-month,Yes,Electronic check,90.2,3515.3,No
C5430-9652,Female,0,Yes,No,22,Yes,No,Fiber optic,No,Yes,Yes,No,No,Yes,One year,No,Bank transfer (automatic),94.86,2085.01,No
C5431-3037,Male,0,Yes,No,8,Yes,No,Fiber optic,Yes,Yes,Yes,Yes,No,No,Month-to-month,Yes,Bank transfer (automatic),121.21,958.61,Yes
C5432-3995,Male,0,No,No,8,Yes,Yes,DSL,No,No,Yes,Yes,Yes,Yes,Month-to-month,No,Electronic check,92.54,749.84,Yes
C5433-5528,Female,0,Yes,Yes,48,Yes,No,DSL,No,Yes,No,No,Yes,Yes,Month-to-month,No,Credit card (automatic),81.47,3921.93,No
C5434-5733,Male,0,Yes,Yes,26,No,No phone service,Fiber optic,No,No,No,Yes,Yes,Yes,Two year,No,Electronic check,86.58,2229.64,No
C5435-9916,Female,1,No,No,45,Yes,No,Fiber optic,No,Yes,Yes,Yes,Yes,Yes,One year,No,Bank transfer (automatic),119.51,5394.95,Yes
C5436-4636,Male,0,Yes,Yes,50,Yes,Yes,Fiber optic,No,Yes,No,No,No,Yes,Month-to-month,Yes,Bank transfer (automatic),130.1,6506.41,No
C5437-1109,Male,1,No,Yes,22,Yes,Yes,DSL,No,No,No,No,No,Yes,Month-to-month,Yes,Mailed check,73.29,1621.55,No
C5438-4804,Male,0,No,No,33,Yes,No,Fiber optic,Yes,No,Yes,No,Yes,No,Month-to-month,No,Electronic check,107.57,3569.75,Yes
C5439-6007,Female,0,No,No,7,Yes,Yes,DSL,No,Yes,No,Yes,Yes,No,Month-to-month,No,Credit card (automatic),83.98,602.66,No
C5440-5651,Female,0,Yes,Yes,15,Yes,Yes,Fiber optic,No,No,No,Yes,Yes,No,One year,Yes,Credit card (automatic),124.74,1881.91,No
C5441-5610,Female,0,No,No,21,Yes,Yes,DSL,Yes,No,No,No,Yes,No,Month-to-month,Yes,Electronic check,85.61,1815.14,No
C5442-9302,Female,0,No,No,27,Yes,No,Fiber optic,Yes,No,Yes,No,Yes,Yes,Month-to-month,Yes,Mailed check,105.9,2852.85,Yes
C5443-8266,Female,0,No,No,6,Yes,No,Fiber optic,Yes,No,Yes,No,Yes,No,Month-to-month,No,Credit card (automatic),121.21,744.08,Yes
C5444-3265,Male,0,Yes,Yes,21,Yes,No,Fiber optic,Yes,No,Yes,No,Yes,No,One year,Yes,Mailed check,114.07,2378.25,No
C5445-4197,Female,1,No,No,12,Yes,No,DSL,No,Yes,No,No,Yes,Yes,Month-to-month,No,Electronic check,85.75,1021.69,Yes
C5446-7007,Female,0,No,No,72,Yes,No,No,No internet service,No internet service,No internet service,No internet service,No internet service,No internet service,Month-to-month,Yes,Credit card (automatic),37.87,2695.98,No
C5447-4692,Male,0,No,No,28,Yes,No,DSL,Yes,Yes,Yes,Yes,Yes,No,Month-to-month,No,Electronic check,100.35,2833.16,Yes
C5448-4855,Female,0,No,Yes,45,Yes,Yes,Fiber optic,No,Yes,Yes,Yes,Yes,Yes,One year,No,Credit card (automatic),139.65,6281.31,No
C5449-2511,Female,0,No,No,45,Yes,Yes,Fiber optic,Yes,No,No,No,Yes,Yes,Two year,No,Electronic check,127.1,5709.63,Yes
C5450-3289,Male,0,No,No,30,Yes,No,No,No internet service,No internet service,No internet service,No internet service,No internet service,No internet service,Month-to-month,No,Electronic check,18.25,550.29,No
C5451-7666,Male,0,Yes,No,36,Yes,Yes,No,No internet service,No internet service,No internet service,No internet service,No internet service,No internet service,Month-to-month,Yes,Mailed check,41.0,1477.43,No
C5452-8585,Male,1,Yes,No,34,Yes,No,DSL,No,No,Yes,No,No,No,One year,Yes,Credit card (automatic),72.32,2423.79,No
C5453-8061,Female,0,No,No,34,Yes,No,No,No internet service,No internet service,No internet service,No internet service,No internet service,No internet service,Month-to-month,Yes,Credit card (automatic),31.87,1088.4,No
C5454-3770,Male,0,Yes,Yes,68,Yes,Yes,DSL,No,No,Yes,Yes,Yes,Yes,Month-to-month,No,Electronic check,93.99,6415.31,Yes
C5455-2229,Female,0,No,No,27,Yes,Yes,Fiber optic,No,No,Yes,No,No,No,Month-to-month,Yes,Electronic check,106.99,2893.37,Yes
C5456-2437,Female,0,No,No,46,No,No phone service,DSL,Yes,Yes,Yes,No,No,No,Month-to-month,No,Electronic check,78.32,3595.29,Yes
C5457-4540,Female,0,No,Yes,9,Yes,No,Fiber optic,No,No,No,No,No,Yes,One year,Yes,Bank transfer (automatic),95.08,852.42,No
C5458-5659,Male,0,Yes,Yes,24,Yes,No,No,No internet service,No internet service,No internet service,No internet service,No internet service,No internet service,Month-to-month,No,Mailed check,35.26,848.14,No
C5459-9035,Female,0,No,No,17,Yes,No,No,No internet service,No internet service,No internet service,No internet service,No internet service,No internet service,Month-to-month,No,Credit card (automatic),28.04,487.38,No
C5460-9088,Female,1,No,No,22,Yes,Yes,DSL,No,No,No,No,No,Yes,Month-to-month,Yes,Mailed check,91.92,2026.74,No
C5461-1024,Female,0,No,No,38,Yes,No,Fiber optic,No,No,Yes,No,No,Yes,Month-to-month,Yes,Electronic check,105.05,3969.18,No
C5462-7367,Female,0,No,No,36,Yes,No,No,No internet service,No internet service,No internet service,No internet service,No internet service,No internet service,Two year,Yes,Electronic check,40.0,1438.99,Yes
C5463-3688,Female,0,Yes,No,22,Yes,No,Fiber optic,No,Yes,Yes,No,Yes,Yes,Month-to-month,No,Bank transfer (automatic),117.87,2608.35,Yes
C5464-2780,Female,0,No,Yes,15,Yes,Yes,No,No internet service,No internet service,No internet service,No internet service,No internet service,No internet service,Two year,No,Bank transfer (automatic),53.98,813.08,No
C5465-5994,Female,1,Yes,Yes,52,Yes,Yes,DSL,No,Yes,Yes,Yes,No,Yes,Two year,Yes,Electronic check,98.21,5079.79,No
C5466-1305,Male,0,No,No,40,Yes,Yes,DSL,No,No,Yes,No,No,Yes,Month-to-month,No,Electronic check,92.2,3683.1,No
C5467-4006,Male,0,Yes,No,6,Yes,Yes,Fiber optic,Yes,No,Yes,Yes,Yes,Yes,Two year,No,Credit card (automatic),128.51,758.3,No
C5468-5969,Male,0,Yes,Yes,7,Yes,Yes,Fiber optic,No,No,Yes,No,Yes,Yes,Month-to-month,Yes,Electronic check,111.56,780.51,Yes
C5469-3448,Male,0,Yes,No,17,Yes,No,No,No internet service,No internet service,No internet service,No internet service,No internet service,No internet service,Month-to-month,No,Bank transfer (automatic),30.85,528.75,No
C5470-6339,Male,0,Yes,No,3,Yes,Yes,DSL,No,Yes,Yes,No,Yes,No,Month-to-month,Yes,Electronic check,85.84,254.05,Yes
C5471-5139,Male,0,No,Yes,8,Yes,No,DSL,Yes,Yes,No,No,Yes,No,Month-to-month,Yes,Mailed check,72.62,573.07,Yes
C5472-8193,Female,0,No,No,30,Yes,No,DSL,Yes,No,No,Yes,No,No,One year,Yes,Electronic check,91.84,2778.39,Yes
C5473-2633,Male,0,Yes,No,36,Yes,Yes,Fiber optic,Yes,No,Yes,No,Yes,No,Two year,Yes,Electronic check,125.83,4520.64,No
C5474-1513,Female,0,Yes,Yes,23,Yes,Yes,DSL,No,Yes,No,No,No,No,Two year,Yes,Credit card (automatic),77.6,1784.52,No
C5475-5766,Male,0,No,No,23,Yes,Yes,DSL,No,Yes,Yes,Yes,No,Yes,Month-to-month,Yes,Electronic check,100.86,2289.14,Yes
C5476-3311,Female,0,Yes,No,17,No,No phone service,No,No internet service,No internet service,No internet service,No internet service,No internet service,No internet service,One year,No,Bank transfer (automatic),18.76,335.78,No
C5477-7359,Female,0,Yes,Yes,14,Yes,No,Fiber optic,No,No,Yes,Yes,No,Yes,One year,Yes,Electronic check,113.94,1588.92,Yes
C5478-1839,Male,0,Yes,No,44,Yes,Yes,No,No internet service,No internet service,No internet service,No internet service,No internet service,No internet service,Month-to-month,Yes,Electronic check,53.95,2359.89,Yes
C5479-6177,Female,1,No,No,47,Yes,Yes,DSL,No,No,Yes,No,No,Yes,Month-to-month,Yes,Credit card (automatic),91.85,4293.3,Yes
C5480-9907,Female,0,No,Yes,22,Yes,No,DSL,No,Yes,Yes,No,No,Yes,One year,Yes,Bank transfer (automatic),77.4,1699.79,Yes
C5481-1837,Male,0,Yes,Yes,8,No,No phone service,Fiber optic,No,Yes,No,No,Yes,No,Month-to-month,Yes,Credit card (automatic),79.28,657.53,No
C5482-3716,Female,0,No,No,14,Yes,Yes,DSL,No,No,No,No,Yes,No,One year,Yes,Electronic check,76.58,1084.72,No
C5483-8598,Female,0,No,No,24,Yes,Yes,No,No internet service,No internet service,No internet service,No internet service,No internet service,No internet service,Month-to-month,Yes,Bank transfer (automatic),18.25,434.45,Yes
C5484-5801,Male,0,No,No,22,Yes,No,No,No internet service,No internet service,No internet service,No internet service,No internet service,No internet service,One year,Yes,Mailed check,39.07,849.03,No
C5485-2574,Male,0,No,No,41,Yes,No,Fiber optic,No,Yes,Yes,Yes,No,No,Month-to-month,No,Mailed check,88.64,3657.9,No
C5486-2917,Female,0,No,No,13,Yes,Yes,No,No internet service,No internet service,No internet service,No internet service,No internet service,No internet service,Month-to-month,No,Bank transfer (automatic),58.45,745.19,No
C5487-7882,Female,0,No,No,37,No,No phone service,No,No internet service,No internet service,No internet service,No internet service,No internet service,No internet service,Two year,Yes,Bank transfer (automatic),18.25,677.97,No
C5488-8747,Male,0,No,No,25,Yes,Yes,Fiber optic,Yes,No,No,No,Yes,No,Month-to-month,Yes,Mailed check,109.33,2730.88,No
C5489-4244,Female,0,Yes,No,72,Yes,No,DSL,Yes,Yes,No,No,No,Yes,One year,Yes,Mailed check,96.32,6961.7,No
C5490-5264,Female,0,No,No,24,Yes,No,DSL,No,No,No,No,No,Yes,Month-to-month,Yes,Credit card (automatic),64.27,1540.01,No
C5491-8044,Female,0,No,No,15,Yes,Yes,DSL,No,No,No,Yes,No,No,Month-to-month,No,Mailed check,82.09,1271.75,No
C5492-2592,Male,1,Yes,No,66,Yes,Yes,No,No internet service,No internet service,No internet service,No internet service,No internet service,No internet service,Two year,No,Mailed check,37.59,2485.71,No
C5493-2856,Female,0,Yes,No,22,Yes,No,Fiber optic,No,No,No,No,No,Yes,Month-to-month,No,Credit card (automatic),92.95,2023.11,No
C5494-7969,Female,0,Yes,No,36,Yes,Yes,No,No internet service,No internet service,No internet service,No internet service,No internet service,No internet service,Month-to-month,Yes,Electronic check,40.17,1463.58,No
C5495-2679,Female,1,Yes,Yes,4,Yes,Yes,Fiber optic,Yes,No,No,No,Yes,No,Month-to-month,No,Bank transfer (automatic),114.84,484.85,No
C5496-7936,Female,0,Yes,Yes,55,Yes,Yes,No,No internet service,No internet service,No internet service,No internet service,No internet service,No internet service,Month-to-month,Yes,Credit card (automatic),48.35,2663.02,No
C5497-5472,Male,0,Yes,Yes,14,Yes,Yes,DSL,Yes,Yes,Yes,No,No,Yes,Two year,Yes,Mailed check,104.71,1480.74,No
C5498-9909,Female,0,Yes,Yes,9,Yes,Yes,Fiber optic,Yes,Yes,No,Yes,Yes,Yes,Month-to-month,Yes,Electronic check,131.39,1217.8,No
C5499-1296,Female,0,No,No,48,Yes,No,DSL,No,No,No,No,Yes,No,Month-to-month,No,Mailed check,66.47,3201.87,No
C5500-9512,Female,0,Yes,No,13,No,No phone service,Fiber optic,No,No,Yes,Yes,No,Yes,Month-to-month,Yes,Electronic check,93.36,1187.3,No
C5501-3027,Male,0,Yes,Yes,11,Yes,No,Fiber optic,No,No,Yes,Yes,Yes,Yes,Month-to-month,Yes,Mailed check,118.33,1285.43,No
C5502-1315,Male,0,Yes,Yes,8,Yes,Yes,DSL,Yes,No,No,No,Yes,Yes,One year,No,Bank transfer (automatic),83.87,670.94,No
C5503-7515,Male,1,Yes,No,17,Yes,Yes,Fiber optic,No,No,Yes,Yes,Yes,No,Month-to-month,No,Credit card (automatic),123.53,2096.01,No
C5504-5792,Female,0,Yes,No,13,Yes,No,DSL,No,No,No,No,No,No,Month-to-month,Yes,Electronic check,70.64,904.61,No
C5505-8535,Female,0,No,No,44,Yes,No,Fiber optic,No,No,No,Yes,No,Yes,Month-to-month,Yes,Credit card (automatic),109.66,4846.23,No
C5506-1975,Female,0,Yes,Yes,14,Yes,Yes,Fiber optic,No,No,No,Yes,No,No,Month-to-month,No,Credit card (automatic),106.42,1484.22,No
C5507-1726,Female,0,Yes,No,16,Yes,No,Fiber optic,Yes,Yes,No,No,Yes,No,Two year,Yes,Credit card (automatic),101.68,1662.89,No
C5508-6104,Male,0,No,No,15,Yes,No,Fiber optic,Yes,Yes,No,Yes,No,No,One year,Yes,Electronic check,109.2,1633.28,No
C5509-8937,Male,0,No,Yes,38,Yes,Yes,DSL,No,No,No,No,Yes,No,Month-to-month,No,Mailed check,69.11,2638.11,No
C5510-4651,Female,0,Yes,Yes,47,Yes,No,Fiber optic,No,No,Yes,No,Yes,No,Month-to-month,Yes,Electronic check,107.01,5057.59,No
C5511-8176,Male,1,Yes,No,25,Yes,No,DSL,Yes,No,Yes,No,Yes,Yes,One year,No,Electronic check,103.08,2590.63,Yes
C5512-9154,Male,0,No,Yes,24,Yes,No,No,No internet service,No internet service,No internet service,No internet service,No internet service,No internet service,Month-to-month,No,Credit card (automatic),54.46,1314.89,Yes
C5513-8826,Female,0,No,No,27,Yes,No,Fiber optic,No,No,Yes,No,No,No,Month-to-month,Yes,Mailed check,91.73,2494.06,No
C5514-5577,Male,0,Yes,Yes,29,No,No phone service,No,No internet service,No internet service,No internet service,No internet service,No internet service,No internet service,Two year,No,Electronic check,18.25,548.48,No
C5515-7285,Female,0,No,No,41,No,No phone service,Fiber optic,No,No,No,No,Yes,No,One year,Yes,Electronic check,68.65,2822.26,Yes
C5516-5730,Female,0,No,No,39,Yes,Yes,DSL,Yes,No,No,No,No,No,Month-to-month,Yes,Bank transfer (automatic),73.74,2884.69,No
C5517-7066,Female,0,No,No,10,Yes,Yes,Fiber optic,No,No,Yes,No,No,No,Month-to-month,Yes,Credit card (automatic),98.02,998.7,Yes
C5518-6103,Male,0,Yes,No,3,Yes,Yes,Fiber optic,Yes,No,No,Yes,Yes,No,Month-to-month,No,Electronic check,130.87,390.47,No
C5519-5725,Male,0,No,No,31,No,No phone service,Fiber optic,No,No,No,Yes,No,No,One year,Yes,Electronic check,76.67,2363.05,No
C5520-4930,Female,1,No,No,7,Yes,No,Fiber optic,No,No,Yes,No,No,Yes,Month-to-month,Yes,Bank transfer (automatic),113.29,826.39,Yes
C5521-6874,Male,0,No,No,35,Yes,Yes,Fiber optic,Yes,No,No,No,Yes,No,Month-to-month,No,Electronic check,117.37,4108.26,Yes
C5522-7759,Female,0,Yes,Yes,29,Yes,Yes,Fiber optic,No,Yes,Yes,Yes,Yes,Yes,Two year,Yes,Mailed check,137.57,3974.85,No
C5523-9271,Female,0,Yes,No,24,No,No phone service,Fiber optic,No,Yes,No,No,Yes,No,Month-to-month,Yes,Bank transfer (automatic),86.27,2079.24,Yes
C5524-6518,Female,0,Yes,Yes,20,No,No phone service,DSL,No,No,No,No,Yes,No,One year,No,Electronic check,48.21,936.0,Yes
C5525-1904,Male,1,No,No,46,Yes,Yes,Fiber optic,No,No,Yes,No,No,No,Two year,Yes,Mailed check,107.37,4949.29,No
C5526-6286,Male,0,No,No,37,Yes,No,Fiber optic,No,No,No,No,No,Yes,Month-to-month,Yes,Electronic check,112.04,4141.61,No
C5527-3841,Female,0,Yes,No,9,Yes,Yes,Fiber optic,No,Yes,Yes,No,No,No,Two year,Yes,Credit card (automatic),110.81,964.29,No
C5528-1241,Male,1,Yes,No,30,Yes,Yes,DSL,Yes,No,No,No,No,No,Month-to-month,Yes,Credit card (automatic),82.95,2489.75,No
C5529-1652,Male,0,Yes,No,27,Yes,No,No,No internet service,No internet service,No internet service,No internet service,No internet service,No internet service,One year,Yes,Bank transfer (automatic),30.88,817.95,No
C5530-6321,Male,0,No,No,57,Yes,Yes,No,No internet service,No internet service,No internet service,No internet service,No internet service,No internet service,Month-to-month,No,Credit card (automatic),43.65,2491.92,No
C5531-9502,Female,0,Yes,Yes,62,Yes,Yes,DSL,No,Yes,Yes,Yes,Yes,No,Month-to-month,Yes,Bank transfer (automatic),97.6,6046.0,No
C5532-5549,Male,0,Yes,Yes,25,Yes,Yes,No,No internet service,No internet service,No internet service,No internet service,No internet service,No internet service,One year,No,Bank transfer (automatic),59.73,1478.04,No
C5533-5006,Female,0,No,Yes,72,Yes,No,No,No internet service,No internet service,No internet service,No internet service,No internet service,No internet service,One year,No,Mailed check,36.76,2655.09,No
C5534-1797,Female,1,No,No,13,Yes,Yes,Fiber optic,Yes,No,Yes,No,Yes,No,Month-to-month,Yes,Electronic check,118.94,1521.06,Yes
C5535-7077,Female,0,No,No,5,Yes,No,No,No internet service,No internet service,No internet service,No internet service,No internet service,No internet service,Month-to-month,Yes,Credit card (automatic),51.05,240.82,No
C5536-1499,Male,0,No,Yes,67,Yes,No,Fiber optic,No,No,No,No,No,No,Month-to-month,Yes,Credit card (automatic),93.9,6292.66,Yes
C5537-8569,Male,0,Yes,Yes,11,Yes,No,DSL,Yes,No,No,No,Yes,No,Two year,No,Mailed check,80.36,883.23,No
C5538-8346,Male,0,Yes,No,6,Yes,No,DSL,No,No,No,No,Yes,Yes,One year,Yes,Electronic check,81.35,479.71,No
C5539-9918,Male,0,Yes,Yes,12,No,No phone service,DSL,Yes,Yes,No,Yes,Yes,Yes,Month-to-month,Yes,Credit card (automatic),81.22,959.74,No
C5540-3558,Male,0,No,No,16,Yes,Yes,Fiber optic,No,Yes,No,Yes,Yes,Yes,Month-to-month,No,Mailed check,132.87,2110.6,No
C5541-2455,Male,0,No,No,3,Yes,Yes,DSL,No,No,No,No,No,No,One year,Yes,Bank transfer (automatic),69.76,219.65,No
C5542-3695,Male,0,Yes,No,19,Yes,No,DSL,Yes,No,Yes,Yes,No,No,One year,Yes,Mailed check,84.33,1604.92,Yes
C5543-8194,Male,0,No,No,15,No,No phone service,Fiber optic,No,No,No,Yes,Yes,Yes,One year,Yes,Electronic check,85.21,1294.44,No
C5544-2969,Male,0,No,No,26,Yes,No,DSL,No,No,Yes,No,No,Yes,One year,Yes,Mailed check,88.06,2265.42,No
C5545-8985,Male,0,No,No,20,Yes,Yes,DSL,Yes,Yes,No,Yes,No,Yes,Month-to-month,No,Bank transfer (automatic),110.91,2228.81,No
C5546-2387,Female,0,Yes,Yes,50,Yes,Yes,Fiber optic,Yes,No,No,Yes,Yes,No,Month-to-month,Yes,Mailed check,117.73,5886.1,No
C5547-1439,Female,0,Yes,Yes,6,Yes,Yes,Fiber optic,No,Yes,Yes,No,Yes,No,Month-to-month,Yes,Bank transfer (automatic),119.23,710.19,Yes
C5548-2973,Male,1,No,No,13,Yes,No,Fiber optic,No,No,Yes,No,No,No,Month-to-month,Yes,Credit card (automatic),108.12,1407.71,Yes
C5549-7786,Female,0,No,No,16,Yes,Yes,Fiber optic,No,Yes,No,No,No,Yes,One year,Yes,Mailed check,115.26,1847.84,No
C5550-6419,Male,0,No,No,65,Yes,No,Fiber optic,No,No,No,No,No,No,One year,No,Electronic check,82.02,5331.8,No
C5551-4192,Male,0,No,Yes,19,Yes,No,DSL,No,Yes,No,No,Yes,No,Two year,Yes,Credit card (automatic),73.8,1382.03,No
C5552-6903,Male,0,Yes,Yes,17,Yes,No,Fiber optic,No,No,Yes,No,Yes,Yes,Month-to-month,Yes,Mailed check,111.42,1882.5,Yes
C5553-6836,Male,1,No,No,7,Yes,Yes,Fiber optic,No,No,Yes,Yes,Yes,Yes,One year,No,Bank transfer (automatic),135.61,954.35,No
C5554-5991,Female,0,Yes,Yes,17,Yes,Yes,No,No internet service,No internet service,No internet service,No internet service,No internet service,No internet service,Two year,Yes,Bank transfer (automatic),50.55,860.84,No
C5555-5625,Female,0,Yes,Yes,19,Yes,No,DSL,No,No,No,No,Yes,No,Month-to-month,Yes,Credit card (automatic),67.91,1276.44,No
C5556-1913,Male,0,Yes,Yes,28,Yes,Yes,No,No internet service,No internet service,No internet service,No internet service,No internet service,No internet service,Month-to-month,Yes,Mailed check,55.85,1578.71,No
C5557-3337,Male,0,Yes,No,11,Yes,Yes,DSL,Yes,No,No,No,Yes,Yes,Two year,No,Electronic check,90.25,993.38,Yes
C5558-5748,Female,1,Yes,No,8,Yes,Yes,Fiber optic,No,Yes,Yes,Yes,No,Yes,Month-to-month,Yes,Credit card (automatic),124.02,998.64,No
C5559-2216,Male,1,No,No,7,Yes,Yes,Fiber optic,No,Yes,No,No,Yes,No,One year,Yes,Electronic check,129.78,932.77,No
C5560-5282,Female,0,No,No,51,Yes,Yes,Fiber optic,No,Yes,Yes,No,Yes,Yes,Month-to-month,Yes,Credit card (automatic),120.39,6145.25,No
C5561-2052,Male,0,Yes,Yes,57,Yes,Yes,No,No internet service,No internet service,No internet service,No internet service,No internet service,No internet service,Month-to-month,Yes,Electronic check,47.29,2688.49,No
C5562-8084,Male,0,Yes,Yes,52,Yes,No,Fiber optic,No,No,Yes,No,No,Yes,Two year,Yes,Bank transfer (automatic),105.01,5430.46,No
C5563-1929,Male,0,Yes,No,17,Yes,No,Fiber optic,No,No,Yes,No,Yes,No,Month-to-month,Yes,Mailed check,92.62,1554.16,Yes
C5564-1832,Female,1,Yes,No,50,Yes,No,No,No internet service,No internet service,No internet service,No internet service,No internet service,No internet service,Month-to-month,Yes,Bank transfer (automatic),46.36,2295.18,No
C5565-6739,Female,0,Yes,No,45,Yes,No,DSL,Yes,Yes,Yes,Yes,No,No,Month-to-month,Yes,Electronic check,93.63,4186.78,Yes
C5566-2984,Male,1,No,No,34,Yes,No,Fiber optic,No,No,No,No,No,No,Month-to-month,No,Credit card (automatic),91.25,3101.2,No
C5567-4162,Male,0,No,No,18,Yes,Yes,Fiber optic,No,Yes,Yes,No,No,No,Month-to-month,Yes,Electronic check,110.03,1941.16,No
C5568-3828,Female,0,No,Yes,34,Yes,No,Fiber optic,No,Yes,No,No,Yes,No,One year,No,Electronic check,93.14,3163.74,No
C5569-2949,Female,0,No,Yes,7,Yes,Yes,No,No internet service,No internet service,No internet service,No internet service,No internet service,No internet service,Month-to-month,Yes,Bank transfer (automatic),52.64,367.77,No
C5570-7855,Male,0,No,No,46,Yes,No,Fiber optic,Yes,Yes,No,No,Yes,Yes,Month-to-month,No,Bank transfer (automatic),126.66,5830.28,No
C5571-7226,Female,0,Yes,Yes,2,Yes,No,DSL,Yes,No,No,Yes,Yes,No,Month-to-month,No,Credit card (automatic),77.51,163.97,No
C5572-3148,Male,0,Yes,Yes,18,Yes,No,Fiber optic,Yes,No,Yes,No,No,Yes,One year,Yes,Electronic check,110.08,1986.99,No
C5573-7180,Female,0,Yes,No,22,Yes,No,No,No internet service,No internet service,No internet service,No internet service,No internet service,No internet service,Month-to-month,No,Mailed check,46.8,1039.85,No
C5574-7420,Female,0,Yes,Yes,18,No,No phone service,DSL,No,No,Yes,Yes,Yes,No,Two year,Yes,Mailed check,64.17,1140.6,No
C5575-5851,Female,0,No,No,47,Yes,Yes,DSL,No,Yes,Yes,Yes,Yes,No,Two year,Yes,Electronic check,100.59,4717.69,No
C5576-6204,Male,1,No,No,7,Yes,Yes,DSL,No,Yes,Yes,Yes,No,No,Month-to-month,No,Bank transfer (automatic),97.13,729.98,Yes
C5577-9413,Male,0,Yes,Yes,10,Yes,Yes,DSL,No,No,Yes,No,No,No,Month-to-month,Yes,Credit card (automatic),78.06,796.04,No
C5578-5084,Female,0,Yes,No,26,No,No phone service,DSL,Yes,No,No,No,No,Yes,One year,Yes,Mailed check,62.22,1635.2,No
C5579-4468,Female,0,Yes,No,5,Yes,No,Fiber optic,No,No,Yes,No,No,No,Month-to-month,Yes,Electronic check,90.48,425.55,No
C5580-5850,Male,0,No,No,16,Yes,No,DSL,Yes,No,No,No,Yes,No,Two year,Yes,Bank transfer (automatic),81.42,1322.82,No
C5581-8521,Female,1,Yes,Yes,70,Yes,No,No,No internet service,No internet service,No internet service,No internet service,No internet service,No internet service,Two year,Yes,Mailed check,36.08,2493.3,No
C5582-7385,Male,0,No,No,46,Yes,No,DSL,No,No,Yes,No,No,Yes,One year,No,Bank transfer (automatic),80.68,3681.75,No
C5583-1676,Male,0,Yes,No,72,Yes,No,Fiber optic,No,No,No,No,Yes,Yes,Month-to-month,No,Credit card (automatic),106.28,7666.11,No
C5584-5133,Female,0,Yes,No,24,Yes,Yes,DSL,No,No,No,Yes,Yes,No,Month-to-month,No,Mailed check,81.62,1985.41,No
C5585-7657,Female,0,Yes,No,48,Yes,Yes,DSL,No,Yes,No,No,Yes,Yes,Month-to-month,No,Credit card (automatic),89.58,4278.8,Yes
C5586-3015,Male,0,No,No,51,Yes,No,DSL,No,No,Yes,No,Yes,No,Month-to-month,Yes,Mailed check,79.55,4036.78,Yes
C5587-9895,Female,0,Yes,No,5,No,No phone service,Fiber optic,No,No,Yes,No,Yes,Yes,One year,No,Bank transfer (automatic),79.55,388.38,Yes
C5588-8272,Male,0,No,No,14,Yes,Yes,Fiber optic,No,Yes,No,No,No,No,Month-to-month,Yes,Electronic check,98.96,1342.68,No
C5589-8618,Female,1,Yes,No,18,Yes,Yes,Fiber optic,No,No,No,No,Yes,No,One year,Yes,Credit card (automatic),94.97,1712.67,No
C5590-1735,Male,0,No,No,58,Yes,No,Fiber optic,No,No,No,No,Yes,No,One year,Yes,Electronic check,94.58,5494.62,No
C5591-6216,Female,0,No,No,8,Yes,No,Fiber optic,No,Yes,No,No,No,Yes,Month-to-month,No,Bank transfer (automatic),107.39,846.66,Yes
C5592-5749,Male,0,No,No,72,No,No phone service,No,No internet service,No internet service,No internet service,No internet service,No internet service,No internet service,One year,No,Mailed check,25.77,1815.7,No
C5593-6640,Male,0,Yes,Yes,16,Yes,Yes,DSL,No,No,No,Yes,No,Yes,Two year,Yes,Bank transfer (automatic),98.1,1556.45,No
C5594-8651,Female,0,Yes,Yes,38,Yes,No,DSL,No,Yes,No,No,Yes,No,Month-to-month,Yes,Bank transfer (automatic),80.56,3083.7,Yes
C5595-4179,Male,0,No,No,19,No,No phone service,Fiber optic,No,No,Yes,No,No,No,One year,Yes,Bank transfer (automatic),65.9,1265.48,Yes
C5596-5805,Male,0,No,No,2,Yes,Yes,No,No internet service,No internet service,No internet service,No internet service,No internet service,No internet service,Month-to-month,Yes,Electronic check,36.6,72.23,No
C5597-7114,Male,0,Yes,No,72,Yes,Yes,No,No internet service,No internet service,No internet service,No internet service,No internet service,No internet service,One year,No,Electronic check,49.46,3559.08,No
C5598-7777,Female,0,Yes,Yes,52,Yes,No,Fiber optic,Yes,Yes,Yes,No,Yes,Yes,Two year,Yes,Electronic check,120.25,6246.93,No
C5599-7932,Female,0,Yes,No,20,Yes,Yes,DSL,No,No,No,No,Yes,Yes,One year,No,Credit card (automatic),80.25,1619.15,Yes
C5600-4032,Female,0,Yes,Yes,34,Yes,No,Fiber optic,No,No,No,No,No,Yes,Month-to-month,No,Bank transfer (automatic),102.55,3499.31,No
C5601-9983,Male,0,Yes,Yes,14,Yes,No,DSL,No,No,No,No,Yes,Yes,Month-to-month,No,Bank transfer (automatic),91.72,1260.54,No
C5602-1086,Male,1,Yes,No,12,Yes,Yes,DSL,Yes,Yes,Yes,No,Yes,No,Two year,Yes,Electronic check,104.8,1252.7,No
C5603-5431,Female,0,Yes,Yes,52,Yes,No,DSL,No,No,No,No,Yes,Yes,One year,Yes,Credit card (automatic),86.36,4482.77,No
C5604-6478,Female,0,No,No,47,Yes,No,No,No internet service,No internet service,No internet service,No internet service,No internet service,No internet service,Month-to-month,No,Bank transfer (automatic),34.32,1632.23,No
C5605-1551,Male,0,No,No,72,Yes,No,Fiber optic,No,Yes,Yes,No,Yes,Yes,One year,Yes,Bank transfer (automatic),112.8,8139.97,No
C5606-5059,Male,0,No,No,48,Yes,Yes,DSL,No,No,Yes,Yes,Yes,No,Month-to-month,Yes,Bank transfer (automatic),69.92,3342.42,Yes
C5607-6362,Female,0,No,No,33,Yes,No,DSL,No,No,Yes,Yes,Yes,No,Two year,No,Bank transfer (automatic),94.81,3137.43,No
C5608-6467,Female,0,No,Yes,49,Yes,No,No,No internet service,No internet service,No internet service,No internet service,No internet service,No internet service,Month-to-month,Yes,Electronic check,43.9,2162.35,No
C5609-2071,Male,0,Yes,No,36,No,No phone service,Fiber optic,Yes,Yes,No,No,Yes,Yes,Month-to-month,Yes,Bank transfer (automatic),96.24,3462.86,Yes
C5610-3497,Male,0,No,Yes,39,Yes,Yes,DSL,No,Yes,No,Yes,No,Yes,Month-to-month,No,Mailed check,104.57,4078.85,No
C5611-3202,Male,0,Yes,No,45,Yes,No,No,No internet service,No internet service,No internet service,No internet service,No internet service,No internet service,Month-to-month,Yes,Electronic check,41.73,1900.77,No
C5612-6758,Male,0,Yes,No,52,Yes,Yes,Fiber optic,No,No,Yes,No,Yes,No,One year,Yes,Credit card (automatic),110.75,5750.25,Yes
C5613-3958,Female,0,No,No,23,Yes,No,Fiber optic,No,No,Yes,No,No,No,One year,No,Credit card (automatic),104.42,2422.23,No
C5614-6142,Female,0,Yes,No,2,No,No phone service,Fiber optic,No,Yes,No,No,Yes,No,Month-to-month,Yes,Credit card (automatic),78.52,175.56,No
C5615-7578,Female,1,No,Yes,24,Yes,No,Fiber optic,No,Yes,Yes,No,No,Yes,Month-to-month,No,Bank transfer (automatic),105.49,2535.78,Yes
C5616-8174,Female,0,No,No,10,Yes,Yes,DSL,No,Yes,Yes,No,Yes,Yes,One year,Yes,Electronic check,97.74,963.41,Yes
C5617-2654,Female,1,Yes,Yes,32,Yes,Yes,DSL,Yes,Yes,No,No,Yes,Yes,Two year,Yes,Credit card (automatic),91.98,2951.97,No
C5618-9130,Female,0,Yes,No,25,Yes,Yes,Fiber optic,No,Yes,No,Yes,Yes,Yes,One year,No,Electronic check,138.75,3473.58,No
C5619-2491,Female,0,No,No,18,Yes,Yes,Fiber optic,Yes,Yes,No,No,No,No,One year,No,Electronic check,102.59,1818.16,Yes
C5620-1196,Male,0,No,No,26,Yes,No,No,No internet service,No internet service,No internet service,No internet service,No internet service,No internet service,Month-to-month,No,Credit card (automatic),36.05,947.39,No
C5621-1404,Female,0,No,Yes,15,Yes,No,No,No internet service,No internet service,No internet service,No internet service,No internet service,No internet service,Two year,Yes,Electronic check,40.8,600.62,Yes
C5622-2809,Male,0,Yes,No,12,Yes,Yes,Fiber optic,No,Yes,No,Yes,No,Yes,Month-to-month,Yes,Credit card (automatic),121.45,1465.74,Yes
C5623-8858,Female,0,No,No,8,No,No phone service,Fiber optic,No,Yes,Yes,No,No,Yes,Two year,Yes,Bank transfer (automatic),94.07,775.69,No
C5624-2870,Female,0,Yes,Yes,9,Yes,Yes,Fiber optic,No,No,No,No,Yes,No,Month-to-month,Yes,Electronic check,91.03,787.88,Yes
C5625-7240,Male,0,Yes,Yes,9,Yes,No,DSL,Yes,No,Yes,No,Yes,No,Month-to-month,No,Bank transfer (automatic),75.73,663.25,Yes
C5626-4766,Male,1,No,Yes,44,Yes,Yes,Fiber optic,No,No,No,No,Yes,Yes,Month-to-month,Yes,Bank transfer (automatic),113.3,4964.39,No
C5627-1359,Male,0,Yes,Yes,31,Yes,Yes,Fiber optic,No,Yes,No,Yes,Yes,No,Two year,No,Mailed check,129.57,3999.73,No
C5628-4996,Female,1,Yes,No,25,Yes,No,Fiber optic,Yes,Yes,No,No,Yes,Yes,One year,No,Bank transfer (automatic),128.19,3206.83,No
C5629-1254,Female,0,Yes,No,37,Yes,Yes,No,No internet service,No internet service,No internet service,No internet service,No internet service,No internet service,Month-to-month,No,Mailed check,55.32,2039.34,No
C5630-5285,Female,0,No,No,9,Yes,No,DSL,No,Yes,No,No,No,No,Two year,Yes,Credit card (automatic),70.64,609.2,No
C5631-6027,Male,0,No,No,29,Yes,Yes,Fiber optic,No,Yes,Yes,No,Yes,Yes,Month-to-month,Yes,Bank transfer (automatic),120.63,3470.1,No
C5632-5691,Female,0,No,No,8,Yes,No,No,No internet service,No internet service,No internet service,No internet service,No internet service,No internet service,Two year,No,Mailed check,28.74,187.86,No
C5633-3542,Female,0,Yes,No,6,Yes,Yes,Fiber optic,Yes,Yes,No,Yes,Yes,Yes,Two year,Yes,Credit card (automatic),135.45,822.79,No
C5634-7898,Female,0,Yes,No,15,Yes,No,DSL,No,No,No,No,No,No,One year,Yes,Electronic check,72.07,1068.55,No
C5635-6369,Male,0,No,No,72,No,No phone service,Fiber optic,Yes,Yes,Yes,Yes,No,No,Month-to-month,Yes,Electronic check,98.17,7046.02,No
C5636-3292,Male,0,Yes,No,43,Yes,No,No,No internet service,No internet service,No internet service,No internet service,No internet service,No internet service,Two year,Yes,Mailed check,46.91,2003.94,No
C5637-4911,Male,1,Yes,No,3,Yes,Yes,DSL,Yes,No,No,No,No,Yes,Month-to-month,Yes,Credit card (automatic),92.7,277.23,No
C5638-1976,Male,0,Yes,No,1,No,No phone service,Fiber optic,No,No,Yes,No,Yes,Yes,Month-to-month,No,Credit card (automatic),92.72,82.16,Yes
C5639-9308,Male,0,No,No,12,No,No phone service,Fiber optic,Yes,No,No,Yes,No,No,One year,Yes,Bank transfer (automatic),82.02,998.41,No
C5640-7776,Male,0,No,No,17,Yes,No,DSL,No,No,Yes,Yes,Yes,Yes,Month-to-month,No,Electronic check,79.89,1363.19,No
C5641-3589,Female,0,Yes,No,7,No,No phone service,Fiber optic,Yes,Yes,No,No,No,No,Month-to-month,Yes,Credit card (automatic),82.19,569.54,Yes
C5642-7073,Male,0,Yes,Yes,58,Yes,Yes,Fiber optic,Yes,No,No,Yes,No,Yes,One year,Yes,Electronic check,106.49,6156.08,No
C5643-7111,Female,0,No,No,31,Yes,Yes,Fiber optic,No,Yes,Yes,No,Yes,Yes,One year,Yes,Credit card (automatic),124.03,3862.56,No
C5644-6486,Female,0,No,No,37,Yes,Yes,Fiber optic,No,No,Yes,Yes,No,Yes,Month-to-month,No,Electronic check,95.98,3562.4,No
C5645-1486,Female,0,Yes,Yes,15,Yes,No,DSL,No,No,No,No,No,No,One year,No,Electronic check,63.14,911.75,No
C5646-8905,Female,0,Yes,Yes,34,Yes,No,DSL,No,Yes,Yes,Yes,Yes,Yes,Two year,No,Electronic check,104.66,3572.5,No
C5647-9601,Male,0,No,No,21,Yes,No,Fiber optic,No,No,Yes,No,Yes,No,Month-to-month,Yes,Credit card (automatic),89.49,1887.92,No
C5648-9766,Male,0,No,No,8,Yes,Yes,DSL,No,Yes,No,Yes,Yes,No,Month-to-month,No,Bank transfer (automatic),98.34,794.02,No
C5649-9825,Male,1,No,No,38,Yes,No,Fiber optic,Yes,No,Yes,No,No,Yes,Month-to-month,No,Credit card (automatic),102.22,3895.88,No
C5650-9358,Male,0,No,No,31,Yes,No,Fiber optic,No,No,Yes,Yes,No,Yes,Two year,No,Electronic check,111.54,3461.83,Yes
C5651-7650,Female,0,No,No,7,Yes,Yes,DSL,No,No,No,No,No,Yes,Month-to-month,No,Mailed check,78.54,574.75,No
C5652-1511,Male,0,Yes,Yes,62,Yes,Yes,No,No internet service,No internet service,No internet service,No internet service,No internet service,No internet service,Month-to-month,No,Credit card (automatic),44.45,2751.66,No
C5653-5186,Male,0,Yes,Yes,53,No,No phone service,Fiber optic,No,No,Yes,No,Yes,No,Two year,No,Mailed check,91.84,4815.6,No
C5654-3206,Female,0,Yes,No,1,Yes,No,No,No internet service,No internet service,No internet service,No internet service,No internet service,No internet service,Month-to-month,No,Mailed check,43.64,51.43,No
C5655-2979,Male,0,No,No,42,Yes,No,DSL,No,No,No,Yes,No,No,Month-to-month,No,Credit card (automatic),57.05,2412.24,No
C5656-8474,Male,0,Yes,No,15,Yes,Yes,No,No internet service,No internet service,No internet service,No internet service,No internet service,No internet service,Two year,Yes,Mailed check,39.27,588.73,No
C5657-8311,Male,0,Yes,Yes,37,Yes,Yes,Fiber optic,No,No,No,No,No,Yes,Month-to-month,No,Electronic check,98.85,3646.7,Yes
C5658-5698,Male,0,Yes,Yes,72,Yes,Yes,No,No internet service,No internet service,No internet service,No internet service,No internet service,No internet service,Month-to-month,No,Electronic check,56.82,4107.92,No
C5659-7626,Male,0,No,No,28,Yes,Yes,Fiber optic,No,Yes,No,No,Yes,No,Month-to-month,Yes,Electronic check,106.6,2988.72,No
C5660-2164,Male,0,No,No,45,Yes,Yes,No,No internet service,No internet service,No internet service,No internet service,No internet service,No internet service,One year,Yes,Credit card (automatic),37.24,1641.58,No
C5661-2997,Female,0,Yes,No,17,Yes,No,Fiber optic,No,No,No,No,Yes,No,Month-to-month,Yes,Electronic check,92.26,1562.17,Yes
C5662-8743,Male,0,Yes,No,10,Yes,No,Fiber optic,No,Yes,No,Yes,No,Yes,Two year,No,Credit card (automatic),104.65,1024.83,No
C5663-5060,Female,0,No,No,39,Yes,No,DSL,No,Yes,Yes,No,Yes,Yes,One year,No,Mailed check,88.4,3448.38,Yes
C5664-5919,Female,0,Yes,Yes,41,Yes,Yes,Fiber optic,No,Yes,Yes,No,No,No,Month-to-month,No,Electronic check,110.36,4508.68,Yes
C5665-5164,Male,0,No,No,24,Yes,Yes,Fiber optic,No,Yes,No,No,Yes,No,Two year,Yes,Mailed check,115.9,2808.73,No
C5666-2819,Female,0,Yes,No,72,Yes,No,No,No internet service,No internet service,No internet service,No internet service,No internet service,No internet service,One year,No,Electronic check,42.55,3029.8,No
C5667-8436,Male,0,No,No,35,Yes,No,Fiber optic,Yes,Yes,No,No,No,No,Month-to-month,Yes,Mailed check,114.4,4041.11,No
C5668-7823,Female,0,Yes,Yes,11,Yes,Yes,Fiber optic,No,Yes,Yes,Yes,No,Yes,Month-to-month,Yes,Credit card (automatic),127.7,1444.28,Yes
C5669-7153,Female,0,No,No,52,Yes,No,No,No internet service,No internet service,No internet service,No internet service,No internet service,No internet service,Month-to-month,No,Bank transfer (automatic),42.57,2201.36,No
C5670-4178,Female,0,Yes,No,43,Yes,No,No,No internet service,No internet service,No internet service,No internet service,No internet service,No internet service,Month-to-month,No,Credit card (automatic),39.75,1697.23,No
C5671-6787,Female,0,Yes,No,35,Yes,No,No,No internet service,No internet service,No internet service,No internet service,No internet service,No internet service,Two year,Yes,Mailed check,33.13,1170.96,No
C5672-9578,Male,0,No,No,15,Yes,Yes,DSL,No,No,No,No,Yes,Yes,Month-to-month,Yes,Bank transfer (automatic),82.78,1263.17,No
C5673-6847,Female,0,No,No,42,Yes,Yes,No,No internet service,No internet service,No internet service,No internet service,No internet service,No internet service,Month-to-month,No,Electronic check,37.56,1561.95,No
C5674-5447,Male,0,No,No,9,Yes,No,Fiber optic,No,No,No,No,No,No,One year,Yes,Electronic check,73.92,656.51,No
C5675-3433,Male,0,No,No,72,Yes,Yes,No,No internet service,No internet service,No internet service,No internet service,No internet service,No internet service,Two year,No,Electronic check,50.44,3658.05,Yes
C5676-5704,Female,0,No,No,20,Yes,Yes,Fiber optic,No,No,No,No,Yes,No,Month-to-month,Yes,Credit card (automatic),105.13,2113.8,No
C5677-4345,Male,0,No,No,26,Yes,No,Fiber optic,No,Yes,No,Yes,Yes,Yes,Month-to-month,Yes,Bank transfer (automatic),106.48,2765.52,No
C5678-6500,Female,0,Yes,Yes,25,Yes,No,DSL,No,No,Yes,No,Yes,No,Two year,No,Bank transfer (automatic),81.49,2033.04,No
C5679-1410,Female,0,No,No,72,Yes,No,DSL,No,Yes,Yes,No,Yes,No,Two year,Yes,Electronic check,88.26,6384.56,No
C5680-2711,Male,1,Yes,No,16,Yes,No,Fiber optic,No,Yes,No,No,No,Yes,One year,Yes,Electronic check,107.5,1715.21,No
C5681-8081,Male,0,Yes,No,21,Yes,Yes,DSL,No,Yes,No,Yes,No,No,One year,Yes,Mailed check,83.92,1747.83,Yes
C5682-4426,Male,0,No,No,23,Yes,No,Fiber optic,Yes,No,No,Yes,Yes,Yes,Month-to-month,Yes,Credit card (automatic),110.37,2542.92,No
C5683-4896,Female,1,Yes,Yes,7,No,No phone service,DSL,No,Yes,No,No,Yes,No,Two year,Yes,Credit card (automatic),53.82,388.26,No
C5684-5894,Female,0,Yes,Yes,36,Yes,No,DSL,Yes,Yes,Yes,Yes,Yes,No,One year,Yes,Electronic check,106.37,3812.19,No
C5685-4943,Male,0,Yes,No,29,Yes,No,DSL,No,Yes,No,Yes,No,Yes,One year,Yes,Electronic check,93.02,2700.69,No
C5686-7826,Male,0,No,No,16,Yes,No,DSL,Yes,Yes,Yes,No,Yes,No,Two year,No,Mailed check,86.19,1378.15,No
C5687-3207,Male,1,No,No,38,Yes,No,DSL,No,No,Yes,No,Yes,No,Two year,Yes,Bank transfer (automatic),79.16,3015.41,No
C5688-7825,Female,0,Yes,Yes,34,Yes,No,Fiber optic,No,No,Yes,Yes,No,Yes,Month-to-month,No,Electronic check,105.99,3623.89,No
C5689-2884,Male,0,Yes,Yes,10,Yes,Yes,Fiber optic,No,No,Yes,No,Yes,Yes,Month-to-month,Yes,Electronic check,112.51,1129.93,Yes
C5690-4334,Female,1,Yes,No,37,Yes,Yes,DSL,No,No,Yes,No,No,Yes,Month-to-month,Yes,Mailed check,90.23,3352.9,Yes
C5691-6289,Female,0,Yes,Yes,4,Yes,No,DSL,Yes,Yes,Yes,Yes,No,No,One year,No,Credit card (automatic),94.15,364.26,No
C5692-8972,Female,1,Yes,No,27,Yes,Yes,No,No internet service,No internet service,No internet service,No internet service,No internet service,No internet service,Month-to-month,No,Electronic check,26.87,727.36,Yes
C5693-3092,Female,0,Yes,Yes,12,Yes,Yes,DSL,Yes,No,Yes,No,No,No,One year,No,Mailed check,88.7,1046.98,No
C5694-6285,Male,1,No,No,70,Yes,No,Fiber optic,No,No,Yes,No,Yes,Yes,Month-to-month,No,Electronic check,120.67,8427.48,No
C5695-1577,Female,0,No,No,54,Yes,No,Fiber optic,No,No,No,No,Yes,No,Month-to-month,No,Bank transfer (automatic),95.18,5152.98,No
C5696-1678,Male,0,Yes,Yes,71,Yes,Yes,DSL,No,Yes,No,No,No,No,Month-to-month,No,Mailed check,91.28,6479.41,No
C5697-7906,Female,1,Yes,No,13,Yes,No,No,No internet service,No internet service,No internet service,No internet service,No internet service,No internet service,Two year,Yes,Mailed check,40.38,534.57,No
C5698-7469,Male,0,Yes,No,10,Yes,No,Fiber optic,Yes,Yes,No,No,No,No,Month-to-month,No,Mailed check,117.87,1174.55,Yes
C5699-4387,Female,0,Yes,Yes,23,Yes,No,No,No internet service,No internet service,No internet service,No internet service,No internet service,No internet service,Two year,Yes,Electronic check,54.0,1226.34,No
C5700-6606,Female,0,Yes,No,14,Yes,Yes,DSL,Yes,Yes,Yes,No,Yes,Yes,Month-to-month,No,Bank transfer (automatic),123.99,1774.45,No
C5701-4421,Female,1,No,Yes,12,Yes,No,Fiber optic,No,Yes,No,No,Yes,No,Month-to-month,Yes,Bank transfer (automatic),107.46,1273.63,No
C5702-3494,Male,0,No,No,58,Yes,Yes,Fiber optic,No,No,No,No,No,No,Month-to-month,No,Electronic check,97.93,5674.15,No
C5703-4881,Female,1,Yes,Yes,57,Yes,No,DSL,No,No,Yes,No,Yes,Yes,Month-to-month,Yes,Electronic check,76.07,4372.9,No
C5704-3806,Male,0,Yes,Yes,46,Yes,No,No,No internet service,No internet service,No internet service,No internet service,No internet service,No internet service,One year,Yes,Bank transfer (automatic),27.11,1243.48,No
C5705-8334,Male,0,No,Yes,34,Yes,Yes,No,No internet service,No internet service,No internet service,No internet service,No internet service,No internet service,Month-to-month,No,Bank transfer (automatic),57.16,1938.35,No
C5706-4704,Female,0,No,No,20,Yes,Yes,Fiber optic,No,Yes,Yes,Yes,No,No,Month-to-month,No,Electronic check,110.2,2198.8,Yes
C5707-3887,Male,1,Yes,Yes,43,Yes,Yes,No,No internet service,No internet service,No internet service,No internet service,No internet service,No internet service,Month-to-month,No,Bank transfer (automatic),58.27,2474.31,Yes
C5708-5824,Female,0,No,No,41,Yes,Yes,DSL,No,No,Yes,No,Yes,No,Two year,Yes,Bank transfer (automatic),81.07,3309.73,No
C5709-7821,Female,0,Yes,Yes,31,Yes,No,Fiber optic,No,Yes,Yes,No,No,Yes,Month-to-month,Yes,Bank transfer (automatic),92.48,2879.8,No
C5710-3462,Female,0,No,No,58,Yes,No,DSL,No,No,Yes,No,No,Yes,One year,No,Electronic check,72.14,4172.67,No
C5711-9454,Male,1,Yes,Yes,30,Yes,No,No,No internet service,No internet service,No internet service,No internet service,No internet service,No internet service,Two year,No,Electronic check,26.71,764.87,No
C5712-5171,Male,0,No,No,3,Yes,No,Fiber optic,No,No,Yes,Yes,No,No,Two year,Yes,Mailed check,113.63,317.11,No
C5713-6947,Female,0,Yes,No,19,Yes,Yes,No,No internet service,No internet service,No internet service,No internet service,No internet service,No internet service,One year,Yes,Mailed check,43.82,841.2,No
C5714-9614,Female,0,No,No,13,Yes,No,DSL,No,Yes,No,No,No,Yes,One year,Yes,Mailed check,76.57,992.64,No
C5715-4884,Male,0,No,No,10,Yes,Yes,DSL,Yes,Yes,No,No,No,No,One year,Yes,Bank transfer (automatic),82.79,864.88,No
C5716-2798,Female,0,No,No,10,Yes,Yes,Fiber optic,No,No,No,Yes,No,Yes,One year,No,Electronic check,109.82,1074.01,No
C5717-7729,Male,0,No,Yes,17,Yes,No,Fiber optic,No,No,Yes,No,No,Yes,Two year,Yes,Electronic check,104.29,1773.01,No
C5718-1059,Male,0,Yes,No,14,No,No phone service,DSL,No,Yes,Yes,No,Yes,Yes,Month-to-month,Yes,Bank transfer (automatic),68.49,949.34,No
C5719-5120,Female,0,No,No,36,Yes,No,Fiber optic,No,Yes,No,No,No,No,One year,Yes,Bank transfer (automatic),81.99,2947.53,No
C5720-9818,Male,0,Yes,Yes,12,Yes,No,DSL,No,No,No,No,Yes,No,Two year,Yes,Electronic check,59.41,686.63,No
C5721-4729,Female,0,No,No,37,Yes,No,Fiber optic,No,Yes,Yes,No,Yes,No,Month-to-month,Yes,Bank transfer (automatic),101.41,3737.02,No
C5722-7156,Male,0,Yes,Yes,49,Yes,Yes,No,No internet service,No internet service,No internet service,No internet service,No internet service,No internet service,One year,Yes,Mailed check,34.07,1688.64,No
C5723-5727,Female,0,Yes,Yes,36,Yes,Yes,Fiber optic,Yes,Yes,Yes,No,No,No,Month-to-month,Yes,Bank transfer (automatic),127.34,4579.77,Yes
C5724-2931,Male,0,Yes,No,27,Yes,Yes,Fiber optic,Yes,No,No,Yes,Yes,No,Month-to-month,No,Electronic check,113.3,3078.33,Yes
C5725-3859,Male,0,No,No,39,Yes,No,DSL,No,No,Yes,No,No,Yes,One year,Yes,Bank transfer (automatic),65.13,2533.73,Yes
C5726-5711,Female,0,No,Yes,10,Yes,No,DSL,No,Yes,No,No,No,No,Month-to-month,Yes,Mailed check,75.33,761.16,Yes
C5727-1938,Female,0,Yes,Yes,4,Yes,No,DSL,No,Yes,Yes,No,No,Yes,Month-to-month,No,Credit card (automatic),79.94,311.02,Yes
C5728-4733,Male,0,No,No,41,Yes,Yes,No,No internet service,No internet service,No internet service,No internet service,No internet service,No internet service,Two year,No,Mailed check,53.96,2208.58,No
C5729-4733,Male,0,Yes,No,30,Yes,Yes,DSL,No,No,No,No,Yes,Yes,Month-to-month,Yes,Bank transfer (automatic),81.46,2426.84,No
C5730-8513,Female,0,Yes,No,72,Yes,Yes,No,No internet service,No internet service,No internet service,No internet service,No internet service,No internet service,Month-to-month,No,Bank transfer (automatic),42.7,3076.18,No
C5731-2114,Female,0,Yes,No,50,Yes,No,Fiber optic,Yes,No,Yes,Yes,Yes,No,Month-to-month,No,Credit card (automatic),133.95,6727.42,No
C5732-8583,Female,0,No,Yes,19,Yes,No,No,No internet service,No internet service,No internet service,No internet service,No internet service,No internet service,Two year,Yes,Mailed check,38.78,739.48,No
C5733-4693,Male,0,No,No,21,Yes,Yes,DSL,No,Yes,No,Yes,Yes,No,Month-to-month,No,Bank transfer (automatic),94.14,2004.08,Yes
C5734-6861,Male,0,No,No,28,Yes,Yes,No,No internet service,No internet service,No internet service,No internet service,No internet service,No internet service,Two year,No,Credit card (automatic),47.0,1326.91,No
C5735-6011,Female,0,Yes,No,22,Yes,No,No,No internet service,No internet service,No internet service,No internet service,No internet service,No internet service,Month-to-month,Yes,Electronic check,32.9,725.74,No
C5736-3697,Female,0,Yes,No,27,Yes,No,Fiber optic,Yes,Yes,Yes,Yes,No,Yes,Month-to-month,No,Mailed check,139.72,3754.17,Yes
C5737-9375,Female,0,No,No,15,Yes,Yes,No,No internet service,No internet service,No internet service,No internet service,No internet service,No internet service,Month-to-month,No,Credit card (automatic),38.88,575.06,No
C5738-3019,Female,0,Yes,No,44,Yes,No,DSL,Yes,No,Yes,No,Yes,Yes,Month-to-month,Yes,Bank transfer (automatic),103.08,4550.32,No
C5739-1325,Male,0,No,No,35,Yes,Yes,DSL,No,No,No,Yes,Yes,No,Two year,Yes,Credit card (automatic),84.11,2921.36,No
C5740-7750,Male,0,No,No,23,Yes,Yes,No,No internet service,No internet service,No internet service,No internet service,No internet service,No internet service,One year,Yes,Bank transfer (automatic),42.36,968.81,No
C5741-6592,Male,0,Yes,Yes,9,No,No phone service,DSL,Yes,No,No,No,No,Yes,Month-to-month,No,Bank transfer (automatic),54.13,498.6,No
C5742-9013,Female,0,Yes,No,23,Yes,No,DSL,Yes,Yes,No,No,Yes,No,Month-to-month,Yes,Electronic check,69.73,1607.05,Yes
C5743-5119,Female,0,No,No,31,Yes,Yes,Fiber optic,No,No,No,No,Yes,Yes,Month-to-month,No,Mailed check,106.73,3358.02,No
C5744-1151,Female,0,No,No,22,Yes,No,No,No internet service,No internet service,No internet service,No internet service,No internet service,No internet service,One year,No,Electronic check,44.59,991.01,No
C5745-1182,Female,0,No,No,18,Yes,Yes,No,No internet service,No internet service,No internet service,No internet service,No internet service,No internet service,One year,Yes,Bank transfer (automatic),45.64,821.85,No
C5746-4898,Male,0,No,No,2,Yes,Yes,DSL,No,No,No,No,No,Yes,Month-to-month,Yes,Mailed check,70.8,132.41,No
C5747-3245,Female,0,Yes,No,72,Yes,No,Fiber optic,Yes,Yes,No,No,No,No,Two year,Yes,Bank transfer (automatic),106.9,7687.41,Yes
C5748-9298,Male,0,No,Yes,12,Yes,No,Fiber optic,Yes,No,No,Yes,No,No,One year,Yes,Electronic check,101.1,1205.37,No
C5749-2066,Female,0,No,No,33,Yes,Yes,No,No internet service,No internet service,No internet service,No internet service,No internet service,No internet service,Month-to-month,No,Mailed check,43.78,1451.17,Yes
C5750-8926,Male,0,No,No,10,Yes,No,DSL,Yes,Yes,No,No,No,Yes,Month-to-month,Yes,Mailed check,73.22,779.34,No
C5751-2950,Female,0,Yes,Yes,30,No,No phone service,DSL,No,Yes,No,No,Yes,No,Two year,Yes,Electronic check,53.92,1614.04,No
C5752-2074,Female,0,No,No,33,No,No phone service,Fiber optic,Yes,No,No,No,No,Yes,Month-to-month,Yes,Bank transfer (automatic),81.0,2673.83,Yes
C5753-3470,Female,1,Yes,No,19,No,No phone service,DSL,No,No,No,No,No,No,Month-to-month,Yes,Credit card (automatic),43.86,828.92,No
C5754-2297,Male,0,Yes,No,22,Yes,Yes,Fiber optic,Yes,No,No,No,Yes,No,One year,No,Mailed check,116.76,2562.84,No
C5755-4611,Male,0,No,No,14,Yes,Yes,Fiber optic,No,Yes,No,No,Yes,Yes,Month-to-month,No,Credit card (automatic),101.45,1393.7,No
C5756-3973,Male,0,No,No,72,Yes,No,Fiber optic,Yes,No,Yes,Yes,No,No,Month-to-month,Yes,Bank transfer (automatic),101.86,7321.21,Yes
C5757-5760,Male,1,No,No,46,Yes,Yes,Fiber optic,No,No,Yes,No,Yes,Yes,Two year,No,Bank transfer (automatic),114.26,5246.03,No
C5758-5833,Female,0,No,No,27,No,No phone service,No,No internet service,No internet service,No internet service,No internet service,No internet service,No internet service,Month-to-month,No,Electronic check,21.5,607.56,No
C5759-1008,Female,0,Yes,Yes,15,Yes,Yes,Fiber optic,No,No,No,No,No,Yes,One year,No,Electronic check,103.44,1529.75,Yes
C5760-2123,Female,0,No,No,43,Yes,Yes,No,No internet service,No internet service,No internet service,No internet service,No internet service,No internet service,Month-to-month,Yes,Credit card (automatic),44.32,1907.04,No
C5761-2456,Female,0,No,Yes,43,No,No phone service,Fiber optic,Yes,Yes,No,No,No,Yes,One year,Yes,Bank transfer (automatic),97.0,4182.27,No
C5762-2752,Female,0,No,No,10,Yes,Yes,Fiber optic,No,Yes,Yes,No,Yes,Yes,One year,No,Credit card (automatic),153.68,1540.27,No
C5763-1842,Female,1,No,Yes,5,Yes,Yes,Fiber optic,No,Yes,No,No,No,No,Month-to-month,No,Mailed check,101.39,488.14,No
C5764-3831,Male,1,No,No,15,Yes,No,Fiber optic,No,No,No,No,Yes,Yes,Two year,Yes,Mailed check,113.59,1701.62,No
C5765-5946,Female,1,No,No,15,Yes,Yes,DSL,No,Yes,No,Yes,No,Yes,One year,No,Bank transfer (automatic),108.35,1578.55,No
C5766-3779,Female,0,Yes,No,6,Yes,Yes,Fiber optic,No,Yes,No,No,Yes,Yes,Two year,No,Electronic check,112.1,690.12,No
C5767-3961,Female,0,No,No,11,Yes,No,No,No internet service,No internet service,No internet service,No internet service,No internet service,No internet service,Month-to-month,No,Credit card (automatic),39.4,440.88,No
C5768-5225,Male,0,Yes,Yes,9,Yes,No,Fiber optic,Yes,Yes,No,Yes,No,Yes,One year,No,Credit card (automatic),100.38,884.56,No
C5769-5935,Male,0,Yes,No,59,Yes,No,Fiber optic,Yes,Yes,No,No,Yes,No,Two year,No,Credit card (automatic),106.29,6288.74,No
C5770-3978,Male,0,No,No,31,Yes,No,Fiber optic,No,No,No,No,Yes,No,One year,No,Credit card (automatic),99.99,3095.94,No
C5771-2996,Female,0,No,No,34,Yes,Yes,Fiber optic,No,No,No,No,No,Yes,Two year,No,Mailed check,100.25,3414.17,No
C5772-4684,Female,0,No,No,45,Yes,No,Fiber optic,No,Yes,Yes,Yes,Yes,No,Month-to-month,No,Electronic check,117.27,5277.52,Yes
C5773-1218,Female,1,Yes,Yes,10,Yes,Yes,DSL,No,No,Yes,Yes,Yes,Yes,One year,Yes,Bank transfer (automatic),104.98,1042.81,Yes
C5774-5432,Male,1,Yes,Yes,35,Yes,No,DSL,Yes,Yes,Yes,No,Yes,No,One year,Yes,Bank transfer (automatic),95.28,3322.99,Yes
C5775-9471,Female,0,No,No,18,Yes,No,No,No internet service,No internet service,No internet service,No internet service,No internet service,No internet service,Month-to-month,Yes,Bank transfer (automatic),40.02,741.71,No
C5776-4581,Female,0,No,No,59,Yes,No,DSL,Yes,Yes,No,Yes,Yes,No,One year,Yes,Bank transfer (automatic),95.2,5614.63,No
C5777-1974,Female,0,No,No,53,Yes,No,Fiber optic,Yes,No,Yes,No,Yes,No,Month-to-month,No,Bank transfer (automatic),111.95,5922.9,No
C5778-7363,Female,0,No,Yes,67,Yes,No,Fiber optic,No,Yes,No,No,No,No,Two year,Yes,Electronic check,96.43,6455.75,No
C5779-2141,Female,0,No,No,11,Yes,Yes,DSL,No,No,No,No,Yes,Yes,One year,No,Bank transfer (automatic),81.53,902.25,No
C5780-2742,Male,0,No,No,22,Yes,Yes,DSL,No,Yes,Yes,No,No,No,Two year,Yes,Credit card (automatic),77.72,1712.8,No
C5781-2318,Male,0,Yes,No,14,Yes,No,No,No internet service,No internet service,No internet service,No internet service,No internet service,No internet service,One year,Yes,Bank transfer (automatic),38.17,549.76,No
C5782-8952,Female,0,No,Yes,13,Yes,No,Fiber optic,No,Yes,Yes,No,No,Yes,Two year,No,Electronic check,103.79,1356.24,Yes
C5783-9830,Female,1,No,No,15,No,No phone service,DSL,No,No,No,Yes,No,No,Month-to-month,Yes,Bank transfer (automatic),63.4,953.91,No
C5784-6126,Male,0,Yes,Yes,41,Yes,Yes,DSL,No,No,No,Yes,No,No,One year,No,Electronic check,66.61,2737.7,No
C5785-6558,Male,0,No,No,14,Yes,No,DSL,No,Yes,No,No,No,Yes,Month-to-month,Yes,Mailed check,75.0,1061.4,No
C5786-6808,Male,0,No,No,11,Yes,No,Fiber optic,No,Yes,No,No,No,Yes,One year,No,Credit card (automatic),107.73,1160.45,No
C5787-6491,Male,0,Yes,Yes,13,Yes,Yes,No,No internet service,No internet service,No internet service,No internet service,No internet service,No internet service,Month-to-month,Yes,Credit card (automatic),35.01,448.94,Yes
C5788-5896,Female,0,Yes,Yes,6,Yes,No,DSL,No,Yes,Yes,No,No,No,One year,Yes,Bank transfer (automatic),72.98,414.51,No
C5789-9879,Female,0,No,No,14,Yes,Yes,Fiber optic,Yes,Yes,No,No,Yes,No,Month-to-month,No,Electronic check,114.11,1583.79,No
C5790-7597,Female,0,No,No,54,Yes,Yes,Fiber optic,Yes,Yes,Yes,No,No,No,Two year,Yes,Electronic check,131.22,7082.75,No
C5791-1795,Female,0,No,No,72,Yes,No,DSL,Yes,No,Yes,Yes,Yes,No,Two year,Yes,Electronic check,89.44,6435.77,No
C5792-4527,Female,0,Yes,No,18,Yes,Yes,Fiber optic,Yes,Yes,No,No,Yes,No,One year,Yes,Mailed check,120.56,2162.83,No
C5793-9769,Female,1,No,No,56,Yes,No,Fiber optic,No,Yes,No,Yes,No,No,Month-to-month,No,Mailed check,100.47,5618.33,No
C5794-4632,Male,0,Yes,No,72,Yes,Yes,Fiber optic,No,No,Yes,No,No,No,One year,No,Electronic check,99.55,7146.45,No
C5795-2835,Male,0,Yes,Yes,52,Yes,No,No,No internet service,No internet service,No internet service,No internet service,No internet service,No internet service,One year,No,Electronic check,48.54,2508.24,No
C5796-8815,Male,1,Yes,No,4,No,No phone service,Fiber optic,No,No,Yes,No,No,Yes,Month-to-month,No,Credit card (automatic),73.24,258.85,Yes
C5797-6607,Female,0,No,No,18,Yes,No,DSL,No,No,Yes,No,Yes,No,One year,No,Bank transfer (automatic),79.48,1419.17,No
C5798-6062,Female,0,Yes,Yes,64,Yes,Yes,Fiber optic,Yes,No,Yes,No,No,No,Two year,Yes,Electronic check,111.32,7120.42,No
C5799-4780,Male,1,Yes,No,42,Yes,No,DSL,No,No,Yes,No,Yes,No,Month-to-month,Yes,Mailed check,89.18,3741.55,Yes
C5800-2119,Male,0,Yes,No,49,Yes,No,DSL,No,No,No,No,No,Yes,Month-to-month,No,Credit card (automatic),70.31,3458.27,No
C5801-4455,Male,0,No,No,25,Yes,No,Fiber optic,Yes,No,No,No,No,No,Two year,No,Credit card (automatic),83.46,2101.86,No
C5802-4936,Male,0,Yes,No,32,Yes,Yes,DSL,No,Yes,No,No,Yes,No,Month-to-month,No,Electronic check,76.83,2452.47,No
C5803-9380,Female,0,Yes,No,20,Yes,No,Fiber optic,Yes,No,No,Yes,Yes,Yes,Two year,Yes,Credit card (automatic),108.25,2157.07,No
C5804-3765,Male,0,No,No,56,Yes,No,DSL,No,No,Yes,Yes,Yes,No,One year,No,Mailed check,92.82,5224.33,No
C5805-2342,Female,0,No,No,20,Yes,Yes,No,No internet service,No internet service,No internet service,No internet service,No internet service,No internet service,Month-to-month,No,Bank transfer (automatic),42.82,854.88,No
C5806-4847,Female,0,No,No,28,Yes,No,DSL,No,Yes,No,No,Yes,Yes,Two year,Yes,Electronic check,90.56,2528.75,No
C5807-9972,Male,0,Yes,No,15,Yes,Yes,Fiber optic,No,No,Yes,No,No,Yes,Month-to-month,No,Bank transfer (automatic),123.71,1859.41,No
C5808-5339,Female,1,No,Yes,12,Yes,No,Fiber optic,No,No,No,No,No,No,Month-to-month,No,Mailed check,93.94,1143.51,No
C5809-4411,Female,0,No,No,59,Yes,No,No,No internet service,No internet service,No internet service,No internet service,No internet service,No internet service,Month-to-month,Yes,Mailed check,44.87,2657.09,No
C5810-7001,Female,0,No,No,55,No,No phone service,Fiber optic,No,Yes,No,Yes,No,No,Two year,No,Credit card (automatic),84.34,4645.66,No
C5811-6838,Female,1,No,No,13,Yes,No,No,No internet service,No internet service,No internet service,No internet service,No internet service,No internet service,Month-to-month,Yes,Bank transfer (automatic),30.36,393.23,No
C5812-3693,Female,0,Yes,Yes,33,Yes,No,Fiber optic,No,No,No,No,Yes,No,Month-to-month,Yes,Electronic check,111.33,3666.68,No
C5813-9710,Female,0,Yes,Yes,54,Yes,No,DSL,No,Yes,No,No,No,No,Month-to-month,Yes,Credit card (automatic),66.79,3647.99,No
C5814-6335,Female,0,Yes,Yes,72,Yes,Yes,Fiber optic,No,No,Yes,No,Yes,Yes,One year,Yes,Electronic check,124.39,8916.11,No
C5815-1518,Male,0,Yes,No,35,Yes,Yes,Fiber optic,No,Yes,No,No,Yes,No,Month-to-month,No,Mailed check,117.71,4113.5,No
C5816-4667,Female,0,No,No,53,No,No phone service,DSL,No,Yes,No,No,No,Yes,Month-to-month,No,Electronic check,48.38,2566.61,No
C5817-9304,Male,0,Yes,Yes,52,Yes,Yes,DSL,Yes,No,No,No,No,No,Month-to-month,No,Bank transfer (automatic),68.06,3530.48,Yes
C5818-4539,Female,1,No,No,47,Yes,Yes,DSL,No,No,Yes,No,No,Yes,One year,Yes,Credit card (automatic),91.38,4277.64,No
C5819-6109,Male,0,No,No,4,Yes,No,Fiber optic,No,Yes,Yes,No,No,Yes,Month-to-month,Yes,Bank transfer (automatic),101.04,391.76,Yes
C5820-6513,Female,0,No,No,32,Yes,No,DSL,Yes,No,No,Yes,Yes,No,One year,No,Mailed check,97.25,3101.35,No
C5821-7338,Female,0,Yes,No,20,Yes,Yes,Fiber optic,No,Yes,No,No,No,Yes,One year,Yes,Credit card (automatic),105.42,2120.22,No
C5822-8849,Female,1,No,No,11,Yes,No,Fiber optic,Yes,No,No,No,Yes,Yes,Two year,No,Credit card (automatic),118.2,1297.99,No
C5823-2342,Male,0,Yes,No,10,Yes,No,No,No internet service,No internet service,No internet service,No internet service,No internet service,No internet service,One year,Yes,Credit card (automatic),46.72,460.26,No
C5824-5650,Male,0,Yes,Yes,15,No,No phone service,No,No internet service,No internet service,No internet service,No internet service,No internet service,No internet service,One year,Yes,Electronic check,20.39,310.99,No
C5825-5799,Male,0,Yes,Yes,63,Yes,No,DSL,No,Yes,Yes,No,Yes,No,Month-to-month,Yes,Bank transfer (automatic),85.41,5350.68,Yes
C5826-2371,Male,0,Yes,No,10,Yes,No,DSL,No,No,Yes,No,Yes,No,Two year,Yes,Electronic check,83.14,823.06,No
C5827-7060,Male,1,No,No,47,Yes,Yes,DSL,No,No,No,No,No,Yes,Two year,No,Electronic check,78.67,3682.49,Yes
C5828-2063,Female,0,Yes,No,72,Yes,No,No,No internet service,No internet service,No internet service,No internet service,No internet service,No internet service,One year,No,Electronic check,35.77,2569.12,No
C5829-5105,Female,0,No,No,15,No,No phone service,DSL,Yes,No,Yes,No,No,No,Month-to-month,Yes,Mailed check,48.96,713.14,No
C5830-3971,Male,0,Yes,No,69,Yes,No,Fiber optic,Yes,No,Yes,No,Yes,Yes,Month-to-month,Yes,Bank transfer (automatic),122.81,8487.36,Yes
C5831-2394,Male,0,No,No,56,Yes,No,DSL,No,No,Yes,No,No,Yes,Two year,Yes,Credit card (automatic),75.68,4221.75,No
C5832-8400,Female,0,Yes,Yes,19,Yes,No,Fiber optic,Yes,No,Yes,No,Yes,Yes,Month-to-month,Yes,Bank transfer (automatic),120.79,2270.59,Yes
C5833-3196,Male,0,No,No,29,Yes,No,DSL,No,No,Yes,No,No,No,Month-to-month,Yes,Electronic check,76.05,2196.98,No
C5834-3296,Male,0,Yes,No,13,No,No phone service,Fiber optic,No,Yes,No,Yes,No,Yes,Month-to-month,Yes,Mailed check,78.05,1006.81,No
C5835-8688,Female,0,No,No,24,Yes,No,Fiber optic,No,No,No,No,Yes,No,Month-to-month,Yes,Bank transfer (automatic),98.2,2361.15,No
C5836-8895,Male,0,No,No,72,Yes,No,No,No internet service,No internet service,No internet service,No internet service,No internet service,No internet service,Month-to-month,No,Electronic check,43.61,3162.29,No
C5837-1310,Male,0,No,No,28,Yes,Yes,No,No internet service,No internet service,No internet service,No internet service,No internet service,No internet service,One year,Yes,Electronic check,46.22,1293.77,No
C5838-3500,Female,0,Yes,Yes,17,Yes,Yes,No,No internet service,No internet service,No internet service,No internet service,No internet service,No internet service,Month-to-month,Yes,Mailed check,49.44,848.83,No
C5839-7379,Male,0,No,No,5,Yes,No,DSL,No,No,No,No,No,Yes,Month-to-month,Yes,Electronic check,74.84,362.14,Yes
C5840-8002,Male,1,No,No,35,Yes,No,DSL,Yes,Yes,No,No,No,Yes,One year,Yes,Credit card (automatic),99.73,3467.51,No
C5841-9993,Male,1,No,Yes,11,Yes,Yes,DSL,No,Yes,Yes,No,Yes,No,One year,Yes,Electronic check,94.72,1049.7,No
C5842-5991,Male,1,No,No,8,Yes,Yes,Fiber optic,Yes,No,No,No,Yes,No,One year,Yes,Mailed check,118.06,971.43,No
C5843-1067,Male,0,No,No,34,No,No phone service,DSL,Yes,No,Yes,No,No,Yes,Two year,No,Mailed check,54.35,1839.81,No
C5844-8861,Male,0,No,No,13,Yes,No,DSL,Yes,No,No,Yes,Yes,No,Month-to-month,Yes,Electronic check,83.83,1084.26,No
C5845-2449,Male,1,No,No,49,Yes,Yes,DSL,Yes,Yes,Yes,Yes,No,Yes,Month-to-month,Yes,Bank transfer (automatic),112.7,5536.28,No
C5846-2087,Female,0,Yes,No,4,Yes,No,DSL,No,No,No,No,Yes,No,Month-to-month,Yes,Mailed check,70.1,291.15,No
C5847-7066,Female,0,Yes,No,40,Yes,Yes,Fiber optic,No,Yes,No,No,Yes,Yes,Month-to-month,No,Bank transfer (automatic),121.27,4842.35,No
C5848-6433,Female,0,No,No,72,Yes,No,Fiber optic,No,Yes,No,Yes,Yes,No,Two year,Yes,Electronic check,113.45,8188.25,No
C5849-1539,Female,0,No,No,37,Yes,Yes,DSL,No,No,Yes,No,No,No,Month-to-month,Yes,Mailed check,84.09,3095.71,No
C5850-2523,Male,0,Yes,No,51,Yes,Yes,No,No internet service,No internet service,No internet service,No internet service,No internet service,No internet service,Month-to-month,No,Mailed check,39.06,1993.48,No
C5851-6307,Male,0,Yes,Yes,14,Yes,Yes,Fiber optic,No,Yes,No,Yes,No,No,Month-to-month,No,Credit card (automatic),113.74,1572.37,Yes
C5852-3297,Female,0,Yes,Yes,52,Yes,No,DSL,No,No,No,No,Yes,Yes,Month-to-month,Yes,Electronic check,73.53,3822.97,Yes
C5853-7155,Female,0,Yes,Yes,36,Yes,Yes,No,No internet service,No internet service,No internet service,No internet service,No internet service,No internet service,One year,No,Credit card (automatic),43.09,1558.89,No
C5854-4705,Male,0,No,No,30,Yes,No,Fiber optic,No,Yes,Yes,No,Yes,No,One year,No,Bank transfer (automatic),122.96,3679.74,No
C5855-6292,Female,0,No,No,64,Yes,Yes,Fiber optic,No,No,No,No,No,No,One year,Yes,Electronic check,103.23,6603.23,No
C5856-5274,Male,0,Yes,Yes,42,Yes,Yes,Fiber optic,No,Yes,Yes,No,Yes,Yes,Month-to-month,Yes,Credit card (automatic),124.58,5234.32,No
C5857-4286,Female,0,Yes,Yes,12,Yes,Yes,Fiber optic,Yes,No,No,Yes,Yes,Yes,Month-to-month,No,Electronic check,123.6,1487.35,No
C5858-4081,Female,0,Yes,No,19,Yes,Yes,No,No internet service,No internet service,No internet service,No internet service,No internet service,No internet service,One year,Yes,Credit card (automatic),52.81,992.65,No
C5859-7274,Female,0,No,Yes,72,Yes,No,DSL,No,Yes,No,No,No,Yes,Month-to-month,Yes,Mailed check,88.58,6405.47,No
C5860-5628,Female,1,No,No,10,Yes,No,DSL,No,No,No,Yes,Yes,No,Month-to-month,Yes,Mailed check,82.55,825.71,Yes
C5861-6348,Male,0,Yes,Yes,10,No,No phone service,Fiber optic,No,Yes,Yes,Yes,Yes,No,Two year,No,Electronic check,105.26,1060.0,No
C5862-6195,Female,1,Yes,Yes,48,Yes,No,No,No internet service,No internet service,No internet service,No internet service,No internet service,No internet service,Month-to-month,No,Bank transfer (automatic),37.8,1791.87,No
C5863-2868,Female,0,No,No,18,Yes,Yes,Fiber optic,Yes,No,Yes,No,Yes,No,Month-to-month,No,Mailed check,121.52,2192.09,No
C5864-9218,Female,0,No,No,72,Yes,No,No,No internet service,No internet service,No internet service,No internet service,No internet service,No internet service,Two year,Yes,Bank transfer (automatic),33.44,2388.16,No
C5865-6067,Female,0,No,No,43,Yes,No,DSL,Yes,Yes,Yes,No,Yes,Yes,Two year,No,Bank transfer (automatic),100.4,4333.73,No
C5866-7461,Male,0,No,No,20,Yes,Yes,No,No internet service,No internet service,No internet service,No internet service,No internet service,No internet service,Month-to-month,No,Electronic check,32.57,655.04,Yes
C5867-8936,Male,0,No,No,36,Yes,Yes,DSL,No,No,No,Yes,Yes,No,Two year,Yes,Electronic check,81.91,2937.49,No
C5868-9321,Male,0,No,Yes,14,Yes,Yes,DSL,No,No,Yes,No,No,No,Month-to-month,No,Mailed check,75.77,1058.7,Yes
C5869-7000,Male,0,No,No,72,Yes,No,Fiber optic,No,No,Yes,Yes,Yes,No,One year,Yes,Mailed check,108.34,7813.08,No
C5870-8083,Female,1,Yes,No,31,Yes,No,DSL,No,No,Yes,No,No,No,Month-to-month,Yes,Mailed check,68.86,2132.57,Yes
C5871-5245,Female,0,Yes,No,22,Yes,Yes,DSL,Yes,No,No,Yes,Yes,No,Two year,Yes,Electronic check,78.62,1721.5,No
C5872-7639,Male,1,Yes,Yes,16,No,No phone service,Fiber optic,Yes,Yes,No,No,No,No,One year,No,Credit card (automatic),91.15,1466.21,No
C5873-3893,Male,0,No,No,11,Yes,No,Fiber optic,Yes,No,No,No,No,No,Month-to-month,Yes,Electronic check,95.61,1051.42,Yes
C5874-7405,Male,0,No,Yes,13,Yes,Yes,No,No internet service,No internet service,No internet service,No internet service,No internet service,No internet service,Month-to-month,Yes,Mailed check,50.82,682.89,Yes
C5875-1772,Female,0,Yes,Yes,15,Yes,Yes,No,No internet service,No internet service,No internet service,No internet service,No internet service,No internet service,Month-to-month,Yes,Credit card (automatic),50.77,787.37,Yes
C5876-9227,Male,0,No,No,6,Yes,No,No,No internet service,No internet service,No internet service,No internet service,No internet service,No internet service,Month-to-month,Yes,Bank transfer (automatic),31.18,162.29,No
C5877-3201,Male,0,No,Yes,20,Yes,No,Fiber optic,No,No,Yes,Yes,No,Yes,Month-to-month,No,Credit card (automatic),106.83,2131.0,No
C5878-6908,Female,1,Yes,No,23,Yes,Yes,DSL,No,Yes,No,No,No,No,Month-to-month,No,Mailed check,82.02,1927.98,No
C5879-1100,Female,0,No,No,37,Yes,No,No,No internet service,No internet service,No internet service,No internet service,No internet service,No internet service,One year,Yes,Electronic check,41.53,1545.95,No
C5880-2401,Male,0,No,Yes,13,Yes,No,Fiber optic,No,No,No,No,No,Yes,One year,Yes,Bank transfer (automatic),103.86,1364.29,No
C5881-9878,Female,1,Yes,No,12,Yes,No,Fiber optic,No,No,Yes,Yes,No,Yes,Month-to-month,Yes,Mailed check,119.17,1435.07,No
C5882-8499,Male,0,No,Yes,25,Yes,No,Fiber optic,Yes,No,Yes,No,No,No,Month-to-month,No,Bank transfer (automatic),113.97,2854.06,No
C5883-3002,Male,0,Yes,Yes,22,Yes,Yes,Fiber optic,Yes,No,No,Yes,Yes,No,Month-to-month,Yes,Electronic check,115.99,2511.82,Yes
C5884-2177,Female,0,No,No,35,Yes,No,DSL,Yes,Yes,Yes,No,Yes,No,Month-to-month,Yes,Credit card (automatic),79.4,2788.65,No
C5885-8333,Female,0,No,No,4,Yes,No,DSL,No,No,Yes,No,Yes,Yes,Month-to-month,No,Electronic check,93.28,399.64,Yes
C5886-9910,Male,0,No,No,37,Yes,Yes,DSL,No,No,No,Yes,Yes,No,Month-to-month,No,Electronic check,89.77,3302.1,No
C5887-2517,Female,0,No,Yes,25,Yes,No,DSL,No,No,Yes,Yes,Yes,No,Month-to-month,Yes,Credit card (automatic),77.54,1925.09,No
C5888-6974,Male,0,Yes,No,2,Yes,No,Fiber optic,Yes,Yes,Yes,No,Yes,Yes,Month-to-month,No,Mailed check,115.93,229.91,Yes
C5889-3552,Female,0,Yes,No,20,Yes,No,No,No internet service,No internet service,No internet service,No internet service,No internet service,No internet service,Month-to-month,No,Electronic check,34.9,669.6,No
C5890-7698,Female,0,No,No,46,Yes,No,No,No internet service,No internet service,No internet service,No internet service,No internet service,No internet service,Two year,Yes,Electronic check,36.76,1683.93,No
C5891-4764,Male,1,Yes,Yes,27,Yes,No,DSL,Yes,No,No,No,No,No,Two year,Yes,Bank transfer (automatic),65.71,1753.72,No
C5892-2128,Male,0,No,No,22,Yes,Yes,DSL,No,Yes,No,No,No,No,Month-to-month,No,Credit card (automatic),85.78,1894.96,No
C5893-3919,Male,0,Yes,No,14,No,No phone service,No,No internet service,No internet service,No internet service,No internet service,No internet service,No internet service,One year,No,Mailed check,23.01,325.2,No
C5894-5847,Male,0,Yes,No,4,Yes,No,Fiber optic,No,Yes,No,No,Yes,No,Month-to-month,No,Bank transfer (automatic),103.16,406.85,No
C5895-8184,Male,0,No,No,26,Yes,Yes,Fiber optic,No,No,No,Yes,No,No,Month-to-month,Yes,Bank transfer (automatic),94.46,2448.02,Yes
C5896-1189,Male,0,No,No,55,Yes,No,No,No internet service,No internet service,No internet service,No internet service,No internet service,No internet service,Two year,No,Electronic check,40.78,2244.23,No
C5897-9618,Male,0,No,No,72,Yes,No,No,No internet service,No internet service,No internet service,No internet service,No internet service,No internet service,Month-to-month,Yes,Credit card (automatic),35.65,2584.61,No
C5898-6845,Female,0,No,No,10,Yes,No,DSL,No,Yes,Yes,No,Yes,No,Month-to-month,No,Mailed check,70.91,699.4,Yes
C5899-8876,Female,0,Yes,No,28,Yes,Yes,Fiber optic,Yes,Yes,Yes,No,No,Yes,Two year,Yes,Electronic check,128.37,3595.09,No
C5900-9369,Male,0,No,No,29,Yes,No,Fiber optic,No,No,Yes,No,No,No,Month-to-month,No,Mailed check,87.91,2572.88,Yes
C5901-2382,Male,0,No,No,18,Yes,Yes,No,No internet service,No internet service,No internet service,No internet service,No internet service,No internet service,Month-to-month,Yes,Bank transfer (automatic),42.11,743.94,No
C5902-1843,Male,0,No,No,55,Yes,Yes,Fiber optic,Yes,No,Yes,Yes,Yes,No,Two year,Yes,Credit card (automatic),122.04,6729.82,No
C5903-7989,Male,0,Yes,No,30,Yes,No,Fiber optic,No,Yes,Yes,No,Yes,No,Month-to-month,Yes,Credit card (automatic),95.63,2864.24,Yes
C5904-2690,Male,0,No,No,7,No,No phone service,Fiber optic,No,Yes,No,No,No,Yes,Two year,Yes,Credit card (automatic),85.4,628.83,Yes
C5905-2331,Male,0,Yes,Yes,22,Yes,Yes,Fiber optic,Yes,Yes,Yes,No,Yes,No,Month-to-month,Yes,Credit card (automatic),124.17,2686.83,No
C5906-5216,Female,1,No,No,49,Yes,Yes,Fiber optic,Yes,Yes,No,No,Yes,No,One year,Yes,Mailed check,118.07,5772.87,No
C5907-9219,Female,0,Yes,No,8,Yes,Yes,DSL,Yes,Yes,No,Yes,Yes,Yes,Month-to-month,Yes,Electronic check,102.65,824.93,Yes
C5908-8159,Female,0,No,Yes,25,Yes,No,No,No internet service,No internet service,No internet service,No internet service,No internet service,No internet service,Month-to-month,No,Electronic check,40.27,1010.49,No
C5909-5660,Male,0,No,No,26,Yes,No,Fiber optic,Yes,No,No,Yes,Yes,No,Month-to-month,No,Mailed check,111.63,2916.03,No
C5910-2767,Male,0,No,No,30,Yes,Yes,No,No internet service,No internet service,No internet service,No internet service,No internet service,No internet service,One year,Yes,Mailed check,45.83,1372.4,No
C5911-4027,Female,1,No,No,43,Yes,No,No,No internet service,No internet service,No internet service,No internet service,No internet service,No internet service,One year,Yes,Mailed check,42.36,1843.55,No
C5912-7195,Female,0,No,Yes,16,Yes,No,Fiber optic,No,No,No,No,No,No,Month-to-month,No,Credit card (automatic),87.36,1411.03,Yes
C5913-2413,Female,0,Yes,Yes,72,Yes,Yes,Fiber optic,No,No,Yes,No,Yes,Yes,Two year,Yes,Credit card (automatic),103.94,7466.79,No
C5914-5719,Female,0,No,No,33,Yes,No,No,No internet service,No internet service,No internet service,No internet service,No internet service,No internet service,Two year,No,Mailed check,33.97,1140.97,No
C5915-1106,Female,1,No,No,72,Yes,No,DSL,No,No,No,No,No,Yes,One year,No,Mailed check,68.65,4948.85,No
C5916-3925,Female,1,Yes,Yes,18,Yes,Yes,Fiber optic,No,No,Yes,No,No,No,One year,Yes,Electronic check,105.62,1912.71,No
C5917-3231,Male,0,Yes,Yes,39,Yes,Yes,No,No internet service,No internet service,No internet service,No internet service,No internet service,No internet service,Month-to-month,Yes,Electronic check,41.86,1656.29,Yes
C5918-7129,Male,0,No,No,0,Yes,No,DSL,Yes,Yes,Yes,Yes,Yes,No,Month-to-month,No,Electronic check,97.66,,No
C5919-9225,Female,0,Yes,No,72,Yes,No,Fiber optic,No,Yes,No,No,Yes,No,Month-to-month,No,Electronic check,105.8,7589.43,No
C5920-2318,Female,0,No,No,35,Yes,Yes,DSL,No,No,Yes,No,No,Yes,Month-to-month,Yes,Bank transfer (automatic),92.61,3250.35,Yes
C5921-8174,Male,0,No,No,18,Yes,Yes,Fiber optic,No,Yes,Yes,Yes,Yes,No,Month-to-month,Yes,Mailed check,127.16,2247.28,No
C5922-6902,Male,0,No,No,6,Yes,No,No,No internet service,No internet service,No internet service,No internet service,No internet service,No internet service,Month-to-month,No,Mailed check,40.0,237.18,No
C5923-9727,Male,0,Yes,Yes,35,Yes,No,DSL,Yes,No,Yes,No,Yes,Yes,One year,Yes,Mailed check,95.62,3349.8,No
C5924-9202,Male,0,Yes,No,16,Yes,Yes,DSL,No,Yes,No,No,Yes,Yes,Month-to-month,Yes,Mailed check,111.92,1784.01,No
C5925-1906,Female,0,No,No,53,No,No phone service,DSL,Yes,Yes,Yes,No,No,No,Month-to-month,No,Bank transfer (automatic),69.11,3682.95,No
C5926-7688,Male,0,Yes,Yes,72,Yes,Yes,Fiber optic,No,No,Yes,No,No,Yes,One year,Yes,Electronic check,108.25,7797.29,No
C5927-6329,Male,0,No,No,31,Yes,Yes,DSL,No,No,No,No,Yes,No,Month-to-month,No,Credit card (automatic),78.62,2478.54,No
C5928-2017,Male,0,Yes,Yes,48,Yes,Yes,Fiber optic,No,No,Yes,Yes,No,No,Month-to-month,No,Electronic check,121.23,5799.69,Yes
C5929-3314,Male,0,Yes,No,20,Yes,No,Fiber optic,Yes,No,Yes,Yes,No,Yes,Two year,No,Mailed check,110.26,2218.01,No
C5930-9341,Female,1,Yes,No,2,Yes,Yes,Fiber optic,No,No,No,No,No,No,Month-to-month,No,Credit card (automatic),95.78,203.53,Yes
C5931-5885,Female,0,Yes,No,37,Yes,Yes,No,No internet service,No internet service,No internet service,No internet service,No internet service,No internet service,Month-to-month,Yes,Mailed check,50.88,1879.58,No
C5932-4045,Male,0,No,No,45,Yes,No,Fiber optic,No,Yes,Yes,No,Yes,Yes,One year,Yes,Credit card (automatic),122.89,5538.17,No
C5933-3883,Female,0,No,No,21,Yes,Yes,DSL,No,No,Yes,No,No,Yes,One year,Yes,Credit card (automatic),73.15,1535.47,No
C5934-8539,Female,0,No,Yes,5,Yes,No,No,No internet service,No internet service,No internet service,No internet service,No internet service,No internet service,One year,No,Mailed check,40.5,178.53,Yes
C5935-3550,Female,0,No,Yes,16,Yes,Yes,Fiber optic,No,Yes,Yes,No,Yes,Yes,Month-to-month,No,Mailed check,114.18,1830.14,No
C5936-2429,Male,0,Yes,Yes,36,Yes,Yes,No,No internet service,No internet service,No internet service,No internet service,No internet service,No internet service,One year,Yes,Electronic check,68.9,2509.36,No
C5937-6164,Female,0,Yes,No,20,Yes,No,No,No internet service,No internet service,No internet service,No internet service,No internet service,No internet service,Month-to-month,Yes,Electronic check,35.77,743.58,No
C5938-9931,Female,0,No,No,22,Yes,No,DSL,Yes,Yes,Yes,Yes,No,No,Month-to-month,Yes,Credit card (automatic),90.07,1965.17,No
C5939-2649,Male,0,Yes,No,72,Yes,Yes,DSL,No,Yes,No,Yes,Yes,No,One year,Yes,Bank transfer (automatic),110.78,7977.74,No
C5940-3297,Male,0,Yes,Yes,34,Yes,Yes,Fiber optic,No,No,No,Yes,No,Yes,Month-to-month,Yes,Bank transfer (automatic),106.97,3661.54,No
C5941-5221,Female,0,Yes,Yes,72,Yes,No,DSL,No,Yes,No,No,Yes,No,One year,Yes,Electronic check,72.3,5184.76,No
C5942-2798,Male,0,No,No,7,Yes,No,Fiber optic,Yes,Yes,Yes,No,No,No,Two year,Yes,Credit card (automatic),120.12,843.46,No
C5943-6856,Male,1,Yes,No,5,Yes,No,No,No internet service,No internet service,No internet service,No internet service,No internet service,No internet service,Month-to-month,Yes,Bank transfer (automatic),57.32,271.44,No
C5944-3282,Female,0,Yes,No,42,Yes,No,Fiber optic,No,Yes,Yes,No,No,No,Month-to-month,Yes,Electronic check,102.16,4307.75,Yes
C5945-2153,Female,0,No,Yes,58,No,No phone service,DSL,Yes,Yes,Yes,No,Yes,No,One year,Yes,Credit card (automatic),73.23,4251.88,No
C5946-3351,Male,0,No,Yes,41,Yes,Yes,DSL,No,No,No,No,No,Yes,Two year,Yes,Electronic check,70.66,2883.86,No
C5947-9374,Female,0,Yes,No,72,Yes,Yes,Fiber optic,No,Yes,No,Yes,Yes,No,Month-to-month,No,Bank transfer (automatic),129.02,9282.11,No
C5948-9413,Female,0,No,No,72,Yes,Yes,No,No internet service,No internet service,No internet service,No internet service,No internet service,No internet service,One year,Yes,Electronic check,43.26,3133.04,Yes
C5949-5551,Male,0,Yes,No,62,Yes,No,No,No internet service,No internet service,No internet service,No internet service,No internet service,No internet service,Month-to-month,Yes,Mailed check,32.05,1983.87,No
C5950-4603,Female,0,Yes,Yes,14,Yes,No,DSL,No,No,Yes,No,No,Yes,Two year,No,Electronic check,88.18,1219.48,No
C5951-8374,Female,0,Yes,Yes,12,Yes,No,DSL,Yes,Yes,Yes,Yes,No,No,Month-to-month,Yes,Electronic check,81.22,986.23,Yes
C5952-2748,Female,0,Yes,Yes,64,No,No phone service,No,No internet service,No internet service,No internet service,No internet service,No internet service,No internet service,One year,Yes,Electronic check,22.73,1459.5,No
C5953-6884,Female,1,Yes,Yes,22,Yes,Yes,No,No internet service,No internet service,No internet service,No internet service,No internet service,No internet service,One year,No,Mailed check,29.17,640.87,No
C5954-7119,Female,0,No,No,52,Yes,No,DSL,No,No,No,No,Yes,Yes,Month-to-month,No,Electronic check,84.81,4403.47,Yes
C5955-7389,Female,0,Yes,Yes,22,Yes,No,DSL,No,No,No,No,Yes,No,Two year,Yes,Credit card (automatic),71.76,1583.68,No
C5956-2961,Male,0,No,No,4,Yes,Yes,Fiber optic,No,Yes,No,No,Yes,Yes,One year,Yes,Mailed check,124.1,509.7,No
C5957-7444,Male,0,Yes,No,43,Yes,No,DSL,Yes,No,No,No,No,Yes,Month-to-month,No,Electronic check,68.68,2938.66,Yes
C5958-6507,Male,0,Yes,Yes,16,Yes,No,Fiber optic,No,Yes,Yes,No,No,Yes,Month-to-month,No,Electronic check,108.04,1716.58,Yes
C5959-8875,Female,0,No,No,2,No,No phone service,DSL,Yes,Yes,No,No,No,Yes,Month-to-month,Yes,Bank transfer (automatic),58.09,121.62,No
C5960-2569,Female,0,No,No,72,Yes,No,No,No internet service,No internet service,No internet service,No internet service,No internet service,No internet service,Month-to-month,No,Mailed check,27.63,1988.12,No
C5961-6521,Female,0,Yes,No,51,Yes,No,DSL,No,No,Yes,Yes,No,No,Month-to-month,No,Mailed check,82.98,4231.83,Yes
C5962-8465,Male,0,Yes,No,46,Yes,Yes,DSL,Yes,Yes,No,No,Yes,No,Month-to-month,Yes,Bank transfer (automatic),101.4,4651.79,Yes
C5963-3503,Male,0,No,No,53,Yes,No,Fiber optic,Yes,Yes,Yes,No,No,No,Month-to-month,Yes,Bank transfer (automatic),89.25,4740.99,No
C5964-7693,Male,0,Yes,Yes,8,Yes,No,DSL,No,No,No,No,No,Yes,One year,No,Credit card (automatic),81.1,634.17,No
C5965-1895,Male,0,No,Yes,72,Yes,Yes,Fiber optic,No,No,No,No,No,No,Month-to-month,Yes,Mailed check,107.79,7779.88,Yes
C5966-7462,Male,0,No,No,13,Yes,No,DSL,No,No,Yes,Yes,Yes,No,Month-to-month,No,Electronic check,102.8,1357.6,No
C5967-6455,Female,0,Yes,No,15,Yes,Yes,DSL,No,No,Yes,No,Yes,Yes,Two year,No,Electronic check,77.91,1192.78,Yes
C5968-2732,Female,0,No,No,15,No,No phone service,No,No internet service,No internet service,No internet service,No internet service,No internet service,No internet service,Month-to-month,Yes,Electronic check,29.12,472.01,No
C5969-1597,Male,1,Yes,No,25,Yes,No,Fiber optic,No,Yes,Yes,No,No,No,Month-to-month,No,Credit card (automatic),103.6,2582.93,No
C5970-7708,Male,0,No,No,49,Yes,Yes,Fiber optic,No,Yes,Yes,Yes,Yes,No,Month-to-month,No,Credit card (automatic),121.78,5988.71,No
C5971-3171,Female,0,No,No,8,Yes,No,DSL,No,No,No,Yes,No,No,Two year,No,Mailed check,86.76,683.61,No
C5972-5476,Female,0,No,No,5,Yes,Yes,No,No internet service,No internet service,No internet service,No internet service,No internet service,No internet service,Two year,Yes,Electronic check,45.27,202.38,No
C5973-1546,Male,0,No,No,56,Yes,No,No,No internet service,No internet service,No internet service,No internet service,No internet service,No internet service,Month-to-month,No,Mailed check,38.11,2114.17,Yes
C5974-9670,Male,0,No,No,19,Yes,Yes,Fiber optic,No,No,No,No,Yes,No,One year,Yes,Credit card (automatic),89.32,1683.2,No
C5975-5939,Male,0,Yes,Yes,14,Yes,No,No,No internet service,No internet service,No internet service,No internet service,No internet service,No internet service,Month-to-month,No,Mailed check,23.08,295.57,No
C5976-9383,Male,0,Yes,Yes,72,Yes,Yes,No,No internet service,No internet service,No internet service,No internet service,No internet service,No internet service,One year,No,Mailed check,46.89,3410.35,No
C5977-2442,Male,1,Yes,No,52,Yes,Yes,No,No internet service,No internet service,No internet service,No internet service,No internet service,No internet service,Month-to-month,No,Electronic check,61.9,3215.2,No
C5978-2851,Male,0,Yes,Yes,13,No,No phone service,No,No internet service,No internet service,No internet service,No internet service,No internet service,No internet service,Month-to-month,Yes,Electronic check,26.72,368.24,Yes
C5979-6493,Female,0,No,No,1,No,No phone service,Fiber optic,No,No,Yes,No,Yes,No,Month-to-month,No,Mailed check,89.76,111.79,No
C5980-6439,Female,0,No,No,31,Yes,No,Fiber optic,No,Yes,No,No,Yes,No,Month-to-month,No,Mailed check,90.44,2790.86,Yes
C5981-8116,Male,0,No,No,13,No,No phone service,No,No internet service,No internet service,No internet service,No internet service,No internet service,No internet service,Month-to-month,Yes,Mailed check,22.74,297.53,Yes
C5982-9351,Female,0,Yes,No,51,Yes,No,Fiber optic,No,No,No,No,No,Yes,One year,No,Electronic check,104.02,5281.42,No
C5983-8396,Female,0,Yes,Yes,54,Yes,No,Fiber optic,No,No,Yes,No,No,Yes,Month-to-month,Yes,Electronic check,105.18,5686.57,No
C5984-2261,Male,0,Yes,No,24,Yes,Yes,DSL,No,No,No,No,No,Yes,Two year,Yes,Mailed check,65.77,1588.2,No
C5985-3785,Female,0,No,No,16,Yes,Yes,DSL,Yes,No,Yes,Yes,Yes,Yes,Month-to-month,Yes,Mailed check,122.79,1993.23,No
C5986-9223,Female,0,Yes,Yes,25,Yes,No,DSL,No,Yes,No,No,No,No,Month-to-month,Yes,Credit card (automatic),75.15,1876.87,No
C5987-5940,Female,0,Yes,Yes,21,Yes,No,DSL,No,Yes,No,Yes,No,Yes,One year,Yes,Mailed check,74.94,1588.08,No
C5988-8802,Female,0,Yes,No,39,Yes,Yes,Fiber optic,Yes,Yes,No,No,No,Yes,Month-to-month,Yes,Electronic check,130.55,5080.73,Yes
C5989-6066,Male,0,No,No,26,Yes,Yes,Fiber optic,No,Yes,No,No,Yes,Yes,Month-to-month,No,Mailed check,115.45,3028.84,No
C5990-1447,Male,0,Yes,No,39,Yes,Yes,Fiber optic,Yes,Yes,No,No,Yes,No,Month-to-month,No,Bank transfer (automatic),122.67,4795.65,Yes
C5991-5255,Male,0,No,No,23,Yes,No,Fiber optic,No,No,Yes,No,Yes,Yes,One year,Yes,Credit card (automatic),104.4,2377.49,No
C5992-8421,Male,0,Yes,No,13,Yes,Yes,No,No internet service,No internet service,No internet service,No internet service,No internet service,No internet service,Two year,No,Bank transfer (automatic),39.07,489.29,No
C5993-6895,Male,1,Yes,No,30,Yes,Yes,DSL,No,Yes,No,No,Yes,No,One year,No,Bank transfer (automatic),93.84,2816.79,Yes
C5994-2194,Female,0,No,No,15,Yes,Yes,No,No internet service,No internet service,No internet service,No internet service,No internet service,No internet service,One year,Yes,Bank transfer (automatic),35.47,535.89,No
C5995-2890,Female,0,No,No,70,Yes,No,DSL,No,Yes,No,Yes,No,Yes,Two year,No,Electronic check,100.28,7011.32,No
C5996-8688,Female,1,No,Yes,37,No,No phone service,DSL,Yes,Yes,No,No,No,No,Two year,No,Electronic check,58.4,2164.25,No
C5997-9812,Female,1,Yes,No,14,Yes,Yes,Fiber optic,No,No,Yes,Yes,No,Yes,Month-to-month,Yes,Electronic check,117.15,1603.42,No
C5998-7775,Male,0,No,No,39,Yes,No,No,No internet service,No internet service,No internet service,No internet service,No internet service,No internet service,Month-to-month,No,Credit card (automatic),37.89,1462.22,Yes
C5999-1882,Female,0,No,No,39,No,No phone service,DSL,Yes,Yes,No,Yes,Yes,Yes,One year,No,Credit card (automatic),84.04,3263.02,No
C6000-6572,Female,0,No,Yes,33,Yes,No,DSL,No,No,No,Yes,Yes,Yes,Two year,No,Credit card (automatic),78.96,2624.49,No
C6001-8462,Female,1,Yes,No,16,Yes,Yes,DSL,Yes,Yes,No,No,No,Yes,Two year,Yes,Credit card (automatic),93.53,1482.09,No
C6002-6761,Female,0,Yes,Yes,52,Yes,No,Fiber optic,No,Yes,No,No,No,No,Month-to-month,No,Credit card (automatic),111.54,5767.21,No
C6003-6346,Male,0,Yes,No,52,Yes,No,DSL,No,No,No,Yes,Yes,Yes,Two year,Yes,Electronic check,92.28,4811.69,No
C6004-5205,Female,0,No,No,13,Yes,No,DSL,No,No,No,No,Yes,Yes,Month-to-month,Yes,Bank transfer (automatic),75.29,994.65,Yes
C6005-3203,Female,1,No,No,8,Yes,No,Fiber optic,No,No,No,No,No,Yes,Month-to-month,Yes,Mailed check,87.54,674.12,Yes
C6006-3526,Female,0,No,No,18,Yes,Yes,Fiber optic,No,No,No,Yes,No,No,Two year,No,Bank transfer (automatic),90.48,1626.45,No
C6007-7710,Female,0,Yes,Yes,42,Yes,Yes,Fiber optic,No,Yes,Yes,No,Yes,No,Month-to-month,Yes,Bank transfer (automatic),122.91,5136.8,No
C6008-1628,Male,0,Yes,Yes,17,Yes,Yes,No,No internet service,No internet service,No internet service,No internet service,No internet service,No internet service,One year,Yes,Electronic check,38.43,648.28,No
C6009-1760,Female,0,Yes,Yes,39,Yes,Yes,No,No internet service,No internet service,No internet service,No internet service,No internet service,No internet service,Month-to-month,Yes,Mailed check,53.23,2069.62,No
C6010-4569,Female,0,No,No,52,Yes,No,DSL,No,No,No,No,Yes,Yes,Two year,Yes,Bank transfer (automatic),79.64,4164.95,No
C6011-7968,Female,0,Yes,No,6,Yes,No,DSL,No,No,No,No,Yes,No,Month-to-month,Yes,Credit card (automatic),73.51,460.72,No
C6012-6912,Female,0,Yes,Yes,50,Yes,Yes,No,No internet service,No internet service,No internet service,No internet service,No internet service,No internet service,One year,No,Electronic check,43.89,2184.74,No
C6013-6309,Female,0,Yes,No,24,Yes,Yes,Fiber optic,Yes,No,Yes,Yes,Yes,No,Month-to-month,No,Mailed check,118.94,2861.72,No
C6014-5806,Male,0,Yes,Yes,72,Yes,Yes,Fiber optic,No,No,Yes,No,No,Yes,Month-to-month,No,Bank transfer (automatic),104.24,7497.28,No
C6015-1996,Female,0,No,No,23,Yes,Yes,Fiber optic,No,Yes,No,Yes,Yes,No,Month-to-month,Yes,Mailed check,120.88,2789.16,No
C6016-3985,Female,0,Yes,Yes,15,Yes,No,No,No internet service,No internet service,No internet service,No internet service,No internet service,No internet service,Month-to-month,Yes,Bank transfer (automatic),30.5,457.62,No
C6017-1715,Female,0,No,No,36,Yes,No,No,No internet service,No internet service,No internet service,No internet service,No internet service,No internet service,Month-to-month,Yes,Electronic check,33.72,1206.41,No
C6018-7822,Female,1,No,No,37,Yes,Yes,DSL,No,Yes,Yes,No,No,No,Month-to-month,Yes,Mailed check,80.34,2991.06,No
C6019-7756,Female,0,No,No,72,Yes,No,DSL,Yes,No,No,No,Yes,No,Two year,Yes,Electronic check,91.51,6586.33,No
C6020-3322,Male,1,Yes,No,20,Yes,Yes,Fiber optic,Yes,No,Yes,No,No,Yes,Month-to-month,No,Mailed check,101.05,2051.6,Yes
C6021-3636,Female,0,No,No,23,Yes,No,DSL,No,Yes,Yes,No,Yes,Yes,One year,No,Mailed check,97.95,2243.57,No
C6022-3856,Male,0,No,No,17,No,No phone service,No,No internet service,No internet service,No internet service,No internet service,No internet service,No internet service,One year,Yes,Electronic check,35.03,606.55,No
C6023-9002,Male,0,Yes,No,31,Yes,Yes,DSL,No,No,No,No,No,No,Two year,Yes,Electronic check,56.51,1735.61,No
C6024-5396,Female,0,No,No,23,No,No phone service,Fiber optic,No,Yes,Yes,Yes,Yes,Yes,Month-to-month,No,Electronic check,107.17,2475.74,No
C6025-7857,Male,0,Yes,Yes,23,Yes,Yes,No,No internet service,No internet service,No internet service,No internet service,No internet service,No internet service,Month-to-month,Yes,Credit card (automatic),38.89,922.76,No
C6026-5038,Female,0,Yes,No,72,Yes,Yes,No,No internet service,No internet service,No internet service,No internet service,No internet service,No internet service,Month-to-month,No,Credit card (automatic),52.7,3807.0,No
C6027-7283,Male,0,Yes,No,17,Yes,Yes,Fiber optic,No,No,No,Yes,No,Yes,Month-to-month,Yes,Electronic check,99.99,1729.22,No
C6028-5754,Female,0,No,No,36,Yes,Yes,Fiber optic,No,Yes,Yes,No,No,Yes,Month-to-month,No,Electronic check,124.95,4481.02,Yes
C6029-3507,Female,0,Yes,No,72,Yes,Yes,Fiber optic,Yes,No,No,Yes,Yes,No,One year,Yes,Electronic check,112.42,8105.36,Yes
C6030-8885,Female,0,Yes,Yes,20,Yes,Yes,No,No internet service,No internet service,No internet service,No internet service,No internet service,No internet service,One year,Yes,Mailed check,36.03,717.86,No
C6031-7379,Male,0,Yes,Yes,24,Yes,Yes,DSL,No,Yes,Yes,Yes,Yes,No,Two year,Yes,Electronic check,100.42,2390.93,No
C6032-7923,Male,1,Yes,Yes,25,Yes,Yes,Fiber optic,No,No,No,Yes,Yes,No,Two year,No,Mailed check,104.1,2601.47,No
C6033-9532,Female,0,Yes,Yes,9,Yes,Yes,Fiber optic,No,No,No,No,No,Yes,Month-to-month,No,Bank transfer (automatic),83.96,777.23,No
C6034-3238,Male,0,No,No,22,Yes,Yes,No,No internet service,No internet service,No internet service,No internet service,No internet service,No internet service,One year,No,Mailed check,35.49,779.76,No
C6035-1823,Male,0,Yes,Yes,9,Yes,No,Fiber optic,No,No,No,Yes,Yes,No,Month-to-month,Yes,Mailed check,113.14,1028.75,No
C6036-6239,Male,1,No,No,72,Yes,Yes,No,No internet service,No internet service,No internet service,No internet service,No internet service,No internet service,Two year,No,Mailed check,44.11,3161.48,No
C6037-3935,Female,0,No,No,18,Yes,Yes,Fiber optic,Yes,No,No,No,No,Yes,Month-to-month,No,Electronic check,115.01,2085.23,No
C6038-4921,Male,0,No,No,52,Yes,Yes,DSL,Yes,No,No,No,No,No,One year,No,Bank transfer (automatic),72.33,3761.94,No
C6039-3111,Female,0,No,Yes,31,Yes,Yes,No,No internet service,No internet service,No internet service,No internet service,No internet service,No internet service,One year,Yes,Mailed check,50.46,1563.26,No
C6040-4585,Female,0,Yes,No,13,Yes,Yes,DSL,Yes,Yes,Yes,No,Yes,No,One year,Yes,Electronic check,102.11,1332.12,No
C6041-4538,Female,0,No,No,21,Yes,No,No,No internet service,No internet service,No internet service,No internet service,No internet service,No internet service,Month-to-month,Yes,Credit card (automatic),48.74,1061.62,Yes
C6042-4154,Male,0,Yes,Yes,16,Yes,Yes,Fiber optic,Yes,Yes,No,No,No,No,Two year,Yes,Electronic check,110.71,1795.6,No
C6043-7680,Male,0,Yes,No,14,Yes,No,Fiber optic,No,No,Yes,No,Yes,Yes,Month-to-month,Yes,Electronic check,107.21,1484.7,No
C6044-6333,Male,0,Yes,Yes,17,Yes,Yes,No,No internet service,No internet service,No internet service,No internet service,No internet service,No internet service,One year,No,Credit card (automatic),43.82,750.69,No
C6045-5267,Male,1,No,No,35,Yes,Yes,No,No internet service,No internet service,No internet service,No internet service,No internet service,No internet service,Month-to-month,Yes,Mailed check,44.5,1551.43,No
C6046-2014,Female,0,No,No,37,Yes,Yes,No,No internet service,No internet service,No internet service,No internet service,No internet service,No internet service,Month-to-month,No,Credit card (automatic),49.8,1843.32,No
C6047-6136,Female,0,Yes,Yes,36,Yes,Yes,Fiber optic,No,No,Yes,No,No,No,Month-to-month,No,Bank transfer (automatic),106.75,3835.45,No
C6048-2575,Male,0,No,No,35,Yes,No,Fiber optic,No,Yes,No,No,No,Yes,Month-to-month,No,Mailed check,92.46,3240.31,Yes
C6049-3827,Male,0,Yes,No,37,Yes,No,Fiber optic,No,Yes,Yes,Yes,No,No,Month-to-month,No,Electronic check,120.24,4474.74,No
C6050-4733,Female,0,Yes,Yes,16,Yes,Yes,Fiber optic,Yes,Yes,No,Yes,No,No,Month-to-month,Yes,Mailed check,108.13,1707.65,No
C6051-2271,Female,0,Yes,Yes,43,Yes,Yes,DSL,No,No,Yes,Yes,No,Yes,One year,Yes,Electronic check,92.25,3961.1,No
C6052-4505,Male,0,No,No,13,Yes,Yes,No,No internet service,No internet service,No internet service,No internet service,No internet service,No internet service,One year,Yes,Electronic check,45.07,582.23,No
C6053-3402,Female,0,No,No,18,Yes,Yes,Fiber optic,No,No,Yes,Yes,No,Yes,Month-to-month,No,Electronic check,115.61,2068.06,No
C6054-8647,Male,0,Yes,No,4,Yes,No,DSL,No,No,No,No,No,Yes,Month-to-month,No,Bank transfer (automatic),72.76,283.12,Yes
C6055-8736,Male,0,Yes,Yes,12,Yes,No,No,No internet service,No internet service,No internet service,No internet service,No internet service,No internet service,Two year,No,Electronic check,30.63,347.79,No
C6056-1041,Female,0,No,No,37,Yes,No,Fiber optic,No,No,Yes,No,No,Yes,Month-to-month,Yes,Electronic check,102.88,3822.21,No
C6057-6421,Female,0,No,No,40,Yes,Yes,No,No internet service,No internet service,No internet service,No internet service,No internet service,No internet service,Month-to-month,Yes,Mailed check,43.28,1706.61,No
C6058-6764,Male,0,Yes,No,12,Yes,Yes,DSL,No,Yes,No,No,No,No,Two year,Yes,Mailed check,91.68,1137.55,No
C6059-4401,Female,0,No,No,13,Yes,Yes,No,No internet service,No internet service,No internet service,No internet service,No internet service,No internet service,Month-to-month,Yes,Mailed check,43.98,568.1,No
C6060-5221,Female,0,No,No,10,No,No phone service,Fiber optic,Yes,Yes,No,No,No,Yes,Two year,Yes,Bank transfer (automatic),101.41,998.74,Yes
C6061-8108,Female,0,Yes,Yes,38,Yes,Yes,DSL,No,Yes,No,Yes,No,No,Two year,Yes,Bank transfer (automatic),89.54,3384.57,No
C6062-4401,Male,0,Yes,No,11,Yes,Yes,Fiber optic,Yes,Yes,Yes,Yes,No,No,Month-to-month,No,Electronic check,121.23,1343.65,No
C6063-1580,Male,1,No,No,59,Yes,No,Fiber optic,No,No,Yes,Yes,Yes,Yes,Month-to-month,Yes,Bank transfer (automatic),128.02,7547.97,No
C6064-4352,Female,0,Yes,Yes,17,Yes,No,DSL,No,Yes,Yes,No,Yes,Yes,Two year,Yes,Mailed check,107.12,1856.08,No
C6065-3284,Male,0,Yes,Yes,26,Yes,No,Fiber optic,No,No,Yes,No,Yes,Yes,Month-to-month,Yes,Credit card (automatic),105.61,2739.24,No
C6066-4444,Female,0,No,No,30,Yes,No,Fiber optic,Yes,Yes,No,No,No,No,Month-to-month,Yes,Electronic check,103.71,3128.78,No
C6067-3070,Female,0,No,No,59,Yes,Yes,Fiber optic,No,No,Yes,Yes,No,Yes,Month-to-month,No,Credit card (automatic),122.98,7251.53,No
C6068-2348,Female,0,No,No,72,Yes,No,DSL,No,Yes,No,No,No,No,One year,Yes,Electronic check,73.04,5245.14,No
C6069-9867,Female,0,No,No,34,Yes,Yes,DSL,No,Yes,No,No,No,Yes,One year,Yes,Electronic check,84.24,2877.19,Yes
C6070-2159,Male,0,Yes,Yes,44,Yes,No,Fiber optic,No,No,No,No,No,Yes,Two year,No,Mailed check,91.65,4057.28,No
C6071-7354,Male,0,No,No,12,Yes,Yes,Fiber optic,No,Yes,No,No,No,No,Month-to-month,Yes,Credit card (automatic),115.12,1362.4,No
C6072-7457,Female,0,Yes,No,72,Yes,No,DSL,Yes,Yes,Yes,No,Yes,Yes,Month-to-month,Yes,Credit card (automatic),111.27,7986.27,Yes
C6073-6559,Male,0,No,Yes,45,Yes,Yes,Fiber optic,Yes,Yes,Yes,Yes,Yes,Yes,One year,Yes,Mailed check,134.54,6049.41,No
C6074-9202,Male,1,Yes,Yes,72,Yes,No,DSL,No,Yes,Yes,No,No,No,Month-to-month,Yes,Mailed check,77.19,5505.68,No
C6075-1044,Male,0,Yes,No,27,Yes,No,Fiber optic,No,No,No,Yes,No,No,Two year,No,Electronic check,90.39,2442.37,No
C6076-3714,Female,0,Yes,Yes,13,Yes,Yes,No,No internet service,No internet service,No internet service,No internet service,No internet service,No internet service,Month-to-month,No,Mailed check,58.38,740.07,Yes
C6077-2658,Female,0,No,No,20,Yes,Yes,DSL,Yes,No,No,No,No,No,Month-to-month,No,Credit card (automatic),77.47,1540.59,No
C6078-6191,Female,0,No,No,58,Yes,No,Fiber optic,No,Yes,No,No,Yes,Yes,Month-to-month,No,Electronic check,111.89,6489.35,No
C6079-6719,Female,0,No,No,72,Yes,No,DSL,No,No,No,No,No,Yes,One year,No,Mailed check,81.17,5872.3,No
C6080-9080,Female,1,Yes,Yes,72,No,No phone service,Fiber optic,No,No,No,No,No,No,One year,Yes,Bank transfer (automatic),52.45,3780.75,No
C6081-4417,Female,1,Yes,Yes,14,Yes,Yes,No,No internet service,No internet service,No internet service,No internet service,No internet service,No internet service,Two year,Yes,Bank transfer (automatic),46.33,683.8,No
C6082-3122,Female,0,No,Yes,7,Yes,Yes,Fiber optic,Yes,No,No,No,Yes,No,One year,Yes,Electronic check,96.75,694.48,Yes
C6083-9317,Male,0,Yes,Yes,24,Yes,Yes,No,No internet service,No internet service,No internet service,No internet service,No internet service,No internet service,Two year,Yes,Mailed check,58.82,1418.34,No
C6084-7056,Male,0,No,No,12,Yes,No,Fiber optic,No,No,Yes,No,Yes,Yes,Month-to-month,No,Electronic check,95.21,1178.82,Yes
C6085-7881,Male,0,No,Yes,52,Yes,Yes,DSL,Yes,Yes,No,Yes,No,No,Two year,No,Credit card (automatic),77.54,4040.29,No
C6086-5004,Female,0,No,No,23,Yes,Yes,Fiber optic,No,Yes,Yes,No,Yes,No,Two year,No,Credit card (automatic),131.01,3018.42,No
C6087-5026,Male,0,Yes,No,21,Yes,Yes,DSL,No,Yes,Yes,No,No,Yes,Month-to-month,Yes,Bank transfer (automatic),89.05,1881.89,Yes
C6088-4501,Male,0,No,No,21,Yes,No,Fiber optic,Yes,Yes,No,No,Yes,Yes,Month-to-month,No,Credit card (automatic),105.7,2262.05,No
C6089-7744,Male,0,No,No,19,Yes,Yes,DSL,No,Yes,No,No,Yes,No,Two year,Yes,Mailed check,75.19,1434.89,No
C6090-2895,Male,0,No,No,7,Yes,No,DSL,No,No,Yes,Yes,No,No,Month-to-month,No,Credit card (automatic),82.11,574.27,No
C6091-9777,Male,0,No,No,12,Yes,No,DSL,Yes,No,Yes,No,Yes,No,One year,Yes,Electronic check,88.62,1033.09,No
C6092-2583,Male,1,Yes,No,45,Yes,No,Fiber optic,No,No,No,No,No,No,Month-to-month,Yes,Credit card (automatic),92.67,4176.81,Yes
C6093-5148,Male,0,No,No,10,Yes,Yes,No,No internet service,No internet service,No internet service,No internet service,No internet service,No internet service,Month-to-month,Yes,Mailed check,44.54,428.55,No
C6094-3831,Male,0,Yes,No,43,Yes,No,Fiber optic,No,Yes,No,No,Yes,Yes,Month-to-month,Yes,Electronic check,125.28,5357.82,No
C6095-6782,Male,0,No,No,30,Yes,No,DSL,No,No,Yes,No,No,Yes,Month-to-month,No,Electronic check,80.01,2396.37,No
C6096-7125,Male,0,No,Yes,58,Yes,Yes,Fiber optic,No,No,Yes,Yes,Yes,No,One year,No,Mailed check,115.16,6705.2,No
C6097-9267,Female,0,No,No,27,Yes,No,DSL,No,No,Yes,Yes,Yes,No,Two year,No,Electronic check,76.69,2087.68,No
C6098-8102,Male,0,Yes,Yes,13,No,No phone service,DSL,No,No,No,Yes,No,No,One year,No,Electronic check,40.38,537.84,No
C6099-3237,Female,0,No,No,13,Yes,No,Fiber optic,No,Yes,Yes,No,Yes,No,Month-to-month,No,Credit card (automatic),126.18,1659.87,Yes
C6100-2859,Male,0,Yes,Yes,5,Yes,No,Fiber optic,No,No,No,Yes,No,Yes,Month-to-month,Yes,Electronic check,90.23,421.22,No
C6101-8978,Male,0,Yes,Yes,14,Yes,Yes,DSL,No,No,No,No,Yes,Yes,Month-to-month,Yes,Electronic check,77.77,1076.67,Yes
C6102-5390,Male,0,No,No,22,Yes,Yes,Fiber optic,No,Yes,No,Yes,Yes,Yes,Month-to-month,No,Mailed check,123.96,2731.92,No
C6103-1877,Female,1,No,No,63,Yes,No,Fiber optic,No,Yes,Yes,No,Yes,Yes,One year,Yes,Mailed check,128.71,8089.59,Yes
C6104-8423,Male,0,Yes,No,45,Yes,No,Fiber optic,No,No,No,No,No,Yes,One year,Yes,Electronic check,86.64,3905.2,No
C6105-6835,Female,0,No,No,20,Yes,Yes,Fiber optic,No,Yes,No,No,No,Yes,Month-to-month,Yes,Electronic check,108.58,2164.12,No
C6106-1230,Female,0,No,No,11,Yes,No,DSL,No,No,No,Yes,Yes,No,One year,Yes,Electronic check,82.23,931.08,Yes
C6107-8044,Female,0,No,No,39,Yes,No,DSL,Yes,Yes,No,Yes,Yes,No,Month-to-month,Yes,Mailed check,94.93,3674.37,No
C6108-6465,Male,0,No,No,15,Yes,Yes,Fiber optic,No,Yes,No,No,No,No,Two year,Yes,Electronic check,113.73,1673.89,No
C6109-6530,Female,0,No,No,11,Yes,No,No,No internet service,No internet service,No internet service,No internet service,No internet service,No internet service,Month-to-month,No,Credit card (automatic),42.27,482.69,No
C6110-8783,Female,0,Yes,Yes,39,Yes,Yes,Fiber optic,No,No,Yes,Yes,Yes,Yes,Two year,No,Electronic check,143.18,5586.92,No
C6111-5459,Male,1,Yes,No,13,No,No phone service,DSL,No,Yes,No,Yes,No,No,One year,No,Credit card (automatic),63.75,848.96,No
C6112-5150,Male,0,No,No,50,Yes,Yes,DSL,No,Yes,No,No,No,Yes,Two year,No,Credit card (automatic),90.28,4497.96,No
C6113-6555,Female,0,No,No,5,Yes,Yes,Fiber optic,No,Yes,No,No,No,Yes,One year,Yes,Electronic check,99.88,534.15,Yes
C6114-2779,Male,0,Yes,Yes,12,Yes,No,No,No internet service,No internet service,No internet service,No internet service,No internet service,No internet service,One year,Yes,Electronic check,41.07,506.57,No
C6115-2364,Female,1,Yes,Yes,12,No,No phone service,No,No internet service,No internet service,No internet service,No internet service,No internet service,No internet service,Month-to-month,No,Bank transfer (automatic),18.25,215.4,Yes
C6116-8593,Male,0,No,No,47,Yes,No,DSL,No,No,No,No,No,No,Month-to-month,Yes,Bank transfer (automatic),63.55,2986.84,No
C6117-2939,Female,0,No,No,26,Yes,No,Fiber optic,No,No,Yes,No,No,Yes,Month-to-month,No,Electronic check,104.59,2714.02,Yes
C6118-5538,Male,0,No,No,46,Yes,No,Fiber optic,Yes,Yes,No,Yes,No,No,Two year,Yes,Credit card (automatic),113.63,5213.03,No
C6119-3428,Male,0,No,Yes,10,Yes,No,DSL,No,Yes,Yes,Yes,No,Yes,One year,Yes,Credit card (automatic),94.42,939.31,Yes
C6120-3073,Male,0,No,No,45,Yes,No,Fiber optic,No,Yes,No,Yes,No,No,One year,No,Electronic check,93.66,4218.33,No
C6121-6379,Male,0,No,Yes,42,Yes,No,Fiber optic,No,No,No,No,No,Yes,Month-to-month,No,Credit card (automatic),86.52,3631.09,No
C6122-8220,Male,0,Yes,No,13,Yes,No,Fiber optic,No,Yes,No,No,Yes,Yes,Month-to-month,No,Mailed check,99.56,1266.12,Yes
C6123-4976,Female,0,No,No,14,Yes,Yes,Fiber optic,No,No,Yes,No,Yes,No,Month-to-month,Yes,Bank transfer (automatic),114.55,1619.26,No
C6124-2248,Female,0,No,No,14,Yes,Yes,Fiber optic,No,No,No,No,Yes,Yes,Month-to-month,No,Bank transfer (automatic),108.55,1476.2,No
C6125-3200,Female,0,No,No,72,Yes,Yes,Fiber optic,No,Yes,Yes,Yes,No,No,Month-to-month,Yes,Credit card (automatic),119.41,8565.77,No
C6126-2480,Female,0,Yes,No,25,Yes,No,Fiber optic,No,Yes,Yes,No,No,Yes,Month-to-month,Yes,Credit card (automatic),99.9,2505.95,Yes
C6127-8944,Male,1,No,Yes,8,Yes,No,DSL,No,Yes,No,No,No,No,One year,No,Mailed check,66.85,530.05,No
C6128-3875,Female,0,No,Yes,13,Yes,Yes,DSL,No,No,Yes,No,Yes,Yes,Month-to-month,Yes,Electronic check,104.19,1367.12,No
C6129-4364,Male,1,Yes,No,72,Yes,Yes,Fiber optic,No,No,Yes,No,Yes,No,Month-to-month,Yes,Mailed check,107.34,7724.8,No
C6130-1639,Female,0,No,No,29,Yes,No,No,No internet service,No internet service,No internet service,No internet service,No internet service,No internet service,One year,Yes,Credit card (automatic),50.94,1502.22,No
C6131-5013,Female,0,No,No,22,Yes,No,DSL,No,No,No,Yes,No,Yes,One year,No,Mailed check,84.31,1838.75,No
C6132-9224,Male,0,No,No,5,Yes,Yes,Fiber optic,No,Yes,No,No,Yes,No,Month-to-month,Yes,Credit card (automatic),106.26,539.32,Yes
C6133-4686,Male,0,No,No,12,Yes,Yes,Fiber optic,Yes,No,No,No,Yes,No,Two year,No,Credit card (automatic),119.38,1456.51,No
C6134-6860,Male,0,Yes,Yes,60,Yes,Yes,Fiber optic,No,No,Yes,Yes,Yes,No,Month-to-month,Yes,Bank transfer (automatic),119.25,7162.15,Yes
C6135-2637,Female,0,No,No,30,Yes,No,DSL,No,Yes,Yes,No,Yes,No,One year,No,Mailed check,77.22,2332.14,No
C6136-2286,Male,1,Yes,Yes,12,Yes,No,Fiber optic,No,No,No,Yes,Yes,Yes,One year,Yes,Mailed check,109.38,1318.54,No
C6137-7583,Male,0,No,No,72,Yes,Yes,Fiber optic,No,No,Yes,No,No,Yes,Month-to-month,Yes,Bank transfer (automatic),110.53,7972.18,Yes
C6138-1591,Female,1,No,No,30,No,No phone service,DSL,No,No,No,No,No,No,Month-to-month,No,Electronic check,39.08,1153.05,Yes
C6139-5035,Male,0,No,No,72,Yes,No,DSL,No,No,No,Yes,No,No,Month-to-month,Yes,Credit card (automatic),67.87,4891.48,No
C6140-3850,Male,0,No,No,10,Yes,No,Fiber optic,No,No,No,No,Yes,Yes,Month-to-month,No,Mailed check,87.05,866.67,Yes
C6141-1146,Female,0,No,No,7,Yes,Yes,Fiber optic,No,No,No,Yes,No,No,Month-to-month,Yes,Electronic check,103.99,722.5,Yes
C6142-5780,Female,0,Yes,Yes,24,Yes,No,No,No internet service,No internet service,No internet service,No internet service,No internet service,No internet service,One year,Yes,Mailed check,34.29,789.82,No
C6143-9675,Female,0,Yes,No,5,Yes,Yes,Fiber optic,No,Yes,No,No,Yes,Yes,Month-to-month,Yes,Electronic check,112.79,577.41,Yes
C6144-1622,Male,0,Yes,Yes,18,Yes,No,DSL,No,Yes,Yes,Yes,No,Yes,Month-to-month,Yes,Bank transfer (automatic),98.99,1795.0,No
C6145-8341,Male,0,No,Yes,40,Yes,No,DSL,No,No,Yes,Yes,No,Yes,Month-to-month,Yes,Bank transfer (automatic),109.35,4392.78,No
C6146-5852,Male,0,No,No,37,Yes,Yes,DSL,No,No,Yes,Yes,Yes,Yes,One year,Yes,Credit card (automatic),97.65,3605.5,No
C6147-7511,Male,0,No,No,29,Yes,Yes,Fiber optic,No,No,Yes,No,No,No,Month-to-month,No,Credit card (automatic),106.02,3057.49,No
C6148-1868,Female,1,Yes,Yes,12,Yes,Yes,Fiber optic,No,Yes,No,Yes,Yes,No,One year,No,Bank transfer (automatic),125.45,1521.49,No
C6149-8820,Male,0,No,No,51,Yes,Yes,Fiber optic,Yes,No,No,No,Yes,Yes,Month-to-month,No,Credit card (automatic),120.39,6129.59,Yes
C6150-1102,Female,0,Yes,No,22,Yes,No,DSL,No,No,No,No,Yes,Yes,Month-to-month,Yes,Electronic check,79.41,1738.44,No
C6151-9160,Male,0,No,No,2,Yes,No,Fiber optic,No,Yes,Yes,No,Yes,No,Month-to-month,Yes,Credit card (automatic),112.37,229.77,Yes
C6152-6919,Female,0,No,No,10,Yes,No,DSL,No,Yes,Yes,No,No,No,One year,Yes,Credit card (automatic),81.57,799.08,Yes
C6153-4037,Female,1,No,No,11,No,No phone service,DSL,Yes,No,No,No,Yes,Yes,One year,Yes,Bank transfer (automatic),61.81,668.21,No
C6154-1063,Female,0,No,No,58,Yes,No,No,No internet service,No internet service,No internet service,No internet service,No internet service,No internet service,Two year,No,Credit card (automatic),44.0,2550.39,No
C6155-6498,Female,0,Yes,Yes,10,Yes,No,No,No internet service,No internet service,No internet service,No internet service,No internet service,No internet service,Two year,No,Credit card (automatic),38.98,411.15,No
C6156-1786,Female,0,Yes,No,35,Yes,Yes,Fiber optic,No,Yes,No,Yes,Yes,Yes,Two year,No,Mailed check,123.77,4319.8,No
C6157-6478,Male,0,No,No,4,Yes,No,DSL,No,No,No,Yes,No,No,Month-to-month,No,Mailed check,69.97,274.36,No
C6158-7957,Female,0,No,No,39,Yes,Yes,No,No internet service,No internet service,No internet service,No internet service,No internet service,No internet service,Month-to-month,No,Credit card (automatic),50.89,2010.23,No
C6159-3405,Male,0,Yes,No,5,Yes,No,Fiber optic,No,No,Yes,Yes,Yes,Yes,Two year,Yes,Credit card (automatic),114.95,576.33,No
C6160-3148,Female,0,Yes,Yes,56,Yes,Yes,DSL,Yes,No,No,No,No,Yes,One year,Yes,Mailed check,98.3,5510.24,Yes
C6161-2997,Male,0,No,No,22,Yes,Yes,Fiber optic,Yes,Yes,Yes,No,Yes,Yes,Month-to-month,No,Electronic check,124.6,2751.97,No
C6162-3023,Female,0,Yes,Yes,46,Yes,Yes,DSL,No,No,Yes,No,No,Yes,Month-to-month,Yes,Electronic check,88.84,4076.83,Yes
C6163-2025,Female,0,Yes,Yes,21,Yes,Yes,DSL,No,No,No,Yes,Yes,No,One year,Yes,Electronic check,104.46,2217.17,No
C6164-3247,Female,1,No,No,14,Yes,No,Fiber optic,No,No,Yes,No,Yes,No,One year,Yes,Electronic check,101.12,1424.8,No
C6165-6933,Male,0,No,Yes,5,Yes,Yes,DSL,No,No,Yes,No,No,Yes,Month-to-month,Yes,Bank transfer (automatic),76.77,383.92,Yes
C6166-3722,Male,1,Yes,No,3,Yes,No,Fiber optic,No,Yes,No,Yes,Yes,Yes,Month-to-month,Yes,Mailed check,121.81,360.34,Yes
C6167-8027,Female,0,Yes,No,14,Yes,Yes,Fiber optic,No,Yes,No,Yes,No,Yes,Month-to-month,Yes,Credit card (automatic),108.25,1499.55,No
C6168-8372,Female,0,Yes,Yes,25,Yes,No,No,No internet service,No internet service,No internet service,No internet service,No internet service,No internet service,Two year,No,Electronic check,51.07,1277.0,No
C6169-7847,Male,0,Yes,Yes,8,Yes,No,DSL,No,No,Yes,No,Yes,Yes,Month-to-month,No,Electronic check,84.27,675.54,Yes
C6170-5855,Male,0,No,No,72,Yes,No,DSL,No,Yes,No,Yes,Yes,No,Two year,No,Bank transfer (automatic),84.56,6081.82,No
C6171-3846,Female,0,Yes,Yes,66,Yes,No,Fiber optic,No,No,Yes,No,Yes,No,One year,No,Bank transfer (automatic),100.52,6651.45,No
C6172-9368,Female,0,Yes,No,22,Yes,Yes,Fiber optic,No,Yes,Yes,Yes,No,No,Two year,Yes,Electronic check,113.54,2499.06,No
C6173-2847,Male,1,No,No,72,Yes,Yes,Fiber optic,No,No,Yes,No,Yes,Yes,Two year,Yes,Credit card (automatic),115.57,8331.47,No
C6174-5180,Female,0,No,No,22,Yes,Yes,No,No internet service,No internet service,No internet service,No internet service,No internet service,No internet service,Month-to-month,Yes,Mailed check,43.6,957.47,No
C6175-5082,Female,0,Yes,Yes,8,Yes,Yes,Fiber optic,Yes,No,No,No,No,Yes,One year,No,Electronic check,109.3,887.94,Yes
C6176-7709,Female,0,Yes,No,19,Yes,Yes,No,No internet service,No internet service,No internet service,No internet service,No internet service,No internet service,One year,No,Mailed check,49.32,935.74,No
C6177-5920,Female,0,No,No,42,Yes,No,Fiber optic,No,Yes,No,Yes,Yes,No,Month-to-month,No,Electronic check,107.03,4504.36,No
C6178-8194,Male,0,No,No,12,Yes,No,Fiber optic,No,No,Yes,No,Yes,Yes,Month-to-month,Yes,Bank transfer (automatic),133.21,1570.26,No
C6179-9270,Female,0,No,No,72,Yes,No,No,No internet service,No internet service,No internet service,No internet service,No internet service,No internet service,One year,No,Electronic check,39.28,2821.32,No
C6180-4515,Female,0,Yes,Yes,16,Yes,Yes,DSL,No,No,Yes,No,No,No,Two year,No,Electronic check,87.23,1393.84,No
C6181-8872,Female,0,No,No,46,No,No phone service,Fiber optic,No,No,Yes,No,Yes,No,Month-to-month,Yes,Bank transfer (automatic),76.0,3508.24,No
C6182-2526,Male,0,Yes,Yes,21,Yes,No,Fiber optic,Yes,No,No,Yes,No,Yes,Month-to-month,No,Mailed check,107.81,2261.29,No
C6183-9243,Female,0,Yes,No,11,Yes,Yes,Fiber optic,No,Yes,Yes,Yes,No,Yes,Two year,Yes,Electronic check,120.74,1320.14,No
C6184-2601,Female,0,No,No,7,Yes,Yes,Fiber optic,No,Yes,No,Yes,Yes,No,Month-to-month,Yes,Bank transfer (automatic),132.27,933.22,No
C6185-8651,Female,0,No,No,50,Yes,No,No,No internet service,No internet service,No internet service,No internet service,No internet service,No internet service,Two year,No,Credit card (automatic),41.16,2053.08,No
C6186-4511,Male,0,Yes,Yes,33,Yes,Yes,DSL,Yes,No,No,No,Yes,Yes,Month-to-month,No,Mailed check,89.85,2986.58,No
C6187-9680,Male,0,Yes,No,13,Yes,Yes,No,No internet service,No internet service,No internet service,No internet service,No internet service,No internet service,Month-to-month,No,Electronic check,33.29,440.07,Yes
C6188-2162,Female,0,No,No,51,Yes,No,No,No internet service,No internet service,No internet service,No internet service,No internet service,No internet service,Month-to-month,Yes,Electronic check,43.2,2203.88,No
C6189-5189,Female,0,Yes,No,14,Yes,No,DSL,No,Yes,No,Yes,Yes,No,Month-to-month,No,Electronic check,90.01,1247.2,No
C6190-9116,Female,0,Yes,Yes,31,Yes,Yes,DSL,Yes,No,Yes,No,Yes,No,Month-to-month,Yes,Bank transfer (automatic),103.6,3190.72,No
C6191-1427,Female,0,Yes,No,35,Yes,Yes,Fiber optic,No,Yes,Yes,No,Yes,Yes,One year,No,Electronic check,121.81,4256.42,No
C6192-3384,Male,0,Yes,No,72,Yes,No,DSL,Yes,Yes,No,No,No,Yes,Month-to-month,No,Electronic check,88.86,6407.42,No
C6193-1751,Male,0,No,No,72,Yes,No,Fiber optic,Yes,No,No,No,No,Yes,Two year,No,Bank transfer (automatic),108.38,7812.5,No
C6194-3891,Female,0,Yes,No,14,Yes,No,Fiber optic,No,No,No,Yes,Yes,Yes,Month-to-month,Yes,Mailed check,101.55,1429.47,No
C6195-4512,Female,0,No,No,11,Yes,No,No,No internet service,No internet service,No internet service,No internet service,No internet service,No internet service,Month-to-month,Yes,Electronic check,47.69,521.11,No
C6196-6569,Female,0,No,No,29,Yes,No,DSL,Yes,Yes,No,No,No,Yes,One year,No,Electronic check,73.06,2134.53,No
C6197-3318,Male,0,Yes,Yes,56,No,No phone service,Fiber optic,No,No,No,No,Yes,Yes,Month-to-month,Yes,Mailed check,86.37,4829.57,No
C6198-2428,Male,0,No,No,3,Yes,No,No,No internet service,No internet service,No internet service,No internet service,No internet service,No internet service,Month-to-month,Yes,Credit card (automatic),34.45,85.3,No
C6199-2529,Female,1,Yes,No,72,No,No phone service,Fiber optic,Yes,Yes,Yes,Yes,Yes,Yes,Month-to-month,Yes,Mailed check,107.98,7762.32,No
C6200-9444,Female,0,No,No,17,Yes,Yes,DSL,Yes,No,No,No,No,No,Two year,Yes,Bank transfer (automatic),86.35,1470.99,No
C6201-9577,Female,0,No,No,54,Yes,No,DSL,No,Yes,No,Yes,No,No,Month-to-month,No,Bank transfer (automatic),89.81,4850.54,Yes
C6202-2992,Female,1,No,No,17,Yes,Yes,Fiber optic,No,Yes,No,No,No,No,Month-to-month,Yes,Bank transfer (automatic),105.55,1818.07,No
C6203-2758,Female,1,Yes,No,72,Yes,Yes,DSL,Yes,No,Yes,No,No,Yes,One year,No,Credit card (automatic),92.23,6657.96,No
C6204-1487,Female,0,No,No,17,Yes,Yes,DSL,No,No,No,No,Yes,Yes,Month-to-month,Yes,Electronic check,81.73,1370.85,No
C6205-9633,Male,1,No,Yes,44,Yes,No,Fiber optic,No,Yes,No,Yes,Yes,Yes,Two year,No,Electronic check,104.88,4604.86,No
C6206-7354,Female,0,Yes,Yes,26,Yes,No,Fiber optic,No,No,Yes,No,No,Yes,Month-to-month,No,Electronic check,97.3,2529.62,Yes
C6207-7846,Female,0,Yes,No,7,Yes,No,DSL,Yes,Yes,Yes,Yes,No,Yes,Month-to-month,No,Bank transfer (automatic),104.82,712.37,Yes
C6208-3614,Male,0,Yes,No,16,Yes,Yes,Fiber optic,Yes,No,Yes,No,Yes,No,Month-to-month,Yes,Mailed check,120.68,1922.77,Yes
C6209-6767,Male,0,Yes,No,2,Yes,No,Fiber optic,No,No,Yes,Yes,No,No,Month-to-month,Yes,Mailed check,100.73,209.59,Yes
C6210-1538,Male,0,Yes,Yes,14,Yes,Yes,Fiber optic,No,No,Yes,Yes,Yes,No,One year,No,Mailed check,115.14,1619.39,No
C6211-7083,Male,0,No,No,34,Yes,Yes,Fiber optic,Yes,Yes,No,No,Yes,Yes,Month-to-month,Yes,Credit card (automatic),133.14,4533.98,No
C6212-6216,Male,0,No,No,72,Yes,Yes,DSL,No,Yes,No,Yes,No,Yes,One year,Yes,Bank transfer (automatic),99.64,7174.52,No
C6213-3982,Female,0,Yes,No,24,Yes,Yes,Fiber optic,No,Yes,Yes,Yes,No,No,Month-to-month,No,Electronic check,120.19,2908.06,Yes
C6214-7393,Female,0,No,Yes,72,Yes,Yes,Fiber optic,Yes,Yes,No,No,No,No,Two year,Yes,Electronic check,100.13,7186.66,No
C6215-6817,Female,0,No,No,60,Yes,Yes,No,No internet service,No internet service,No internet service,No internet service,No internet service,No internet service,Month-to-month,No,Electronic check,44.07,2660.35,No
C6216-4950,Male,1,No,No,12,Yes,Yes,Fiber optic,No,Yes,Yes,No,No,Yes,Month-to-month,No,Mailed check,128.8,1553.35,Yes
C6217-2680,Male,0,No,No,26,Yes,Yes,DSL,Yes,No,Yes,No,No,Yes,Month-to-month,No,Mailed check,97.57,2540.24,No
C6218-1212,Male,0,No,No,40,No,No phone service,DSL,No,No,No,Yes,No,Yes,Month-to-month,No,Mailed check,43.84,1753.87,No
C6219-9438,Male,0,No,Yes,17,Yes,No,Fiber optic,Yes,Yes,No,Yes,No,Yes,Month-to-month,Yes,Bank transfer (automatic),117.17,1993.3,Yes
C6220-3531,Female,0,Yes,No,34,Yes,Yes,No,No internet service,No internet service,No internet service,No internet service,No internet service,No internet service,Two year,Yes,Credit card (automatic),52.67,1757.53,No
C6221-3715,Male,0,Yes,No,15,No,No phone service,Fiber optic,No,Yes,No,No,Yes,Yes,Month-to-month,No,Mailed check,86.2,1287.66,Yes
C6222-7128,Male,0,No,No,25,Yes,No,Fiber optic,No,No,Yes,No,No,No,Month-to-month,No,Credit card (automatic),98.01,2462.59,No
C6223-3296,Male,0,Yes,Yes,69,Yes,No,DSL,No,No,Yes,Yes,No,No,One year,No,Bank transfer (automatic),97.85,6727.3,Yes
C6224-4381,Male,0,Yes,Yes,16,Yes,No,DSL,No,Yes,No,No,Yes,Yes,Month-to-month,No,Electronic check,73.9,1200.89,Yes
C6225-7399,Female,0,Yes,No,5,Yes,Yes,Fiber optic,Yes,Yes,Yes,No,Yes,Yes,Month-to-month,Yes,Electronic check,120.86,612.14,No
C6226-6357,Male,0,No,No,72,Yes,No,DSL,No,Yes,Yes,Yes,Yes,Yes,One year,No,Credit card (automatic),94.49,6831.95,No
C6227-6907,Female,0,Yes,No,51,Yes,Yes,DSL,Yes,No,Yes,Yes,No,Yes,Month-to-month,Yes,Bank transfer (automatic),90.07,4589.16,No
C6228-1042,Female,0,No,Yes,39,No,No phone service,DSL,Yes,Yes,No,No,Yes,Yes,One year,No,Bank transfer (automatic),76.41,2980.24,No
C6229-5061,Female,1,Yes,Yes,72,Yes,No,No,No internet service,No internet service,No internet service,No internet service,No internet service,No internet service,One year,No,Electronic check,40.68,2924.31,No
C6230-5276,Female,0,No,No,54,Yes,No,DSL,Yes,Yes,No,No,Yes,Yes,Month-to-month,Yes,Electronic check,92.62,4979.38,Yes
C6231-6691,Male,0,No,No,17,Yes,No,DSL,No,Yes,Yes,No,Yes,Yes,One year,Yes,Bank transfer (automatic),91.92,1566.1,No
C6232-2362,Male,1,No,No,72,Yes,Yes,Fiber optic,No,No,No,Yes,No,Yes,Month-to-month,Yes,Bank transfer (automatic),110.72,7982.43,No
C6233-2435,Female,0,Yes,No,34,Yes,Yes,Fiber optic,No,Yes,Yes,Yes,No,No,Two year,Yes,Credit card (automatic),117.4,4026.26,No
C6234-7861,Male,1,Yes,No,47,Yes,Yes,Fiber optic,No,No,No,Yes,No,No,Month-to-month,Yes,Credit card (automatic),96.65,4540.67,No
C6235-7059,Female,0,No,No,3,Yes,No,Fiber optic,No,No,No,No,No,No,Month-to-month,Yes,Electronic check,89.05,251.39,Yes
C6236-8299,Female,0,No,No,9,Yes,Yes,Fiber optic,No,No,No,Yes,No,Yes,Month-to-month,Yes,Electronic check,119.7,1073.08,No
C6237-3435,Male,0,Yes,No,7,No,No phone service,Fiber optic,Yes,No,Yes,No,No,No,Month-to-month,Yes,Credit card (automatic),85.66,592.83,No
C6238-9977,Female,0,No,No,6,Yes,No,No,No internet service,No internet service,No internet service,No internet service,No internet service,No internet service,Month-to-month,Yes,Bank transfer (automatic),31.03,215.82,No
C6239-3455,Male,1,No,No,41,Yes,Yes,DSL,Yes,No,No,Yes,No,No,Month-to-month,Yes,Bank transfer (automatic),87.28,3567.11,No
C6240-6858,Male,0,Yes,No,11,Yes,Yes,Fiber optic,No,Yes,Yes,Yes,Yes,No,Two year,Yes,Electronic check,108.5,1209.93,No
C6241-2459,Male,1,No,No,33,Yes,Yes,Fiber optic,No,No,No,No,No,No,Month-to-month,Yes,Electronic check,78.08,2581.94,No
C6242-9265,Female,0,No,No,53,Yes,No,DSL,No,No,No,No,Yes,Yes,Month-to-month,No,Electronic check,77.68,4136.91,No
C6243-3991,Male,1,No,No,14,Yes,Yes,Fiber optic,Yes,No,No,No,No,No,Month-to-month,Yes,Credit card (automatic),108.4,1511.48,No
C6244-8221,Female,1,Yes,No,11,Yes,Yes,Fiber optic,No,Yes,No,No,No,Yes,One year,No,Mailed check,116.0,1256.03,Yes
C6245-3980,Male,0,Yes,No,3,Yes,Yes,DSL,No,No,Yes,No,Yes,Yes,Month-to-month,Yes,Bank transfer (automatic),70.37,244.51,Yes
C6246-8116,Male,1,Yes,Yes,65,Yes,Yes,Fiber optic,Yes,Yes,Yes,No,No,Yes,Two year,Yes,Electronic check,144.6,9407.3,No
C6247-5087,Female,0,Yes,Yes,14,Yes,Yes,Fiber optic,Yes,No,No,No,No,No,One year,No,Bank transfer (automatic),100.56,1435.88,No
C6248-1562,Female,0,Yes,No,72,Yes,No,Fiber optic,No,Yes,No,Yes,Yes,No,One year,No,Credit card (automatic),109.67,7925.53,No
C6249-2713,Female,0,No,Yes,38,Yes,Yes,DSL,Yes,No,Yes,Yes,No,Yes,Month-to-month,Yes,Bank transfer (automatic),99.14,3758.16,No
C6250-7150,Female,0,No,No,72,Yes,No,Fiber optic,Yes,No,No,No,No,Yes,Two year,Yes,Credit card (automatic),107.48,7748.77,No
C6251-2736,Female,0,Yes,Yes,6,Yes,Yes,Fiber optic,No,Yes,No,No,No,No,Month-to-month,No,Bank transfer (automatic),95.27,584.37,No
C6252-3477,Female,0,No,No,46,Yes,No,Fiber optic,No,Yes,Yes,No,Yes,Yes,One year,Yes,Mailed check,103.49,4761.21,No
C6253-5875,Male,0,Yes,No,47,Yes,Yes,DSL,No,Yes,No,Yes,Yes,Yes,Two year,No,Credit card (automatic),119.16,5615.42,No
C6254-3277,Male,0,Yes,No,62,Yes,No,DSL,Yes,No,No,No,No,Yes,Month-to-month,No,Electronic check,80.57,5016.43,No
C6255-2159,Female,0,No,No,12,Yes,Yes,No,No internet service,No internet service,No internet service,No internet service,No internet service,No internet service,Month-to-month,Yes,Credit card (automatic),39.92,467.16,No
C6256-6618,Female,0,No,No,15,Yes,No,DSL,Yes,No,Yes,No,No,No,Month-to-month,Yes,Bank transfer (automatic),80.2,1232.77,No
C6257-7199,Male,0,Yes,No,64,Yes,Yes,Fiber optic,No,No,No,Yes,Yes,No,Two year,Yes,Credit card (automatic),125.21,8017.12,No
C6258-7596,Male,1,No,No,4,Yes,No,No,No internet service,No internet service,No internet service,No internet service,No internet service,No internet service,Month-to-month,No,Electronic check,48.17,191.22,Yes
C6259-9494,Male,1,No,No,10,Yes,Yes,DSL,No,Yes,No,No,No,Yes,Month-to-month,Yes,Bank transfer (automatic),94.52,940.23,Yes
C6260-2120,Male,1,No,No,45,Yes,No,Fiber optic,Yes,Yes,Yes,No,No,Yes,Month-to-month,No,Bank transfer (automatic),107.67,4824.58,No
C6261-4840,Male,0,No,No,17,Yes,No,Fiber optic,No,No,No,No,No,No,One year,Yes,Credit card (automatic),82.32,1425.77,Yes
C6262-3105,Male,0,Yes,Yes,20,Yes,No,Fiber optic,No,Yes,No,No,Yes,No,One year,Yes,Electronic check,103.75,2073.43,No
C6263-9109,Male,1,Yes,Yes,1,Yes,Yes,No,No internet service,No internet service,No internet service,No internet service,No internet service,No internet service,Month-to-month,No,Bank transfer (automatic),50.77,31.79,No
C6264-5857,Male,0,No,Yes,72,Yes,No,Fiber optic,No,No,Yes,No,No,No,Two year,Yes,Electronic check,109.91,7929.06,No
C6265-1884,Female,0,No,No,18,Yes,No,Fiber optic,No,Yes,Yes,Yes,No,Yes,Month-to-month,No,Bank transfer (automatic),111.56,1989.92,No
C6266-7228,Male,0,Yes,Yes,43,Yes,No,Fiber optic,No,Yes,No,Yes,No,No,Month-to-month,Yes,Mailed check,104.85,4501.45,No
C6267-1386,Male,0,Yes,No,65,Yes,No,DSL,No,No,No,No,Yes,No,One year,Yes,Electronic check,78.32,5092.63,No
C6268-3467,Female,0,Yes,Yes,20,Yes,Yes,DSL,No,No,Yes,No,No,No,Month-to-month,Yes,Mailed check,81.64,1596.21,Yes
C6269-7491,Female,0,Yes,No,43,No,No phone service,No,No internet service,No internet service,No internet service,No internet service,No internet service,No internet service,One year,Yes,Electronic check,26.84,1166.3,No
C6270-5553,Male,0,Yes,No,72,Yes,Yes,DSL,No,Yes,Yes,No,No,No,Two year,No,Bank transfer (automatic),109.09,7859.57,No
C6271-7848,Male,0,No,No,50,Yes,No,DSL,Yes,Yes,Yes,Yes,No,No,Month-to-month,Yes,Bank transfer (automatic),99.65,4963.82,Yes
C6272-6140,Male,0,Yes,Yes,36,Yes,Yes,DSL,Yes,No,Yes,No,Yes,Yes,Month-to-month,No,Electronic check,86.02,3135.58,No
C6273-8586,Male,0,No,No,50,No,No phone service,No,No internet service,No internet service,No internet service,No internet service,No internet service,No internet service,Two year,No,Electronic check,24.78,1227.5,No
C6274-6062,Male,0,Yes,No,56,Yes,Yes,DSL,Yes,Yes,No,Yes,Yes,Yes,Month-to-month,Yes,Credit card (automatic),116.7,6499.69,No
C6275-1511,Female,0,Yes,Yes,24,Yes,Yes,Fiber optic,No,No,No,No,No,No,Month-to-month,No,Bank transfer (automatic),90.16,2158.56,No
C6276-1641,Female,0,No,No,72,Yes,No,No,No internet service,No internet service,No internet service,No internet service,No internet service,No internet service,Month-to-month,No,Credit card (automatic),39.73,2850.11,Yes
C6277-7991,Female,0,Yes,Yes,31,Yes,No,Fiber optic,No,No,Yes,No,No,Yes,Month-to-month,No,Electronic check,94.52,2935.47,Yes
C6278-1347,Female,0,Yes,Yes,58,Yes,Yes,DSL,No,No,Yes,No,No,No,Month-to-month,Yes,Bank transfer (automatic),92.29,5341.35,No
C6279-4388,Male,0,No,No,9,Yes,Yes,Fiber optic,Yes,Yes,No,Yes,No,No,Month-to-month,Yes,Bank transfer (automatic),127.13,1143.19,Yes
C6280-1144,Male,1,Yes,No,25,Yes,No,DSL,Yes,No,No,No,No,No,Month-to-month,No,Mailed check,69.82,1758.07,No
C6281-3729,Female,0,Yes,Yes,12,Yes,Yes,Fiber optic,Yes,No,Yes,Yes,Yes,Yes,Month-to-month,Yes,Mailed check,135.74,1626.52,Yes
C6282-6355,Female,0,No,No,39,Yes,No,No,No internet service,No internet service,No internet service,No internet service,No internet service,No internet service,One year,No,Electronic check,31.24,1204.08,No
C6283-2557,Male,1,Yes,No,8,Yes,No,Fiber optic,No,No,No,No,Yes,No,Month-to-month,No,Electronic check,81.33,653.53,Yes
C6284-5194,Male,0,No,No,50,Yes,Yes,Fiber optic,No,Yes,No,No,No,No,Two year,No,Credit card (automatic),109.05,5445.22,No
C6285-9963,Male,0,Yes,No,42,Yes,No,Fiber optic,No,Yes,No,No,Yes,Yes,Two year,No,Mailed check,98.24,4136.16,No
C6286-1634,Female,0,Yes,No,22,Yes,Yes,Fiber optic,No,Yes,Yes,No,No,No,Month-to-month,No,Electronic check,100.96,2203.96,No
C6287-1572,Male,0,Yes,Yes,54,Yes,No,No,No internet service,No internet service,No internet service,No internet service,No internet service,No internet service,Month-to-month,Yes,Bank transfer (automatic),36.64,1972.44,Yes
C6288-3440,Male,0,No,No,9,Yes,Yes,Fiber optic,Yes,Yes,No,Yes,No,No,One year,Yes,Credit card (automatic),113.19,1025.08,Yes
C6289-8442,Male,0,Yes,Yes,50,Yes,No,Fiber optic,Yes,No,No,No,No,Yes,Month-to-month,No,Mailed check,84.54,4233.81,No
C6290-4651,Male,0,No,No,10,Yes,Yes,DSL,No,Yes,No,No,No,No,Month-to-month,Yes,Bank transfer (automatic),77.32,789.26,No
C6291-6754,Male,0,No,No,14,Yes,Yes,Fiber optic,Yes,No,No,No,Yes,No,Month-to-month,Yes,Electronic check,106.37,1477.87,No
C6292-1304,Female,0,No,No,65,No,No phone service,Fiber optic,Yes,No,No,No,No,No,Month-to-month,No,Electronic check,81.17,5254.03,No
C6293-7614,Female,0,Yes,Yes,66,Yes,No,Fiber optic,No,Yes,Yes,No,Yes,Yes,Month-to-month,Yes,Mailed check,127.67,8455.18,No
C6294-1606,Female,1,No,No,39,No,No phone service,Fiber optic,No,Yes,No,Yes,No,No,Two year,Yes,Electronic check,88.59,3438.87,No
C6295-7404,Male,0,No,No,72,Yes,No,DSL,No,No,No,No,Yes,Yes,One year,Yes,Bank transfer (automatic),71.84,5163.34,No
C6296-2331,Male,0,Yes,Yes,72,Yes,No,No,No internet service,No internet service,No internet service,No internet service,No internet service,No internet service,Month-to-month,Yes,Mailed check,43.17,3116.45,Yes
C6297-8725,Female,0,No,No,22,Yes,No,Fiber optic,No,Yes,No,No,No,No,Month-to-month,No,Electronic check,101.22,2229.61,No
C6298-3664,Female,0,No,No,10,Yes,No,No,No internet service,No internet service,No internet service,No internet service,No internet service,No internet service,Month-to-month,No,Bank transfer (automatic),36.12,364.92,Yes
C6299-2653,Female,0,No,Yes,50,Yes,Yes,DSL,No,No,No,Yes,No,No,Month-to-month,Yes,Credit card (automatic),75.19,3743.76,No
C6300-4030,Female,0,No,No,32,No,No phone service,Fiber optic,No,Yes,No,No,Yes,No,One year,Yes,Mailed check,70.54,2245.69,No
C6301-1007,Male,0,Yes,Yes,43,Yes,No,Fiber optic,Yes,Yes,Yes,No,Yes,Yes,Month-to-month,Yes,Credit card (automatic),112.97,4861.35,No
C6302-2485,Male,1,Yes,No,46,Yes,No,Fiber optic,No,Yes,No,No,Yes,Yes,One year,Yes,Credit card (automatic),109.72,5059.81,No
C6303-6386,Female,0,No,No,13,Yes,Yes,DSL,No,No,No,No,Yes,Yes,Month-to-month,Yes,Bank transfer (automatic),92.08,1183.03,Yes
C6304-3706,Female,0,No,No,9,Yes,No,No,No internet service,No internet service,No internet service,No internet service,No internet service,No internet service,Month-to-month,No,Mailed check,39.79,354.27,No
C6305-4184,Male,0,No,No,44,Yes,Yes,DSL,No,No,Yes,No,Yes,Yes,One year,Yes,Bank transfer (automatic),101.41,4459.4,No
C6306-8264,Male,0,Yes,No,43,Yes,No,DSL,Yes,No,No,No,No,No,One year,Yes,Credit card (automatic),67.48,2895.21,No
C6307-2113,Female,0,No,No,6,Yes,No,No,No internet service,No internet service,No internet service,No internet service,No internet service,No internet service,Month-to-month,No,Electronic check,31.16,167.07,No
C6308-4562,Female,1,No,No,14,Yes,No,Fiber optic,No,Yes,No,No,Yes,Yes,Two year,No,Bank transfer (automatic),110.14,1549.07,No
C6309-2675,Female,0,No,No,9,Yes,Yes,No,No internet service,No internet service,No internet service,No internet service,No internet service,No internet service,Two year,Yes,Credit card (automatic),52.17,452.97,No
C6310-5345,Female,0,Yes,Yes,29,Yes,Yes,No,No internet service,No internet service,No internet service,No internet service,No internet service,No internet service,Month-to-month,Yes,Electronic check,42.23,1239.58,No
C6311-3985,Male,0,No,No,25,Yes,Yes,Fiber optic,Yes,No,Yes,No,Yes,Yes,One year,Yes,Mailed check,113.48,2823.79,No
C6312-1416,Male,0,Yes,No,3,Yes,No,No,No internet service,No internet service,No internet service,No internet service,No internet service,No internet service,Month-to-month,Yes,Credit card (automatic),47.71,173.92,No
C6313-1632,Male,0,No,Yes,29,Yes,Yes,DSL,No,Yes,Yes,No,No,Yes,Month-to-month,Yes,Electronic check,89.73,2609.92,Yes
C6314-8670,Female,0,Yes,No,34,Yes,No,No,No internet service,No internet service,No internet service,No internet service,No internet service,No internet service,Month-to-month,Yes,Credit card (automatic),47.25,1582.75,No
C6315-1512,Female,0,No,No,36,Yes,Yes,Fiber optic,No,No,No,Yes,No,Yes,Two year,Yes,Credit card (automatic),115.35,4151.46,No
C6316-8043,Female,0,Yes,No,9,Yes,Yes,No,No internet service,No internet service,No internet service,No internet service,No internet service,No internet service,Month-to-month,No,Electronic check,42.67,381.65,No
C6317-9243,Male,0,Yes,No,26,Yes,No,Fiber optic,No,Yes,No,No,No,Yes,Two year,No,Mailed check,96.85,2514.79,No
C6318-5191,Male,0,Yes,Yes,72,Yes,No,Fiber optic,Yes,Yes,Yes,No,Yes,No,Month-to-month,Yes,Electronic check,116.01,8379.96,Yes
C6319-3808,Female,0,No,No,14,Yes,Yes,No,No internet service,No internet service,No internet service,No internet service,No internet service,No internet service,Month-to-month,Yes,Electronic check,26.34,397.85,Yes
C6320-7986,Male,1,No,No,69,Yes,No,DSL,No,Yes,No,Yes,No,Yes,Month-to-month,No,Electronic check,99.81,6881.03,No
C6321-9839,Female,0,No,No,18,Yes,Yes,Fiber optic,No,Yes,No,No,Yes,No,Month-to-month,Yes,Mailed check,111.44,2031.78,No
C6322-2083,Male,0,No,No,59,Yes,No,No,No internet service,No internet service,No internet service,No internet service,No internet service,No internet service,One year,No,Electronic check,44.2,2598.25,Yes
C6323-9678,Female,0,Yes,Yes,43,Yes,No,No,No internet service,No internet service,No internet service,No internet service,No internet service,No internet service,Month-to-month,Yes,Electronic check,26.94,1139.58,No
C6324-9492,Male,0,Yes,Yes,28,Yes,Yes,Fiber optic,No,No,Yes,No,Yes,Yes,Two year,No,Credit card (automatic),130.25,3663.44,No
C6325-2282,Male,0,Yes,No,37,Yes,No,Fiber optic,Yes,Yes,No,No,No,No,One year,Yes,Bank transfer (automatic),97.72,3606.96,No
C6326-1492,Female,0,Yes,No,55,Yes,No,DSL,Yes,No,Yes,No,No,Yes,Month-to-month,No,Electronic check,84.26,4644.77,No
C6327-7433,Female,0,No,Yes,8,Yes,No,Fiber optic,No,Yes,Yes,No,Yes,No,Month-to-month,No,Mailed check,108.87,877.81,No
C6328-1698,Female,0,Yes,No,72,Yes,No,No,No internet service,No internet service,No internet service,No internet service,No internet service,No internet service,Two year,Yes,Mailed check,30.58,2192.22,No
C6329-6406,Female,0,No,No,38,No,No phone service,DSL,Yes,Yes,Yes,No,No,No,Month-to-month,Yes,Mailed check,60.85,2320.99,No
C6330-1582,Male,0,No,No,10,Yes,Yes,DSL,No,No,No,Yes,Yes,No,Month-to-month,Yes,Electronic check,95.98,985.93,No
C6331-7215,Male,1,No,No,55,Yes,Yes,DSL,No,No,No,Yes,No,Yes,Month-to-month,Yes,Credit card (automatic),94.07,5170.53,No
C6332-3085,Male,1,Yes,Yes,30,Yes,Yes,DSL,No,No,Yes,Yes,Yes,Yes,Two year,No,Credit card (automatic),103.08,3098.86,Yes
C6333-1865,Female,0,No,No,45,Yes,Yes,Fiber optic,Yes,No,No,Yes,No,No,Two year,Yes,Credit card (automatic),101.55,4559.14,No
C6334-1599,Male,0,No,No,25,Yes,Yes,DSL,Yes,No,Yes,No,No,Yes,Two year,Yes,Mailed check,90.18,2266.84,No
C6335-2696,Female,0,No,No,50,Yes,No,Fiber optic,No,Yes,Yes,Yes,No,No,Month-to-month,Yes,Bank transfer (automatic),110.88,5525.12,No
C6336-5866,Female,1,No,Yes,15,Yes,Yes,DSL,Yes,No,Yes,Yes,No,Yes,Two year,Yes,Electronic check,103.4,1556.27,No
C6337-1689,Male,0,Yes,Yes,20,Yes,No,No,No internet service,No internet service,No internet service,No internet service,No internet service,No internet service,Month-to-month,Yes,Electronic check,44.45,876.22,No
C6338-8219,Female,0,No,No,42,Yes,Yes,Fiber optic,No,No,No,No,No,Yes,One year,No,Mailed check,93.42,3917.5,No
C6339-6436,Male,0,No,No,72,Yes,No,Fiber optic,Yes,No,Yes,No,Yes,Yes,Two year,No,Mailed check,117.25,8410.6,No
C6340-3675,Female,0,No,No,27,No,No phone service,No,No internet service,No internet service,No internet service,No internet service,No internet service,No internet service,Month-to-month,Yes,Bank transfer (automatic),30.04,793.6,No
C6341-9878,Female,0,No,No,51,Yes,No,DSL,No,No,No,No,No,No,Two year,No,Electronic check,66.45,3363.36,No
C6342-6926,Male,0,No,No,48,Yes,Yes,No,No internet service,No internet service,No internet service,No internet service,No internet service,No internet service,Month-to-month,Yes,Bank transfer (automatic),53.27,2547.72,No
C6343-7047,Male,0,Yes,No,72,Yes,Yes,DSL,No,No,No,No,Yes,No,Two year,Yes,Credit card (automatic),72.31,5211.62,No
C6344-2565,Male,1,Yes,Yes,11,Yes,No,Fiber optic,Yes,No,Yes,No,No,No,Month-to-month,No,Bank transfer (automatic),107.89,1171.5,No
C6345-7396,Female,0,No,No,36,Yes,Yes,DSL,No,Yes,Yes,No,Yes,Yes,Month-to-month,Yes,Electronic check,99.91,3576.81,No
C6346-6032,Female,1,No,No,34,Yes,Yes,No,No internet service,No internet service,No internet service,No internet service,No internet service,No internet service,One year,No,Credit card (automatic),30.48,1025.0,No
C6347-9860,Female,0,No,Yes,36,Yes,Yes,Fiber optic,No,No,No,Yes,Yes,Yes,Month-to-month,Yes,Electronic check,137.78,4964.55,No
C6348-5301,Female,1,Yes,Yes,17,Yes,Yes,DSL,No,No,Yes,Yes,Yes,Yes,Month-to-month,Yes,Credit card (automatic),104.2,1748.26,Yes
C6349-7101,Male,0,No,No,28,Yes,Yes,Fiber optic,No,Yes,Yes,No,No,Yes,Month-to-month,Yes,Electronic check,128.63,3595.39,Yes
C6350-4069,Female,0,No,No,59,Yes,Yes,No,No internet service,No internet service,No internet service,No internet service,No internet service,No internet service,Two year,No,Credit card (automatic),52.83,3140.6,No
C6351-1361,Female,0,No,No,12,Yes,Yes,DSL,No,Yes,Yes,No,No,Yes,Two year,Yes,Credit card (automatic),84.54,1008.24,No
C6352-2151,Female,1,Yes,No,42,Yes,Yes,Fiber optic,No,No,No,No,No,Yes,One year,Yes,Electronic check,99.27,4182.91,No
C6353-8802,Female,0,Yes,Yes,23,Yes,No,DSL,No,No,No,Yes,No,No,Month-to-month,No,Mailed check,72.37,1645.52,No
C6354-7642,Male,0,No,No,35,Yes,No,DSL,Yes,No,No,No,No,No,Month-to-month,Yes,Electronic check,96.23,3393.68,No
C6355-4281,Male,0,No,No,22,Yes,No,No,No internet service,No internet service,No internet service,No internet service,No internet service,No internet service,Month-to-month,Yes,Bank transfer (automatic),40.71,857.5,No
C6356-7279,Male,0,Yes,No,59,Yes,Yes,Fiber optic,No,Yes,No,No,Yes,Yes,Month-to-month,No,Electronic check,107.29,6288.64,No
C6357-1039,Male,0,No,No,10,Yes,No,DSL,No,No,Yes,Yes,No,No,Two year,Yes,Bank transfer (automatic),71.31,720.13,No
C6358-1334,Female,0,Yes,No,35,Yes,No,No,No internet service,No internet service,No internet service,No internet service,No internet service,No internet service,Month-to-month,No,Bank transfer (automatic),49.51,1728.34,No
C6359-5564,Female,0,Yes,Yes,63,Yes,No,No,No internet service,No internet service,No internet service,No internet service,No internet service,No internet service,Month-to-month,Yes,Electronic check,34.95,2202.47,No
C6360-6624,Male,0,Yes,No,37,No,No phone service,No,No internet service,No internet service,No internet service,No internet service,No internet service,No internet service,Month-to-month,No,Electronic check,18.25,663.13,No
C6361-9432,Female,0,Yes,No,14,No,No phone service,DSL,No,Yes,No,No,No,No,Two year,No,Mailed check,52.6,747.1,No
C6362-7836,Male,0,No,No,13,Yes,No,Fiber optic,Yes,Yes,No,No,No,No,Month-to-month,Yes,Mailed check,121.88,1559.29,No
C6363-3315,Female,0,Yes,Yes,34,Yes,Yes,No,No internet service,No internet service,No internet service,No internet service,No internet service,No internet service,One year,No,Credit card (automatic),47.48,1632.16,No
C6364-8335,Female,0,No,No,5,Yes,Yes,DSL,Yes,No,Yes,No,No,No,Month-to-month,Yes,Credit card (automatic),96.73,518.39,No
C6365-5423,Female,0,Yes,No,43,Yes,Yes,Fiber optic,Yes,No,No,Yes,Yes,No,Month-to-month,Yes,Credit card (automatic),121.29,5182.19,No
C6366-8433,Female,0,Yes,Yes,7,Yes,Yes,No,No internet service,No internet service,No internet service,No internet service,No internet service,No internet service,One year,No,Credit card (automatic),41.4,300.68,No
C6367-2563,Male,0,Yes,Yes,10,No,No phone service,DSL,No,Yes,No,No,Yes,Yes,Month-to-month,Yes,Electronic check,63.96,671.26,Yes
C6368-1236,Female,0,Yes,No,72,Yes,No,Fiber optic,No,Yes,Yes,Yes,No,Yes,Month-to-month,Yes,Electronic check,121.9,8782.75,No
C6369-1519,Female,0,No,No,72,Yes,No,No,No internet service,No internet service,No internet service,No internet service,No internet service,No internet service,Month-to-month,No,Electronic check,18.25,1305.87,No
C6370-9916,Female,0,No,No,20,Yes,No,Fiber optic,Yes,No,Yes,No,Yes,No,Two year,No,Credit card (automatic),101.64,2017.29,No
C6371-1724,Female,0,No,No,66,Yes,Yes,No,No internet service,No internet service,No internet service,No internet service,No internet service,No internet service,One year,No,Credit card (automatic),37.89,2506.46,No
C6372-9453,Male,0,No,No,14,Yes,No,No,No internet service,No internet service,No internet service,No internet service,No internet service,No internet service,Two year,No,Electronic check,42.47,604.8,No
C6373-7542,Male,1,No,No,44,Yes,Yes,No,No internet service,No internet service,No internet service,No internet service,No internet service,No internet service,Month-to-month,No,Credit card (automatic),40.71,1773.58,No
C6374-2314,Male,0,No,No,70,No,No phone service,Fiber optic,No,No,Yes,No,Yes,Yes,One year,Yes,Electronic check,84.78,5949.0,No
C6375-8775,Female,0,No,No,16,No,No phone service,DSL,No,No,No,No,No,No,Month-to-month,No,Electronic check,46.67,749.89,No
C6376-2297,Female,0,No,No,7,Yes,No,Fiber optic,Yes,Yes,Yes,No,No,No,Month-to-month,Yes,Credit card (automatic),93.55,616.11,No
C6377-2289,Female,0,Yes,No,32,Yes,Yes,No,No internet service,No internet service,No internet service,No internet service,No internet service,No internet service,Month-to-month,Yes,Electronic check,31.76,1024.94,No
C6378-6179,Female,0,Yes,No,15,Yes,No,DSL,No,No,No,Yes,No,No,Month-to-month,Yes,Mailed check,78.59,1144.95,No
C6379-3594,Male,1,No,No,16,Yes,No,DSL,No,Yes,No,No,Yes,Yes,Month-to-month,No,Electronic check,81.39,1293.51,No
C6380-3617,Male,0,No,No,10,Yes,Yes,Fiber optic,Yes,No,No,No,Yes,No,Two year,Yes,Bank transfer (automatic),96.33,983.89,No
C6381-2755,Male,0,Yes,No,1,Yes,No,Fiber optic,No,No,Yes,No,Yes,No,One year,Yes,Credit card (automatic),104.97,109.8,No
C6382-6468,Female,0,No,No,18,No,No phone service,No,No internet service,No internet service,No internet service,No internet service,No internet service,No internet service,Two year,Yes,Electronic check,18.25,315.42,No
C6383-1241,Female,1,Yes,No,20,Yes,No,No,No internet service,No internet service,No internet service,No internet service,No internet service,No internet service,Month-to-month,Yes,Electronic check,48.21,975.51,No
C6384-3205,Male,0,No,No,14,Yes,Yes,DSL,Yes,No,Yes,No,No,No,Month-to-month,Yes,Electronic check,89.79,1248.83,Yes
C6385-5980,Female,0,No,Yes,10,Yes,Yes,DSL,No,Yes,Yes,No,Yes,Yes,Month-to-month,Yes,Electronic check,91.08,928.15,No
C6386-5378,Male,1,Yes,Yes,55,Yes,Yes,Fiber optic,Yes,No,Yes,No,No,No,Two year,Yes,Bank transfer (automatic),105.51,5790.9,No
C6387-7298,Female,1,No,No,37,Yes,Yes,DSL,No,No,No,Yes,Yes,Yes,Month-to-month,Yes,Mailed check,98.1,3621.48,No
C6388-2945,Male,0,No,No,7,Yes,No,DSL,No,Yes,Yes,No,Yes,No,Month-to-month,No,Electronic check,91.21,643.73,No
C6389-6830,Male,0,No,No,33,Yes,No,Fiber optic,Yes,No,No,Yes,No,Yes,One year,Yes,Bank transfer (automatic),116.61,3871.66,No
C6390-7838,Male,0,No,No,12,No,No phone service,DSL,Yes,Yes,No,No,No,No,Month-to-month,Yes,Electronic check,53.36,642.04,No
C6391-4492,Female,0,No,Yes,52,Yes,No,Fiber optic,Yes,No,No,No,Yes,No,One year,No,Credit card (automatic),108.08,5627.42,No
C6392-3311,Male,0,No,No,14,Yes,Yes,DSL,No,Yes,Yes,Yes,Yes,No,One year,Yes,Bank transfer (automatic),119.13,1667.39,No
C6393-5994,Male,0,No,No,59,Yes,Yes,Fiber optic,No,No,No,No,No,No,One year,Yes,Credit card (automatic),104.13,6166.74,No
C6394-6209,Male,0,Yes,Yes,56,Yes,Yes,Fiber optic,Yes,No,No,No,No,No,Two year,No,Credit card (automatic),108.19,6028.96,No
C6395-1846,Female,0,Yes,No,40,Yes,No,DSL,No,No,No,No,No,Yes,Month-to-month,No,Credit card (automatic),69.0,2734.22,No
C6396-6085,Female,0,Yes,No,14,Yes,No,Fiber optic,Yes,Yes,Yes,Yes,Yes,No,Month-to-month,Yes,Mailed check,130.26,1807.5,No
C6397-2388,Male,0,Yes,No,22,Yes,No,DSL,No,No,Yes,Yes,No,No,Month-to-month,Yes,Mailed check,67.07,1491.01,No
C6398-6118,Female,0,No,No,25,Yes,Yes,Fiber optic,Yes,No,No,No,Yes,Yes,Month-to-month,Yes,Credit card (automatic),118.35,2966.2,Yes
C6399-9385,Female,0,No,No,30,Yes,No,DSL,No,No,Yes,No,Yes,No,Month-to-month,Yes,Bank transfer (automatic),71.32,2158.12,No
C6400-5833,Female,0,No,Yes,63,Yes,Yes,No,No internet service,No internet service,No internet service,No internet service,No internet service,No internet service,Month-to-month,Yes,Mailed check,41.43,2616.29,No
C6401-7852,Female,0,Yes,No,20,Yes,No,No,No internet service,No internet service,No internet service,No internet service,No internet service,No internet service,Month-to-month,No,Electronic check,44.05,898.97,No
C6402-3787,Female,0,No,No,51,Yes,No,Fiber optic,No,No,Yes,No,Yes,No,Month-to-month,Yes,Credit card (automatic),82.97,4239.64,No
C6403-9303,Female,1,No,No,9,Yes,Yes,No,No internet service,No internet service,No internet service,No internet service,No internet service,No internet service,Two year,Yes,Credit card (automatic),35.05,325.92,No
C6404-8314,Female,0,Yes,Yes,15,Yes,Yes,Fiber optic,No,No,No,Yes,No,No,Month-to-month,No,Credit card (automatic),97.75,1437.28,No
C6405-9249,Female,1,No,No,13,Yes,No,DSL,No,Yes,No,Yes,Yes,No,Two year,No,Credit card (automatic),65.01,868.15,No
C6406-7673,Female,0,Yes,Yes,52,Yes,Yes,DSL,No,No,No,No,No,No,One year,No,Electronic check,74.1,3855.21,No
C6407-6843,Female,0,No,No,72,Yes,Yes,Fiber optic,Yes,No,Yes,No,Yes,No,Month-to-month,Yes,Credit card (automatic),112.32,8109.09,No
C6408-5724,Female,0,Yes,No,17,Yes,Yes,Fiber optic,Yes,Yes,No,No,No,No,Month-to-month,No,Electronic check,115.47,1984.3,Yes
C6409-9353,Female,0,No,No,13,No,No phone service,No,No internet service,No internet service,No internet service,No internet service,No internet service,No internet service,One year,Yes,Electronic check,19.98,263.1,No
C6410-8632,Female,0,No,No,23,Yes,No,No,No internet service,No internet service,No internet service,No internet service,No internet service,No internet service,One year,No,Electronic check,35.79,812.86,No
C6411-4749,Female,0,No,No,12,No,No phone service,Fiber optic,No,No,No,Yes,No,No,Month-to-month,Yes,Mailed check,68.36,839.01,No
C6412-1770,Female,0,Yes,Yes,18,No,No phone service,Fiber optic,Yes,No,No,No,Yes,Yes,Month-to-month,Yes,Bank transfer (automatic),98.47,1756.93,No
C6413-1032,Female,0,Yes,No,23,Yes,No,DSL,No,Yes,Yes,No,Yes,No,Month-to-month,Yes,Mailed check,90.61,2089.63,No
C6414-3101,Male,0,No,No,23,Yes,No,DSL,Yes,Yes,No,No,No,Yes,One year,No,Mailed check,95.26,2156.13,No
C6415-1563,Female,0,Yes,Yes,5,Yes,Yes,DSL,No,Yes,Yes,No,Yes,Yes,Two year,Yes,Credit card (automatic),99.32,502.56,No
C6416-2903,Male,0,Yes,No,17,Yes,Yes,Fiber optic,No,No,Yes,Yes,Yes,No,Month-to-month,Yes,Electronic check,113.12,1937.7,No
C6417-1985,Male,0,No,No,72,Yes,Yes,DSL,No,No,No,No,Yes,No,One year,No,Electronic check,75.77,5467.03,Yes
C6418-9828,Male,0,No,No,6,Yes,No,No,No internet service,No internet service,No internet service,No internet service,No internet service,No internet service,Month-to-month,Yes,Electronic check,52.55,308.69,Yes
C6419-1858,Male,0,No,No,30,Yes,No,No,No internet service,No internet service,No internet service,No internet service,No internet service,No internet service,Month-to-month,Yes,Credit card (automatic),53.04,1579.96,No
C6420-6641,Male,0,Yes,No,28,Yes,No,DSL,No,No,No,No,Yes,Yes,One year,No,Credit card (automatic),81.19,2285.57,Yes
C6421-4164,Male,0,No,No,72,Yes,Yes,Fiber optic,No,Yes,No,No,No,No,Two year,Yes,Electronic check,91.21,6588.24,No
C6422-2567,Male,0,No,No,29,Yes,Yes,Fiber optic,Yes,Yes,No,Yes,No,Yes,Month-to-month,Yes,Mailed check,125.69,3612.04,No
C6423-7310,Female,0,Yes,No,72,Yes,Yes,Fiber optic,Yes,Yes,Yes,No,No,No,One year,No,Electronic check,119.73,8616.54,No
C6424-9734,Male,0,Yes,No,28,Yes,Yes,Fiber optic,No,No,No,No,No,No,Month-to-month,Yes,Bank transfer (automatic),103.87,2909.03,No
C6425-8115,Female,0,Yes,Yes,16,Yes,Yes,Fiber optic,Yes,No,No,No,No,No,Month-to-month,Yes,Electronic check,93.83,1487.65,No
C6426-9776,Female,0,No,No,30,Yes,No,Fiber optic,Yes,Yes,Yes,No,Yes,No,One year,Yes,Mailed check,119.42,3601.71,Yes
C6427-6311,Male,0,Yes,Yes,8,Yes,No,DSL,Yes,No,Yes,No,Yes,No,One year,No,Credit card (automatic),113.21,910.35,No
C6428-7061,Male,0,No,No,32,Yes,Yes,DSL,Yes,Yes,Yes,No,Yes,No,Month-to-month,No,Mailed check,91.06,2914.69,No
C6429-2317,Female,0,Yes,No,18,Yes,No,No,No internet service,No internet service,No internet service,No internet service,No internet service,No internet service,Two year,Yes,Mailed check,43.71,780.25,No
C6430-8670,Female,0,Yes,Yes,17,Yes,Yes,No,No internet service,No internet service,No internet service,No internet service,No internet service,No internet service,Two year,Yes,Electronic check,51.92,888.44,No
C6431-7730,Male,0,No,Yes,55,Yes,Yes,Fiber optic,No,No,No,Yes,Yes,No,Month-to-month,Yes,Mailed check,100.97,5547.45,Yes
C6432-3285,Male,0,No,No,21,Yes,No,DSL,No,Yes,No,No,Yes,No,Month-to-month,Yes,Mailed check,84.85,1766.91,No
C6433-4192,Female,0,No,No,3,No,No phone service,Fiber optic,No,Yes,No,No,No,No,Month-to-month,Yes,Bank transfer (automatic),74.87,215.44,Yes
C6434-6497,Male,0,No,No,38,Yes,No,Fiber optic,Yes,Yes,No,No,No,No,Two year,Yes,Bank transfer (automatic),107.25,4061.44,No
C6435-1116,Female,0,Yes,Yes,45,Yes,Yes,Fiber optic,No,Yes,Yes,Yes,Yes,Yes,Month-to-month,No,Electronic check,129.55,5828.17,Yes
C6436-8360,Female,1,Yes,No,72,Yes,Yes,DSL,Yes,No,Yes,No,Yes,Yes,Month-to-month,No,Mailed check,103.63,7476.06,No
C6437-3525,Female,0,Yes,No,32,Yes,No,No,No internet service,No internet service,No internet service,No internet service,No internet service,No internet service,Two year,No,Electronic check,40.73,1277.77,No
C6438-1674,Male,0,Yes,Yes,19,Yes,Yes,No,No internet service,No internet service,No internet service,No internet service,No internet service,No internet service,Month-to-month,Yes,Electronic check,44.01,838.67,Yes
C6439-3975,Female,0,No,No,39,Yes,No,No,No internet service,No internet service,No internet service,No internet service,No internet service,No internet service,Two year,No,Bank transfer (automatic),36.11,1446.8,No
C6440-8521,Female,0,No,No,9,Yes,Yes,No,No internet service,No internet service,No internet service,No internet service,No internet service,No internet service,Two year,Yes,Credit card (automatic),45.33,415.93,Yes
C6441-3467,Female,0,Yes,No,17,Yes,Yes,DSL,No,No,No,No,No,No,Month-to-month,Yes,Mailed check,70.06,1194.49,No
C6442-5852,Female,1,Yes,Yes,42,Yes,No,DSL,No,No,No,No,Yes,No,One year,No,Mailed check,69.29,2937.54,No
C6443-8306,Male,0,No,No,22,Yes,Yes,Fiber optic,No,No,No,Yes,Yes,No,One year,Yes,Mailed check,98.78,2136.2,No
C6444-1303,Female,0,No,Yes,5,Yes,No,Fiber optic,No,No,Yes,No,No,No,One year,No,Credit card (automatic),89.16,473.92,No
C6445-7838,Male,0,Yes,No,21,Yes,Yes,No,No internet service,No internet service,No internet service,No internet service,No internet service,No internet service,One year,Yes,Electronic check,33.24,684.06,No
C6446-3597,Female,1,Yes,No,29,Yes,No,DSL,No,No,No,No,No,No,Month-to-month,Yes,Mailed check,73.36,2133.17,No
C6447-7259,Female,0,Yes,Yes,21,Yes,No,DSL,Yes,No,Yes,No,Yes,Yes,Two year,No,Mailed check,96.74,2008.83,No
C6448-2692,Female,0,Yes,Yes,5,Yes,No,Fiber optic,Yes,No,Yes,No,Yes,Yes,One year,Yes,Mailed check,119.96,574.83,No
C6449-2250,Female,0,Yes,No,1,Yes,No,Fiber optic,Yes,Yes,No,No,No,Yes,One year,Yes,Mailed check,104.98,99.76,Yes
C6450-8093,Male,0,No,No,48,Yes,Yes,Fiber optic,Yes,No,Yes,No,No,Yes,One year,Yes,Credit card (automatic),109.76,5270.23,No
C6451-8269,Female,0,Yes,No,44,Yes,No,Fiber optic,No,No,No,No,No,No,Two year,Yes,Electronic check,84.27,3711.75,No
C6452-9830,Male,0,No,No,15,Yes,No,No,No internet service,No internet service,No internet service,No internet service,No internet service,No internet service,Month-to-month,Yes,Electronic check,31.89,500.74,No
C6453-7093,Male,0,Yes,No,14,Yes,No,Fiber optic,No,No,No,No,Yes,Yes,Month-to-month,Yes,Mailed check,88.21,1201.03,No
C6454-5192,Female,0,Yes,Yes,20,Yes,Yes,DSL,Yes,No,No,No,No,Yes,Month-to-month,Yes,Electronic check,86.7,1729.46,No
C6455-2753,Female,0,Yes,No,50,Yes,No,No,No internet service,No internet service,No internet service,No internet service,No internet service,No internet service,Month-to-month,Yes,Electronic check,32.74,1609.03,No
C6456-3656,Male,0,No,No,30,Yes,Yes,Fiber optic,No,No,No,No,No,No,Two year,Yes,Credit card (automatic),96.31,2889.39,Yes
C6457-6832,Female,0,No,No,67,Yes,No,Fiber optic,No,No,No,No,Yes,No,Month-to-month,Yes,Bank transfer (automatic),87.08,5871.5,No
C6458-4114,Female,0,Yes,Yes,29,Yes,No,Fiber optic,No,Yes,Yes,No,No,No,Month-to-month,Yes,Bank transfer (automatic),90.89,2658.33,No
C6459-5351,Female,0,No,No,12,Yes,No,Fiber optic,No,No,Yes,No,No,Yes,Month-to-month,No,Electronic check,101.84,1203.48,No
C6460-2512,Female,0,No,No,15,Yes,Yes,DSL,No,Yes,No,No,Yes,No,Two year,No,Electronic check,70.26,1056.13,No
C6461-4953,Female,0,No,No,39,Yes,Yes,No,No internet service,No internet service,No internet service,No internet service,No internet service,No internet service,Month-to-month,Yes,Electronic check,54.73,2124.61,No
C6462-3141,Male,0,No,No,72,No,No phone service,Fiber optic,Yes,Yes,Yes,No,No,No,Two year,No,Electronic check,89.85,6496.83,No
C6463-2008,Male,0,No,No,31,Yes,No,No,No internet service,No internet service,No internet service,No internet service,No internet service,No internet service,Month-to-month,Yes,Electronic check,34.35,1076.19,No
C6464-2187,Male,0,Yes,No,56,Yes,Yes,No,No internet service,No internet service,No internet service,No internet service,No internet service,No internet service,Month-to-month,Yes,Bank transfer (automatic),44.64,2478.91,No
C6465-5664,Female,0,No,Yes,36,Yes,Yes,DSL,No,Yes,No,No,No,Yes,Month-to-month,Yes,Bank transfer (automatic),97.75,3524.39,No
C6466-4297,Female,0,No,No,33,Yes,Yes,DSL,Yes,Yes,No,No,No,Yes,Two year,Yes,Electronic check,92.69,3062.72,No
C6467-1899,Male,0,No,No,72,Yes,No,Fiber optic,Yes,No,No,No,No,Yes,Month-to-month,No,Bank transfer (automatic),102.34,7373.67,No
C6468-5628,Female,0,Yes,No,10,Yes,Yes,Fiber optic,Yes,No,Yes,No,Yes,No,Month-to-month,Yes,Electronic check,111.05,1112.86,Yes
C6469-2478,Female,0,No,No,20,No,No phone service,DSL,No,No,Yes,No,Yes,No,Month-to-month,No,Bank transfer (automatic),70.14,1421.12,No
C6470-1138,Male,0,Yes,No,17,Yes,Yes,Fiber optic,Yes,No,Yes,No,No,Yes,Month-to-month,Yes,Mailed check,120.01,2052.26,No
C6471-2192,Female,0,No,No,26,Yes,No,DSL,No,Yes,Yes,No,Yes,Yes,Month-to-month,Yes,Mailed check,103.37,2691.08,Yes
C6472-5036,Male,1,No,No,6,Yes,Yes,DSL,Yes,Yes,Yes,No,No,No,Month-to-month,Yes,Credit card (automatic),77.71,459.83,No
C6473-9586,Female,0,Yes,No,25,Yes,Yes,Fiber optic,Yes,Yes,Yes,No,Yes,Yes,Month-to-month,Yes,Mailed check,121.99,3048.81,No
C6474-3174,Female,0,No,No,14,Yes,No,DSL,Yes,No,Yes,Yes,Yes,No,One year,Yes,Mailed check,93.2,1297.67,No
C6475-3563,Male,0,No,No,15,Yes,Yes,DSL,No,No,Yes,No,Yes,Yes,Month-to-month,No,Electronic check,100.14,1488.38,Yes
C6476-3183,Female,0,No,No,60,Yes,Yes,Fiber optic,Yes,Yes,No,No,No,Yes,One year,Yes,Bank transfer (automatic),125.27,7496.08,No
C6477-4196,Male,0,No,No,13,Yes,No,DSL,Yes,No,No,No,No,No,Two year,Yes,Bank transfer (automatic),71.93,942.07,No
C6478-7455,Female,0,No,No,72,Yes,Yes,Fiber optic,Yes,Yes,Yes,Yes,No,No,One year,No,Electronic check,117.03,8448.99,No
C6479-3898,Female,0,Yes,Yes,30,Yes,Yes,Fiber optic,No,No,Yes,No,No,No,Two year,No,Bank transfer (automatic),96.17,2892.13,No
C6480-6917,Male,0,No,No,2,No,No phone service,No,No internet service,No internet service,No internet service,No internet service,No internet service,No internet service,Month-to-month,No,Electronic check,28.88,40.44,No
C6481-9083,Male,0,No,No,56,Yes,No,Fiber optic,Yes,No,Yes,No,Yes,Yes,Month-to-month,No,Credit card (automatic),120.43,6728.35,No
C6482-9514,Male,0,No,No,1,Yes,Yes,Fiber optic,Yes,Yes,No,No,Yes,No,Month-to-month,No,Electronic check,125.05,137.83,Yes
C6483-6066,Male,0,No,No,8,No,No phone service,DSL,Yes,Yes,No,Yes,Yes,No,Month-to-month,No,Credit card (automatic),88.24,695.03,No
C6484-7418,Male,0,No,No,35,No,No phone service,No,No internet service,No internet service,No internet service,No internet service,No internet service,No internet service,Month-to-month,Yes,Bank transfer (automatic),18.25,637.05,No
C6485-9271,Male,0,Yes,No,21,Yes,No,DSL,No,No,No,No,Yes,Yes,Month-to-month,Yes,Credit card (automatic),70.73,1479.81,No
C6486-8079,Female,0,Yes,Yes,44,Yes,Yes,DSL,No,No,No,Yes,Yes,No,Month-to-month,No,Mailed check,76.96,3362.32,No
C6487-3699,Male,0,No,No,16,Yes,Yes,DSL,No,No,Yes,No,Yes,No,One year,Yes,Electronic check,69.96,1128.05,Yes
C6488-2188,Male,0,Yes,Yes,15,Yes,Yes,DSL,No,Yes,No,Yes,Yes,Yes,Month-to-month,Yes,Credit card (automatic),104.71,1561.71,No
C6489-2033,Female,0,Yes,Yes,18,Yes,No,Fiber optic,No,Yes,Yes,No,No,No,Month-to-month,No,Bank transfer (automatic),92.64,1642.12,No
C6490-8937,Male,1,Yes,Yes,37,Yes,Yes,No,No internet service,No internet service,No internet service,No internet service,No internet service,No internet service,Month-to-month,Yes,Bank transfer (automatic),40.47,1499.42,No
C6491-6005,Female,0,No,No,45,Yes,Yes,Fiber optic,No,Yes,Yes,Yes,Yes,No,Month-to-month,Yes,Electronic check,123.73,5568.05,No
C6492-3666,Female,0,Yes,No,9,Yes,No,DSL,No,No,Yes,No,No,Yes,Month-to-month,Yes,Mailed check,78.9,738.15,No
C6493-4109,Female,0,Yes,No,62,Yes,Yes,No,No internet service,No internet service,No internet service,No internet service,No internet service,No internet service,One year,Yes,Electronic check,58.12,3602.31,No
C6494-3534,Male,1,Yes,Yes,72,Yes,No,Fiber optic,No,Yes,No,Yes,Yes,Yes,One year,Yes,Credit card (automatic),119.32,8555.16,No
C6495-8216,Female,0,Yes,Yes,25,Yes,Yes,Fiber optic,Yes,No,Yes,No,Yes,Yes,Month-to-month,Yes,Bank transfer (automatic),106.68,2689.73,Yes
C6496-6511,Female,1,Yes,No,32,Yes,Yes,Fiber optic,No,No,No,Yes,No,No,Month-to-month,Yes,Mailed check,97.36,3125.59,Yes
C6497-8913,Female,0,Yes,Yes,14,Yes,No,Fiber optic,No,Yes,Yes,No,Yes,Yes,One year,No,Electronic check,109.2,1516.35,Yes
C6498-3715,Female,1,No,No,54,No,No phone service,DSL,No,No,Yes,No,No,Yes,Month-to-month,Yes,Credit card (automatic),74.32,4053.46,No
C6499-5252,Female,0,Yes,No,1,Yes,Yes,No,No internet service,No internet service,No internet service,No internet service,No internet service,No internet service,Month-to-month,No,Bank transfer (automatic),57.53,50.14,Yes
C6500-2095,Male,0,Yes,Yes,72,No,No phone service,DSL,No,Yes,No,No,Yes,No,Month-to-month,Yes,Bank transfer (automatic),58.18,4213.79,No
C6501-9741,Male,0,No,No,69,Yes,No,Fiber optic,No,No,No,Yes,No,Yes,Two year,No,Bank transfer (automatic),95.86,6617.58,No
C6502-5606,Female,0,Yes,Yes,8,Yes,No,DSL,No,Yes,Yes,No,No,No,Month-to-month,No,Electronic check,82.39,684.56,Yes
C6503-5976,Male,1,Yes,No,13,Yes,No,Fiber optic,Yes,Yes,No,No,No,No,Month-to-month,No,Mailed check,105.82,1363.57,No
C6504-4722,Male,0,Yes,No,22,Yes,Yes,Fiber optic,No,Yes,No,No,Yes,Yes,One year,Yes,Bank transfer (automatic),115.97,2547.71,Yes
C6505-3438,Female,0,Yes,Yes,50,Yes,Yes,Fiber optic,No,Yes,Yes,No,No,Yes,Month-to-month,Yes,Mailed check,96.84,4835.59,No
C6506-9534,Male,0,No,Yes,5,Yes,No,DSL,Yes,No,Yes,Yes,No,Yes,Month-to-month,Yes,Credit card (automatic),89.05,424.4,Yes
C6507-5400,Male,0,No,No,16,Yes,No,Fiber optic,No,Yes,No,Yes,Yes,No,Two year,Yes,Mailed check,104.33,1651.49,No
C6508-7072,Female,0,Yes,Yes,40,No,No phone service,No,No internet service,No internet service,No internet service,No internet service,No internet service,No internet service,Two year,Yes,Credit card (automatic),18.25,698.77,No
C6509-1335,Male,0,No,No,7,Yes,No,DSL,No,Yes,Yes,Yes,No,Yes,Month-to-month,Yes,Electronic check,79.1,567.15,Yes
C6510-3483,Female,1,No,Yes,24,Yes,No,DSL,No,No,No,No,No,Yes,One year,No,Credit card (automatic),78.69,1904.16,No
C6511-8235,Female,1,No,No,27,Yes,Yes,Fiber optic,No,No,No,No,Yes,Yes,Month-to-month,Yes,Credit card (automatic),109.74,2981.98,No
C6512-1790,Male,0,No,No,10,Yes,Yes,Fiber optic,No,Yes,Yes,No,No,No,One year,No,Electronic check,104.05,1030.78,No
C6513-1912,Female,0,No,No,26,Yes,No,DSL,No,Yes,Yes,No,No,No,One year,Yes,Mailed check,67.9,1740.71,No
C6514-8287,Female,1,No,No,28,Yes,Yes,Fiber optic,Yes,Yes,Yes,Yes,Yes,No,One year,No,Mailed check,125.06,3483.06,No
C6515-3778,Male,1,No,No,14,Yes,Yes,Fiber optic,Yes,No,No,No,Yes,No,Month-to-month,Yes,Mailed check,112.12,1576.34,No
C6516-3464,Male,0,Yes,No,5,Yes,No,DSL,No,No,Yes,No,Yes,Yes,Month-to-month,No,Electronic check,95.08,466.86,No
C6517-6087,Female,0,No,No,4,Yes,Yes,DSL,No,Yes,Yes,No,No,No,Month-to-month,Yes,Credit card (automatic),96.35,364.21,Yes
C6518-2754,Female,0,No,No,38,No,No phone service,DSL,No,Yes,No,No,Yes,Yes,Month-to-month,Yes,Bank transfer (automatic),58.46,2247.42,No
C6519-1386,Female,0,No,No,38,Yes,No,DSL,No,No,Yes,No,No,No,Two year,No,Mailed check,92.07,3485.29,No
C6520-1040,Female,0,Yes,No,19,Yes,Yes,No,No internet service,No internet service,No internet service,No internet service,No internet service,No internet service,Month-to-month,Yes,Mailed check,64.5,1250.48,Yes
C6521-1713,Male,0,Yes,Yes,22,Yes,No,DSL,No,Yes,Yes,No,No,Yes,Two year,No,Electronic check,75.31,1646.05,No
C6522-2426,Male,0,Yes,No,16,Yes,No,DSL,No,Yes,No,No,Yes,No,Month-to-month,Yes,Credit card (automatic),70.05,1111.73,No
C6523-7264,Female,0,No,No,63,Yes,Yes,No,No internet service,No internet service,No internet service,No internet service,No internet service,No internet service,Month-to-month,No,Electronic check,44.64,2810.47,No
C6524-3681,Female,0,No,No,17,Yes,No,Fiber optic,No,No,Yes,Yes,Yes,No,Two year,No,Electronic check,117.99,2004.16,No
C6525-1645,Male,0,No,No,72,Yes,Yes,No,No internet service,No internet service,No internet service,No internet service,No internet service,No internet service,Month-to-month,No,Electronic check,56.88,4104.53,Yes
C6526-1129,Male,1,Yes,Yes,12,Yes,No,Fiber optic,No,No,No,No,No,No,Month-to-month,No,Mailed check,91.54,1103.7,Yes
C6527-5293,Female,0,Yes,Yes,55,Yes,Yes,No,No internet service,No internet service,No internet service,No internet service,No internet service,No internet service,One year,Yes,Electronic check,51.91,2872.5,No
C6528-8560,Male,0,Yes,Yes,7,Yes,Yes,Fiber optic,No,No,Yes,No,Yes,No,Month-to-month,Yes,Electronic check,110.91,754.48,No
C6529-4047,Female,1,Yes,No,33,Yes,Yes,Fiber optic,Yes,No,No,No,Yes,No,Two year,Yes,Mailed check,113.12,3716.32,No
C6530-1574,Female,0,No,Yes,6,Yes,No,DSL,No,Yes,No,No,Yes,Yes,One year,No,Electronic check,89.61,553.02,Yes
C6531-3052,Male,0,No,No,14,Yes,No,Fiber optic,No,Yes,No,No,Yes,Yes,One year,Yes,Bank transfer (automatic),104.04,1439.49,No
C6532-5493,Male,0,No,No,54,Yes,No,DSL,Yes,No,No,No,No,No,Month-to-month,Yes,Electronic check,89.77,4845.02,No
C6533-2698,Male,0,No,No,6,Yes,No,Fiber optic,No,No,No,No,Yes,No,Month-to-month,No,Mailed check,103.98,602.15,Yes
C6534-9805,Male,1,Yes,Yes,72,Yes,Yes,Fiber optic,No,Yes,Yes,No,Yes,Yes,One year,No,Credit card (automatic),130.85,9435.92,No
C6535-7869,Female,1,No,No,47,Yes,No,DSL,No,No,No,No,No,No,Month-to-month,Yes,Credit card (automatic),63.07,2938.75,Yes
C6536-4100,Male,0,No,No,47,Yes,Yes,DSL,Yes,No,Yes,No,Yes,Yes,Month-to-month,No,Electronic check,96.16,4512.45,Yes
C6537-9562,Female,0,No,No,47,Yes,No,Fiber optic,No,No,No,No,Yes,No,One year,Yes,Bank transfer (automatic),81.93,3832.99,Yes
C6538-3924,Female,0,No,No,72,Yes,Yes,Fiber optic,No,No,Yes,No,No,No,One year,Yes,Mailed check,100.76,7260.3,No
C6539-2261,Male,0,Yes,No,34,Yes,No,Fiber optic,No,Yes,No,No,No,No,Month-to-month,No,Electronic check,96.91,3301.15,Yes
C6540-9443,Female,0,Yes,Yes,14,Yes,No,Fiber optic,Yes,No,No,No,Yes,Yes,One year,No,Bank transfer (automatic),99.17,1411.11,No
C6541-9636,Female,0,No,No,40,Yes,No,Fiber optic,Yes,Yes,No,No,Yes,No,Two year,No,Credit card (automatic),105.84,4238.17,No
C6542-3813,Male,1,No,Yes,24,Yes,Yes,Fiber optic,No,Yes,No,No,No,No,Month-to-month,Yes,Credit card (automatic),100.02,2387.44,No
C6543-6352,Male,0,No,No,66,Yes,Yes,Fiber optic,No,No,Yes,No,No,Yes,Month-to-month,No,Electronic check,116.08,7662.97,Yes
C6544-2559,Male,0,Yes,No,25,Yes,Yes,DSL,Yes,No,No,Yes,Yes,Yes,Month-to-month,Yes,Electronic check,106.55,2672.91,No
C6545-6774,Female,0,No,No,49,Yes,No,Fiber optic,Yes,Yes,Yes,Yes,No,Yes,Month-to-month,No,Electronic check,116.53,5724.24,No
C6546-7210,Male,0,Yes,Yes,10,Yes,No,DSL,No,No,Yes,No,No,No,One year,Yes,Bank transfer (automatic),69.08,690.46,No
C6547-7388,Female,0,No,No,23,Yes,No,Fiber optic,No,No,No,No,No,Yes,Month-to-month,No,Electronic check,91.17,2112.94,No
C6548-6118,Male,0,Yes,No,24,Yes,Yes,Fiber optic,No,Yes,No,No,No,Yes,One year,Yes,Electronic check,101.74,2440.46,No
C6549-7336,Male,0,No,No,66,Yes,No,DSL,No,Yes,Yes,No,Yes,No,One year,Yes,Credit card (automatic),81.87,5384.83,No
C6550-5994,Male,0,Yes,Yes,46,Yes,Yes,No,No internet service,No internet service,No internet service,No internet service,No internet service,No internet service,Month-to-month,No,Credit card (automatic),47.82,2183.29,No
C6551-8377,Male,0,Yes,Yes,10,Yes,Yes,DSL,No,No,No,No,No,No,Month-to-month,Yes,Bank transfer (automatic),60.58,602.59,No
C6552-2616,Female,0,Yes,Yes,26,Yes,Yes,DSL,No,Yes,No,Yes,No,No,Month-to-month,No,Bank transfer (automatic),90.85,2358.34,Yes
C6553-5350,Female,0,No,Yes,19,No,No phone service,Fiber optic,No,No,No,Yes,Yes,Yes,Month-to-month,Yes,Electronic check,81.27,1543.38,No
C6554-4747,Male,0,No,No,47,Yes,Yes,No,No internet service,No internet service,No internet service,No internet service,No internet service,No internet service,Month-to-month,Yes,Electronic check,34.69,1657.28,No
C6555-5799,Male,0,No,No,51,Yes,No,DSL,Yes,No,No,Yes,Yes,No,Month-to-month,Yes,Electronic check,80.71,4118.1,No
C6556-2278,Female,0,No,Yes,62,Yes,No,DSL,No,No,Yes,Yes,No,Yes,Month-to-month,Yes,Electronic check,84.59,5258.86,No
C6557-3914,Female,0,No,No,50,Yes,No,Fiber optic,Yes,No,Yes,No,No,No,One year,No,Electronic check,105.51,5283.11,No
C6558-9586,Female,0,No,No,12,Yes,No,Fiber optic,No,Yes,No,Yes,No,No,Month-to-month,No,Mailed check,96.88,1174.15,Yes
C6559-1947,Female,0,Yes,No,24,Yes,No,Fiber optic,No,No,No,No,Yes,Yes,Month-to-month,No,Electronic check,105.6,2517.75,No
C6560-6717,Male,0,No,No,54,Yes,No,No,No internet service,No internet service,No internet service,No internet service,No internet service,No internet service,Month-to-month,No,Bank transfer (automatic),39.41,2134.35,No
C6561-6981,Female,0,No,No,69,Yes,Yes,DSL,No,Yes,Yes,Yes,No,Yes,Month-to-month,No,Electronic check,110.33,7637.55,No
C6562-5270,Female,0,No,No,7,Yes,Yes,DSL,Yes,No,Yes,No,No,No,One year,No,Credit card (automatic),84.96,584.07,No
C6563-1302,Male,0,Yes,Yes,39,Yes,Yes,Fiber optic,No,No,No,No,No,Yes,Month-to-month,No,Bank transfer (automatic),98.4,3827.77,No
C6564-1309,Female,1,Yes,No,25,No,No phone service,Fiber optic,Yes,No,No,No,No,No,One year,Yes,Mailed check,96.12,2395.07,Yes
C6565-3480,Female,0,Yes,No,32,Yes,Yes,Fiber optic,Yes,Yes,No,No,Yes,Yes,Month-to-month,No,Electronic check,131.88,4234.19,Yes
C6566-1922,Male,0,No,No,46,No,No phone service,No,No internet service,No internet service,No internet service,No internet service,No internet service,No internet service,Month-to-month,Yes,Mailed check,18.25,826.04,No
C6567-1847,Female,1,No,No,27,No,No phone service,No,No internet service,No internet service,No internet service,No internet service,No internet service,No internet service,Two year,No,Mailed check,25.91,691.67,No
C6568-2440,Male,0,No,No,29,Yes,No,DSL,Yes,No,No,No,Yes,No,Month-to-month,No,Electronic check,95.17,2750.17,No
C6569-2716,Male,0,No,No,9,No,No phone service,No,No internet service,No internet service,No internet service,No internet service,No internet service,No internet service,Month-to-month,Yes,Credit card (automatic),19.34,158.19,No
C6570-8545,Male,0,No,No,24,Yes,Yes,Fiber optic,No,No,Yes,No,No,Yes,One year,Yes,Electronic check,111.27,2647.13,No
C6571-6747,Female,1,Yes,No,23,Yes,No,No,No internet service,No internet service,No internet service,No internet service,No internet service,No internet service,One year,No,Electronic check,32.24,740.15,No
C6572-1273,Male,0,Yes,Yes,22,Yes,No,Fiber optic,Yes,Yes,Yes,Yes,No,Yes,Month-to-month,Yes,Credit card (automatic),132.01,2919.46,No
C6573-6655,Male,0,No,No,21,Yes,No,No,No internet service,No internet service,No internet service,No internet service,No internet service,No internet service,One year,Yes,Electronic check,41.77,851.64,No
C6574-2230,Female,1,Yes,Yes,72,Yes,Yes,No,No internet service,No internet service,No internet service,No internet service,No internet service,No internet service,Month-to-month,Yes,Mailed check,33.4,2407.62,No
C6575-4789,Male,0,Yes,Yes,46,Yes,Yes,DSL,Yes,No,No,No,Yes,Yes,Two year,Yes,Credit card (automatic),92.78,4302.99,Yes
C6576-1342,Male,0,Yes,No,8,Yes,Yes,Fiber optic,No,No,No,No,No,No,Month-to-month,Yes,Electronic check,95.24,752.56,No
C6577-1811,Male,0,Yes,No,3,Yes,No,Fiber optic,No,Yes,No,No,Yes,No,Month-to-month,Yes,Credit card (automatic),99.76,305.59,Yes
C6578-2193,Female,0,No,No,23,No,No phone service,Fiber optic,No,Yes,No,No,No,No,Month-to-month,No,Mailed check,72.98,1684.79,No
C6579-4899,Male,0,No,No,58,Yes,Yes,DSL,No,Yes,No,No,Yes,No,One year,No,Electronic check,73.36,4239.2,No
C6580-5167,Female,1,No,No,10,Yes,No,DSL,No,Yes,No,No,Yes,Yes,Month-to-month,Yes,Mailed check,102.98,1031.05,No
C6581-4174,Female,0,No,No,52,Yes,Yes,Fiber optic,No,No,Yes,No,No,No,One year,Yes,Mailed check,101.13,5234.63,No
C6582-6580,Female,0,Yes,Yes,12,No,No phone service,Fiber optic,Yes,Yes,No,No,No,No,One year,No,Mailed check,94.32,1130.88,No
C6583-7483,Female,0,Yes,No,19,Yes,No,Fiber optic,Yes,Yes,No,No,Yes,Yes,Month-to-month,No,Mailed check,112.27,2166.27,No
C6584-7557,Female,0,No,No,22,Yes,Yes,Fiber optic,No,Yes,Yes,Yes,No,No,One year,No,Electronic check,105.42,2357.3,No
C6585-6210,Male,1,Yes,Yes,27,Yes,No,DSL,No,No,Yes,No,No,Yes,One year,Yes,Electronic check,79.6,2124.17,No
C6586-5909,Male,0,No,Yes,6,Yes,Yes,No,No internet service,No internet service,No internet service,No internet service,No internet service,No internet service,Two year,Yes,Mailed check,53.6,300.31,No
C6587-5423,Female,0,Yes,No,8,Yes,No,Fiber optic,No,Yes,No,Yes,No,Yes,Month-to-month,No,Electronic check,103.44,843.52,Yes
C6588-3141,Female,1,No,No,18,Yes,No,No,No internet service,No internet service,No internet service,No internet service,No internet service,No internet service,Month-to-month,Yes,Credit card (automatic),47.24,849.5,No
C6589-5382,Male,1,No,No,4,Yes,No,No,No internet service,No internet service,No internet service,No internet service,No internet service,No internet service,One year,Yes,Electronic check,33.98,147.9,No
C6590-1090,Male,0,No,Yes,17,Yes,No,No,No internet service,No internet service,No internet service,No internet service,No internet service,No internet service,Month-to-month,Yes,Electronic check,28.38,487.91,No
C6591-9695,Male,0,No,No,32,Yes,No,Fiber optic,No,Yes,No,No,Yes,Yes,One year,Yes,Credit card (automatic),111.5,3556.21,No
C6592-4330,Female,0,No,No,10,Yes,Yes,Fiber optic,No,Yes,Yes,No,No,Yes,Month-to-month,Yes,Mailed check,128.18,1306.16,No
C6593-7805,Female,0,Yes,Yes,16,Yes,No,Fiber optic,No,Yes,Yes,No,Yes,Yes,Two year,No,Mailed check,132.59,2094.49,No
C6594-9609,Female,0,No,No,28,Yes,Yes,DSL,No,No,No,Yes,No,Yes,One year,Yes,Mailed check,75.76,2116.23,No
C6595-5472,Female,1,No,No,7,Yes,No,No,No internet service,No internet service,No internet service,No internet service,No internet service,No internet service,Two year,Yes,Credit card (automatic),32.51,224.49,No
C6596-8755,Male,0,No,No,32,Yes,No,Fiber optic,No,No,No,No,No,No,One year,Yes,Mailed check,83.37,2651.49,No
C6597-5312,Female,0,No,No,24,Yes,Yes,Fiber optic,No,No,Yes,No,No,Yes,Month-to-month,Yes,Electronic check,106.29,2543.82,No
C6598-2190,Male,0,Yes,Yes,12,Yes,Yes,Fiber optic,No,No,No,Yes,Yes,No,Month-to-month,No,Electronic check,111.34,1339.72,No
C6599-1238,Male,0,Yes,No,63,Yes,Yes,Fiber optic,Yes,Yes,Yes,Yes,No,No,One year,No,Electronic check,141.89,8942.78,Yes
C6600-2220,Male,0,No,No,9,No,No phone service,Fiber optic,No,No,No,No,No,No,One year,No,Credit card (automatic),86.09,788.31,No
C6601-9481,Female,0,Yes,No,34,Yes,No,DSL,No,Yes,Yes,No,Yes,Yes,Month-to-month,No,Credit card (automatic),114.55,3928.33,No
C6602-5275,Female,0,No,No,35,Yes,No,Fiber optic,No,Yes,No,Yes,No,No,Month-to-month,No,Electronic check,110.19,3859.25,No
C6603-3872,Female,0,No,No,9,No,No phone service,No,No internet service,No internet service,No internet service,No internet service,No internet service,No internet service,One year,No,Electronic check,18.25,161.38,Yes
C6604-5014,Female,0,No,No,12,Yes,Yes,Fiber optic,No,Yes,No,No,No,Yes,Month-to-month,No,Mailed check,100.37,1201.85,No
C6605-3303,Male,0,Yes,No,39,Yes,Yes,DSL,Yes,Yes,No,No,Yes,Yes,One year,No,Bank transfer (automatic),85.02,3292.63,No
C6606-8834,Male,0,Yes,No,49,Yes,Yes,Fiber optic,Yes,Yes,No,No,No,No,Two year,Yes,Electronic check,117.9,5788.08,No
C6607-9993,Female,0,No,Yes,33,Yes,Yes,Fiber optic,No,No,No,No,No,Yes,Month-to-month,Yes,Credit card (automatic),103.78,3415.79,No
C6608-1764,Male,0,No,No,39,Yes,No,No,No internet service,No internet service,No internet service,No internet service,No internet service,No internet service,Month-to-month,No,Electronic check,52.99,2092.5,No
C6609-7467,Male,0,No,No,17,Yes,No,No,No internet service,No internet service,No internet service,No internet service,No internet service,No internet service,Two year,No,Bank transfer (automatic),36.22,603.3,No
C6610-4020,Female,0,Yes,No,57,Yes,Yes,DSL,No,No,Yes,No,Yes,Yes,Month-to-month,Yes,Bank transfer (automatic),105.34,6007.35,Yes
C6611-1426,Male,0,Yes,Yes,5,Yes,No,DSL,No,Yes,Yes,No,Yes,No,Two year,Yes,Bank transfer (automatic),95.13,495.3,No
C6612-9298,Male,0,No,No,30,Yes,No,DSL,No,No,No,No,Yes,Yes,Month-to-month,No,Credit card (automatic),58.49,1757.33,No
C6613-1556,Male,1,No,No,55,Yes,No,DSL,No,No,No,Yes,Yes,Yes,Month-to-month,No,Electronic check,88.3,4863.76,No
C6614-2852,Male,0,No,No,51,Yes,Yes,Fiber optic,No,Yes,Yes,No,Yes,No,Month-to-month,No,Bank transfer (automatic),115.98,5927.6,No
C6615-1229,Female,0,No,No,1,Yes,Yes,Fiber optic,No,Yes,Yes,No,Yes,Yes,Month-to-month,Yes,Bank transfer (automatic),113.26,102.51,Yes
C6616-5241,Male,0,No,No,47,Yes,Yes,No,No internet service,No internet service,No internet service,No internet service,No internet service,No internet service,Two year,Yes,Credit card (automatic),62.5,2971.05,No
C6617-6395,Male,0,No,No,16,Yes,Yes,DSL,No,No,No,No,No,Yes,One year,No,Mailed check,84.52,1322.84,No
C6618-3885,Female,0,No,No,16,Yes,Yes,DSL,No,No,No,No,No,Yes,Month-to-month,Yes,Mailed check,96.27,1538.11,No
C6619-1644,Male,1,No,No,31,Yes,No,Fiber optic,No,No,Yes,No,No,No,Month-to-month,No,Credit card (automatic),97.16,3009.63,No
C6620-2045,Male,0,No,No,9,Yes,No,Fiber optic,Yes,No,No,No,Yes,No,One year,Yes,Credit card (automatic),104.42,957.37,No
C6621-9399,Female,0,Yes,No,35,Yes,No,DSL,Yes,No,Yes,No,No,Yes,Month-to-month,No,Credit card (automatic),88.88,3106.43,No
C6622-8252,Female,0,No,No,53,Yes,No,DSL,Yes,No,No,No,Yes,Yes,Month-to-month,Yes,Credit card (automatic),87.54,4616.67,No
C6623-9431,Male,0,No,No,69,Yes,No,Fiber optic,Yes,No,No,No,No,No,One year,Yes,Credit card (automatic),103.49,7141.61,No
C6624-5776,Male,1,No,No,72,Yes,No,DSL,No,Yes,Yes,No,No,No,Month-to-month,Yes,Electronic check,80.8,5825.23,No
C6625-5913,Female,0,Yes,No,32,Yes,No,Fiber optic,No,Yes,No,Yes,Yes,Yes,Month-to-month,Yes,Electronic check,103.69,3306.35,No
C6626-8073,Female,0,Yes,Yes,14,Yes,No,No,No internet service,No internet service,No internet service,No internet service,No internet service,No internet service,Month-to-month,No,Credit card (automatic),53.58,735.48,No
C6627-6549,Male,1,No,No,11,Yes,Yes,DSL,Yes,Yes,Yes,Yes,No,No,Month-to-month,No,Bank transfer (automatic),93.84,1030.59,No
C6628-4927,Female,1,No,No,72,Yes,No,Fiber optic,No,Yes,Yes,No,Yes,Yes,Month-to-month,No,Credit card (automatic),113.37,8141.17,No
C6629-3626,Female,0,Yes,No,19,Yes,Yes,No,No internet service,No internet service,No internet service,No internet service,No internet service,No internet service,Month-to-month,Yes,Mailed check,45.37,868.66,No
C6630-5369,Female,0,Yes,No,2,Yes,Yes,Fiber optic,No,No,Yes,Yes,No,No,Month-to-month,No,Bank transfer (automatic),96.67,188.75,No
C6631-1575,Female,0,No,No,12,Yes,Yes,DSL,No,Yes,No,No,Yes,No,Two year,Yes,Bank transfer (automatic),85.37,1015.57,No
C6632-2731,Male,1,No,No,15,Yes,No,DSL,No,Yes,No,No,Yes,Yes,Month-to-month,Yes,Mailed check,81.04,1234.57,Yes
C6633-7636,Female,0,Yes,No,47,Yes,Yes,No,No internet service,No internet service,No internet service,No internet service,No internet service,No internet service,One year,Yes,Mailed check,49.46,2337.8,No
C6634-8811,Male,0,Yes,No,72,Yes,No,DSL,No,Yes,No,No,Yes,Yes,Month-to-month,No,Mailed check,94.71,6799.52,No
C6635-1915,Male,0,Yes,No,51,Yes,No,No,No internet service,No internet service,No internet service,No internet service,No internet service,No internet service,Month-to-month,Yes,Bank transfer (automatic),25.79,1310.37,No
C6636-1872,Male,0,Yes,No,40,Yes,Yes,No,No internet service,No internet service,No internet service,No internet service,No internet service,No internet service,Month-to-month,No,Electronic check,40.85,1630.06,No
C6637-1769,Male,0,Yes,Yes,72,Yes,No,No,No internet service,No internet service,No internet service,No internet service,No internet service,No internet service,One year,Yes,Electronic check,35.55,2576.15,No
C6638-8123,Male,0,No,Yes,50,Yes,No,No,No internet service,No internet service,No internet service,No internet service,No internet service,No internet service,Month-to-month,Yes,Mailed check,54.6,2730.3,No
C6639-3800,Male,0,No,No,63,Yes,No,No,No internet service,No internet service,No internet service,No internet service,No internet service,No internet service,Month-to-month,Yes,Credit card (automatic),34.9,2201.18,Yes
C6640-3940,Male,0,Yes,Yes,15,Yes,Yes,No,No internet service,No internet service,No internet service,No internet service,No internet service,No internet service,One year,No,Credit card (automatic),26.47,396.34,No
C6641-1112,Female,0,Yes,No,8,No,No phone service,Fiber optic,No,Yes,Yes,No,No,No,Month-to-month,Yes,Bank transfer (automatic),82.5,669.55,No
C6642-9752,Male,0,No,No,10,Yes,Yes,DSL,Yes,No,Yes,Yes,Yes,No,Two year,Yes,Electronic check,107.53,1047.93,No
C6643-4905,Female,0,Yes,Yes,23,Yes,No,DSL,Yes,No,No,Yes,No,No,Month-to-month,Yes,Electronic check,71.71,1670.06,No
C6644-8176,Female,0,No,No,72,Yes,Yes,Fiber optic,No,No,Yes,No,No,Yes,Two year,Yes,Electronic check,101.75,7329.14,No
C6645-7368,Female,0,Yes,Yes,16,Yes,Yes,DSL,No,No,No,No,Yes,Yes,One year,No,Electronic check,84.42,1329.56,No
C6646-2275,Male,0,No,Yes,11,Yes,No,No,No internet service,No internet service,No internet service,No internet service,No internet service,No internet service,Month-to-month,No,Mailed check,40.12,417.0,Yes
C6647-8211,Male,0,No,No,72,Yes,Yes,No,No internet service,No internet service,No internet service,No internet service,No internet service,No internet service,Month-to-month,Yes,Mailed check,41.92,3019.84,No
C6648-5952,Female,0,Yes,Yes,33,Yes,No,Fiber optic,No,Yes,No,Yes,Yes,Yes,Two year,No,Electronic check,125.16,4126.15,No
C6649-6438,Male,0,No,No,18,Yes,No,No,No internet service,No internet service,No internet service,No internet service,No internet service,No internet service,Month-to-month,Yes,Electronic check,36.03,643.67,No
C6650-2802,Female,0,No,No,7,Yes,Yes,Fiber optic,No,Yes,Yes,No,No,Yes,Month-to-month,No,Bank transfer (automatic),125.31,879.41,No
C6651-8621,Female,0,Yes,Yes,6,Yes,No,Fiber optic,No,No,Yes,Yes,No,No,Month-to-month,Yes,Electronic check,95.79,587.93,No
C6652-9384,Female,0,No,No,55,Yes,Yes,No,No internet service,No internet service,No internet service,No internet service,No internet service,No internet service,Month-to-month,Yes,Mailed check,55.31,3029.72,No
C6653-4658,Male,0,Yes,Yes,3,Yes,No,No,No internet service,No internet service,No internet service,No internet service,No internet service,No internet service,Month-to-month,No,Electronic check,28.85,51.24,Yes
C6654-1832,Female,0,No,No,25,Yes,No,No,No internet service,No internet service,No internet service,No internet service,No internet service,No internet service,Month-to-month,Yes,Electronic check,42.33,1058.99,No
C6655-8638,Female,0,No,No,71,Yes,No,Fiber optic,Yes,Yes,Yes,No,Yes,Yes,Two year,Yes,Bank transfer (automatic),121.48,8625.65,No
C6656-8985,Male,0,Yes,No,16,Yes,Yes,DSL,Yes,No,Yes,No,No,Yes,Month-to-month,Yes,Credit card (automatic),81.44,1305.51,No
C6657-5557,Female,1,Yes,No,33,Yes,No,Fiber optic,Yes,No,No,Yes,No,Yes,One year,No,Electronic check,113.45,3733.76,No
C6658-6211,Male,0,Yes,Yes,13,Yes,No,Fiber optic,Yes,Yes,Yes,No,No,No,Two year,No,Mailed check,114.18,1485.68,No
C6659-3007,Male,0,No,No,72,Yes,No,No,No internet service,No internet service,No internet service,No internet service,No internet service,No internet service,Month-to-month,Yes,Credit card (automatic),36.37,2641.1,No
C6660-1607,Female,0,Yes,No,37,Yes,Yes,Fiber optic,No,No,No,No,Yes,No,One year,No,Credit card (automatic),109.78,4053.36,No
C6661-9496,Male,0,Yes,No,70,Yes,Yes,No,No internet service,No internet service,No internet service,No internet service,No internet service,No internet service,Month-to-month,No,Electronic check,53.33,3724.35,Yes
C6662-5346,Male,0,No,No,27,Yes,Yes,DSL,No,No,Yes,Yes,No,Yes,Month-to-month,Yes,Bank transfer (automatic),91.85,2481.8,Yes
C6663-3474,Female,0,No,No,33,Yes,No,Fiber optic,Yes,Yes,No,No,Yes,No,Month-to-month,Yes,Electronic check,106.66,3537.34,Yes
C6664-7238,Female,0,No,No,40,Yes,No,Fiber optic,No,Yes,No,Yes,Yes,No,Month-to-month,Yes,Electronic check,118.84,4739.66,No
C6665-1235,Female,1,No,No,22,Yes,Yes,No,No internet service,No internet service,No internet service,No internet service,No internet service,No internet service,Month-to-month,No,Credit card (automatic),40.06,885.14,Yes
C6666-1719,Female,0,Yes,No,50,Yes,No,Fiber optic,No,Yes,No,No,Yes,Yes,Month-to-month,No,Credit card (automatic),128.33,6397.17,No
C6667-3183,Female,0,No,No,25,Yes,Yes,DSL,No,No,Yes,No,No,No,Month-to-month,Yes,Credit card (automatic),75.54,1908.69,No
C6668-5055,Female,0,No,Yes,44,Yes,No,No,No internet service,No internet service,No internet service,No internet service,No internet service,No internet service,Two year,Yes,Electronic check,51.09,2228.73,No
C6669-4299,Male,1,Yes,No,72,Yes,Yes,DSL,No,Yes,Yes,Yes,Yes,No,Two year,Yes,Mailed check,96.53,6934.27,No
C6670-2685,Female,0,No,No,30,Yes,Yes,Fiber optic,No,Yes,No,No,No,No,One year,Yes,Electronic check,94.97,2836.99,No
C6671-4161,Female,0,No,No,15,Yes,Yes,Fiber optic,Yes,Yes,Yes,Yes,Yes,No,Month-to-month,No,Mailed check,137.38,2058.18,No
C6672-4004,Female,0,Yes,No,68,Yes,No,No,No internet service,No internet service,No internet service,No internet service,No internet service,No internet service,Two year,Yes,Credit card (automatic),34.76,2338.19,No
C6673-5721,Male,0,Yes,Yes,40,Yes,Yes,DSL,Yes,Yes,No,Yes,Yes,Yes,Two year,Yes,Bank transfer (automatic),88.44,3558.74,No
C6674-6064,Female,0,Yes,No,19,Yes,Yes,Fiber optic,No,No,Yes,No,Yes,Yes,One year,Yes,Credit card (automatic),124.88,2370.79,No
C6675-8947,Female,0,No,No,13,Yes,No,DSL,No,No,No,No,Yes,No,One year,Yes,Credit card (automatic),76.68,989.52,No
C6676-8260,Female,0,Yes,No,0,Yes,Yes,Fiber optic,No,Yes,Yes,No,No,No,Month-to-month,No,Mailed check,96.05,,No
C6677-3630,Female,0,No,No,28,Yes,Yes,Fiber optic,Yes,No,No,No,No,Yes,Two year,No,Bank transfer (automatic),100.19,2815.91,No
C6678-9123,Female,0,Yes,Yes,26,Yes,No,Fiber optic,No,No,No,No,Yes,Yes,Month-to-month,Yes,Credit card (automatic),101.04,2614.23,Yes
C6679-5686,Male,0,No,No,12,Yes,Yes,No,No internet service,No internet service,No internet service,No internet service,No internet service,No internet service,One year,No,Electronic check,42.56,531.71,No
C6680-2688,Male,0,No,No,12,Yes,Yes,Fiber optic,Yes,No,No,Yes,Yes,Yes,Month-to-month,No,Mailed check,132.7,1590.57,Yes
C6681-4060,Female,1,Yes,No,13,Yes,No,No,No internet service,No internet service,No internet service,No internet service,No internet service,No internet service,Month-to-month,Yes,Electronic check,42.33,533.84,No
C6682-7675,Female,1,Yes,Yes,25,Yes,No,No,No internet service,No internet service,No internet service,No internet service,No internet service,No internet service,Two year,Yes,Bank transfer (automatic),34.87,845.02,No
C6683-8395,Female,0,No,No,55,Yes,No,Fiber optic,No,Yes,No,No,Yes,No,One year,Yes,Electronic check,93.23,5117.12,No
C6684-4366,Female,0,Yes,Yes,22,Yes,Yes,DSL,Yes,No,Yes,No,Yes,Yes,One year,Yes,Electronic check,89.81,1947.72,No
C6685-2418,Female,0,Yes,Yes,18,Yes,No,DSL,No,Yes,No,Yes,Yes,Yes,Month-to-month,No,Bank transfer (automatic),100.07,1776.98,No
C6686-2726,Male,1,No,No,8,No,No phone service,Fiber optic,No,Yes,Yes,No,No,Yes,Month-to-month,Yes,Credit card (automatic),79.97,623.34,Yes
C6687-1931,Female,0,No,Yes,3,Yes,No,DSL,Yes,Yes,No,No,No,Yes,Month-to-month,No,Mailed check,84.25,276.98,No
C6688-7287,Female,0,No,Yes,9,Yes,No,DSL,No,No,Yes,No,Yes,Yes,Two year,No,Credit card (automatic),85.56,792.18,No
C6689-5526,Female,0,No,No,16,Yes,No,DSL,No,No,Yes,Yes,No,Yes,Month-to-month,Yes,Mailed check,74.99,1201.16,No
C6690-5060,Male,0,No,Yes,14,Yes,Yes,Fiber optic,No,No,No,No,Yes,Yes,Month-to-month,Yes,Electronic check,112.31,1561.04,No
C6691-7046,Male,0,No,No,32,Yes,Yes,DSL,Yes,No,Yes,No,Yes,No,Month-to-month,Yes,Mailed check,101.46,3260.53,No
C6692-8457,Female,0,Yes,No,28,Yes,Yes,DSL,No,Yes,Yes,No,Yes,Yes,Month-to-month,Yes,Mailed check,100.69,2824.41,No
C6693-8158,Female,0,No,Yes,9,Yes,Yes,Fiber optic,No,No,No,No,Yes,No,Month-to-month,No,Mailed check,92.55,838.68,No
C6694-2234,Male,0,No,No,32,No,No phone service,DSL,No,Yes,Yes,No,Yes,No,One year,Yes,Mailed check,72.15,2312.91,No
C6695-6306,Male,1,No,No,12,Yes,Yes,DSL,No,No,Yes,No,Yes,No,Two year,No,Electronic check,81.57,995.9,No
C6696-8941,Male,0,No,No,23,Yes,Yes,Fiber optic,No,Yes,No,No,No,No,Month-to-month,Yes,Bank transfer (automatic),95.65,2190.96,Yes
C6697-7963,Male,0,Yes,Yes,8,No,No phone service,No,No internet service,No internet service,No internet service,No internet service,No internet service,No internet service,Month-to-month,No,Electronic check,35.27,284.45,Yes
C6698-3964,Male,0,No,No,32,Yes,Yes,DSL,No,Yes,No,No,No,Yes,Two year,Yes,Bank transfer (automatic),72.64,2332.15,No
C6699-4533,Female,0,No,No,13,Yes,No,Fiber optic,Yes,No,Yes,Yes,No,Yes,Month-to-month,Yes,Mailed check,106.44,1367.89,No
C6700-9010,Male,0,Yes,No,68,Yes,No,DSL,Yes,No,No,No,No,No,One year,No,Electronic check,74.86,5115.33,No
C6701-1295,Female,0,Yes,No,14,Yes,Yes,Fiber optic,No,Yes,No,No,No,Yes,Month-to-month,No,Electronic check,108.77,1509.4,Yes
C6702-5728,Female,1,No,No,8,Yes,Yes,DSL,No,Yes,Yes,Yes,Yes,Yes,Month-to-month,No,Bank transfer (automatic),109.77,874.36,No
C6703-2044,Female,1,Yes,No,14,No,No phone service,Fiber optic,No,Yes,Yes,No,Yes,No,Month-to-month,No,Bank transfer (automatic),90.6,1270.56,No
C6704-9050,Female,0,No,No,11,Yes,Yes,Fiber optic,No,Yes,Yes,No,Yes,No,Month-to-month,Yes,Bank transfer (automatic),115.83,1271.71,Yes
C6705-1348,Female,0,No,No,2,Yes,Yes,DSL,No,Yes,No,No,No,No,Month-to-month,Yes,Electronic check,88.58,158.15,Yes
C6706-1210,Female,0,No,No,72,Yes,Yes,No,No internet service,No internet service,No internet service,No internet service,No internet service,No internet service,Month-to-month,Yes,Bank transfer (automatic),52.71,3801.53,Yes
C6707-3960,Female,0,No,No,37,Yes,Yes,Fiber optic,No,Yes,No,No,No,No,Month-to-month,Yes,Credit card (automatic),101.36,3730.04,No
C6708-2801,Male,0,Yes,No,28,Yes,Yes,DSL,No,Yes,No,No,Yes,No,Two year,Yes,Mailed check,85.12,2393.95,No
C6709-5458,Male,1,Yes,Yes,20,Yes,Yes,Fiber optic,No,Yes,No,No,Yes,Yes,Month-to-month,No,Credit card (automatic),119.53,2421.06,Yes
C6710-3695,Female,0,No,No,8,Yes,No,DSL,No,Yes,No,No,No,Yes,Month-to-month,No,Electronic check,77.59,630.56,No
C6711-4206,Male,0,Yes,No,4,Yes,No,DSL,No,No,Yes,Yes,No,No,Month-to-month,Yes,Electronic check,89.49,350.93,No
C6712-6083,Female,1,No,No,23,Yes,Yes,Fiber optic,Yes,No,No,No,Yes,No,Month-to-month,No,Electronic check,117.73,2733.23,Yes
C6713-6044,Male,1,Yes,No,25,Yes,Yes,No,No internet service,No internet service,No internet service,No internet service,No internet service,No internet service,Month-to-month,No,Bank transfer (automatic),50.4,1239.91,No
C6714-9413,Male,0,Yes,No,19,Yes,No,No,No internet service,No internet service,No internet service,No internet service,No internet service,No internet service,Month-to-month,Yes,Bank transfer (automatic),49.09,923.36,No
C6715-5325,Male,0,No,No,72,Yes,No,Fiber optic,Yes,No,No,Yes,Yes,Yes,One year,No,Electronic check,120.43,8686.7,No
C6716-6077,Female,0,No,No,2,Yes,Yes,No,No internet service,No internet service,No internet service,No internet service,No internet service,No internet service,Month-to-month,No,Mailed check,47.19,98.61,Yes
C6717-7100,Male,0,No,No,21,Yes,Yes,Fiber optic,No,Yes,No,No,No,Yes,Month-to-month,Yes,Electronic check,109.98,2320.11,No
C6718-2567,Female,0,Yes,No,2,Yes,Yes,DSL,Yes,No,Yes,Yes,Yes,Yes,Month-to-month,Yes,Electronic check,109.67,205.69,No
C6719-7001,Male,0,No,No,18,Yes,No,Fiber optic,Yes,No,No,No,Yes,Yes,Month-to-month,No,Bank transfer (automatic),121.42,2163.47,No
C6720-8756,Male,0,No,No,16,Yes,No,Fiber optic,No,Yes,No,Yes,Yes,No,One year,No,Mailed check,111.58,1781.35,Yes
C6721-3862,Female,0,No,No,5,Yes,Yes,DSL,No,Yes,Yes,No,No,No,Two year,No,Mailed check,76.66,376.37,No
C6722-2604,Female,0,Yes,No,10,Yes,No,Fiber optic,Yes,Yes,No,No,No,No,Month-to-month,Yes,Bank transfer (automatic),96.7,969.72,Yes
C6723-4115,Female,0,Yes,No,19,Yes,No,DSL,No,No,Yes,No,Yes,Yes,Month-to-month,No,Bank transfer (automatic),93.93,1800.01,No
C6724-3475,Male,0,No,No,20,Yes,Yes,Fiber optic,No,Yes,Yes,No,No,Yes,One year,Yes,Electronic check,111.24,2213.72,No
C6725-6265,Male,0,No,No,13,Yes,Yes,Fiber optic,No,Yes,No,No,No,Yes,One year,Yes,Mailed check,111.91,1450.15,No
C6726-8772,Male,0,Yes,No,61,No,No phone service,Fiber optic,No,Yes,No,No,No,Yes,Two year,No,Mailed check,86.88,5306.1,No
C6727-6367,Male,1,Yes,No,49,Yes,Yes,Fiber optic,No,Yes,Yes,No,Yes,Yes,One year,No,Mailed check,125.65,6121.73,No
C6728-2129,Male,0,No,No,7,Yes,Yes,DSL,No,No,Yes,No,No,Yes,Month-to-month,No,Electronic check,86.17,615.98,No
C6729-3831,Male,0,No,No,7,Yes,Yes,Fiber optic,No,Yes,Yes,No,Yes,Yes,Two year,No,Electronic check,116.71,784.99,No
C6730-7203,Female,0,No,Yes,11,Yes,No,DSL,No,No,No,No,Yes,No,Month-to-month,No,Electronic check,77.61,836.22,No
C6731-3972,Male,1,No,No,29,Yes,Yes,DSL,Yes,No,Yes,Yes,Yes,Yes,Month-to-month,Yes,Electronic check,99.87,2923.86,No
C6732-6276,Female,0,No,Yes,16,Yes,Yes,Fiber optic,No,No,No,Yes,No,No,Two year,No,Electronic check,106.74,1715.57,No
C6733-7245,Male,0,No,No,26,Yes,No,Fiber optic,No,Yes,No,No,Yes,Yes,One year,Yes,Bank transfer (automatic),92.92,2429.27,No
C6734-3962,Male,1,No,No,50,Yes,No,Fiber optic,No,Yes,No,No,No,No,Month-to-month,Yes,Bank transfer (automatic),88.82,4425.77,Yes
C6735-6826,Female,0,Yes,Yes,10,Yes,No,DSL,Yes,No,Yes,No,No,Yes,Month-to-month,No,Mailed check,86.52,855.65,No
C6736-4582,Male,0,No,No,3,Yes,No,No,No internet service,No internet service,No internet service,No internet service,No internet service,No internet service,Month-to-month,Yes,Mailed check,37.19,105.39,No
C6737-2215,Female,0,No,No,34,Yes,Yes,No,No internet service,No internet service,No internet service,No internet service,No internet service,No internet service,One year,No,Credit card (automatic),51.91,1771.83,No
C6738-4349,Male,1,No,No,9,Yes,Yes,No,No internet service,No internet service,No internet service,No internet service,No internet service,No internet service,Two year,No,Mailed check,31.13,292.08,No
C6739-4968,Female,0,Yes,No,32,Yes,No,DSL,No,No,No,No,No,Yes,One year,No,Credit card (automatic),65.77,2114.34,No
C6740-1021,Female,0,No,No,28,Yes,No,DSL,No,No,Yes,No,No,Yes,One year,No,Credit card (automatic),70.64,1980.19,No
C6741-9033,Male,0,No,No,54,Yes,Yes,Fiber optic,Yes,Yes,No,No,Yes,Yes,One year,Yes,Electronic check,132.41,7151.17,No
C6742-5750,Female,0,Yes,No,30,Yes,No,DSL,No,No,Yes,Yes,Yes,No,Month-to-month,No,Credit card (automatic),78.95,2366.84,No
C6743-1326,Male,0,No,No,24,No,No phone service,DSL,No,No,No,Yes,Yes,No,Month-to-month,Yes,Electronic check,57.43,1371.1,Yes
C6744-8811,Female,0,Yes,No,23,Yes,Yes,Fiber optic,No,Yes,Yes,No,Yes,No,Month-to-month,Yes,Mailed check,118.51,2700.45,No
C6745-8695,Female,0,Yes,Yes,72,Yes,No,No,No internet service,No internet service,No internet service,No internet service,No internet service,No internet service,Month-to-month,Yes,Credit card (automatic),33.29,2388.56,No
C6746-1108,Female,0,Yes,No,26,No,No phone service,Fiber optic,No,No,Yes,Yes,Yes,Yes,Month-to-month,Yes,Mailed check,100.14,2631.95,No
C6747-2468,Female,0,No,Yes,18,Yes,Yes,DSL,No,Yes,Yes,No,Yes,No,Two year,No,Mailed check,89.13,1599.35,No
C6748-4273,Female,1,Yes,No,14,Yes,Yes,DSL,No,Yes,No,Yes,Yes,No,Month-to-month,Yes,Bank transfer (automatic),79.6,1108.68,No
C6749-5564,Male,0,No,No,34,Yes,No,DSL,No,No,No,No,No,Yes,Month-to-month,Yes,Bank transfer (automatic),64.17,2177.26,No
C6750-7531,Male,0,No,No,72,Yes,Yes,DSL,No,Yes,Yes,No,No,Yes,Two year,Yes,Mailed check,79.17,5691.83,No
C6751-4818,Male,0,No,No,39,Yes,Yes,DSL,No,No,No,No,No,Yes,One year,No,Electronic check,81.13,3159.22,No
C6752-6504,Female,0,No,No,65,Yes,No,DSL,No,Yes,Yes,No,No,No,Month-to-month,Yes,Credit card (automatic),77.96,5052.7,No
C6753-1091,Male,0,No,Yes,41,Yes,No,DSL,No,No,No,Yes,No,Yes,Month-to-month,Yes,Mailed check,76.77,3149.69,No
C6754-6926,Male,0,Yes,Yes,5,Yes,No,DSL,Yes,No,Yes,Yes,Yes,No,One year,Yes,Credit card (automatic),97.12,496.81,Yes
C6755-9237,Male,0,Yes,No,72,Yes,No,No,No internet service,No internet service,No internet service,No internet service,No internet service,No internet service,Month-to-month,No,Mailed check,42.64,3053.92,No
C6756-5735,Male,0,Yes,No,29,Yes,No,Fiber optic,No,No,No,No,Yes,Yes,Month-to-month,No,Electronic check,93.96,2737.9,Yes
C6757-5093,Female,0,No,No,72,Yes,No,No,No internet service,No internet service,No internet service,No internet service,No internet service,No internet service,One year,Yes,Bank transfer (automatic),40.51,2922.68,No
C6758-3673,Female,0,Yes,Yes,64,Yes,No,Fiber optic,No,Yes,No,No,No,Yes,Month-to-month,No,Mailed check,93.42,5957.58,No
C6759-9587,Male,0,No,No,4,Yes,No,Fiber optic,No,Yes,No,No,Yes,Yes,Month-to-month,Yes,Bank transfer (automatic),96.07,399.43,No
C6760-1298,Male,0,No,Yes,23,Yes,No,Fiber optic,No,No,No,Yes,No,Yes,Month-to-month,No,Credit card (automatic),111.37,2566.46,Yes
C6761-3580,Male,0,No,No,12,Yes,Yes,Fiber optic,No,No,No,Yes,No,No,Two year,Yes,Electronic check,101.9,1205.79,No
C6762-2248,Male,0,Yes,Yes,11,Yes,Yes,DSL,No,No,Yes,Yes,Yes,No,Two year,Yes,Credit card (automatic),97.99,1073.17,Yes
C6763-8795,Male,0,Yes,No,32,Yes,No,Fiber optic,No,No,Yes,No,No,No,Month-to-month,No,Electronic check,85.28,2745.47,Yes
C6764-5342,Female,0,Yes,No,46,Yes,No,DSL,Yes,No,No,No,No,No,Month-to-month,Yes,Credit card (automatic),74.81,3443.3,No
C6765-9300,Female,0,No,No,7,No,No phone service,No,No internet service,No internet service,No internet service,No internet service,No internet service,No internet service,Month-to-month,No,Mailed check,18.25,119.02,No
C6766-6985,Female,1,No,No,6,No,No phone service,DSL,No,Yes,Yes,No,No,No,One year,Yes,Electronic check,58.46,354.35,No
C6767-6010,Male,0,No,No,25,Yes,No,DSL,Yes,No,Yes,No,Yes,Yes,Month-to-month,Yes,Credit card (automatic),106.0,2639.51,No
C6768-5656,Male,0,No,No,41,No,No phone service,Fiber optic,No,Yes,No,No,No,No,One year,Yes,Mailed check,59.95,2453.32,Yes
C6769-2823,Female,0,No,No,53,Yes,No,DSL,No,No,No,No,No,No,Two year,No,Bank transfer (automatic),69.41,3677.89,No
C6770-6057,Male,0,Yes,Yes,72,Yes,No,No,No internet service,No internet service,No internet service,No internet service,No internet service,No internet service,Month-to-month,Yes,Mailed check,47.31,3433.54,No
C6771-7166,Male,0,Yes,No,72,Yes,Yes,Fiber optic,No,No,Yes,No,Yes,No,Month-to-month,Yes,Mailed check,113.98,8193.59,No
C6772-9687,Male,1,Yes,Yes,35,Yes,No,Fiber optic,No,No,No,Yes,Yes,Yes,Month-to-month,Yes,Mailed check,117.43,4130.07,No
C6773-5940,Male,0,Yes,No,41,Yes,Yes,DSL,No,No,Yes,Yes,Yes,Yes,Month-to-month,No,Bank transfer (automatic),94.62,3833.45,No
C6774-9448,Male,0,Yes,No,50,No,No phone service,Fiber optic,No,No,Yes,No,Yes,Yes,Two year,Yes,Electronic check,88.74,4434.25,No
C6775-9499,Male,0,No,No,6,Yes,Yes,DSL,No,No,Yes,No,No,Yes,Month-to-month,Yes,Mailed check,93.74,567.66,No
C6776-5702,Female,0,Yes,Yes,22,Yes,Yes,DSL,No,No,No,Yes,No,Yes,One year,Yes,Mailed check,82.22,1822.82,No
C6777-4953,Female,1,Yes,No,64,Yes,No,Fiber optic,No,No,No,No,No,Yes,Month-to-month,Yes,Credit card (automatic),83.26,5337.03,Yes
C6778-2284,Male,1,Yes,Yes,10,Yes,Yes,DSL,No,Yes,Yes,No,No,No,Month-to-month,Yes,Credit card (automatic),105.79,1011.17,No
C6779-3416,Female,0,Yes,Yes,4,Yes,No,Fiber optic,No,No,Yes,Yes,No,Yes,Month-to-month,No,Electronic check,114.3,478.13,No
C6780-8910,Male,1,Yes,Yes,11,Yes,Yes,Fiber optic,Yes,No,Yes,Yes,Yes,Yes,Two year,No,Mailed check,136.98,1489.69,No
C6781-2244,Male,0,Yes,Yes,14,Yes,Yes,No,No internet service,No internet service,No internet service,No internet service,No internet service,No internet service,Two year,Yes,Bank transfer (automatic),46.24,632.53,No
C6782-4573,Male,0,Yes,No,26,No,No phone service,Fiber optic,No,No,Yes,Yes,No,Yes,Month-to-month,Yes,Electronic check,93.81,2412.31,Yes
C6783-7287,Female,0,No,No,40,Yes,No,DSL,No,No,No,Yes,No,Yes,One year,No,Electronic check,75.15,3015.23,No
C6784-3165,Male,0,Yes,No,52,Yes,Yes,No,No internet service,No internet service,No internet service,No internet service,No internet service,No internet service,Month-to-month,Yes,Mailed check,46.91,2446.85,No
C6785-9766,Female,0,Yes,No,36,Yes,No,Fiber optic,No,Yes,No,No,Yes,Yes,Month-to-month,No,Electronic check,110.49,3970.93,No
C6786-6844,Male,0,No,Yes,68,Yes,No,DSL,No,No,Yes,Yes,No,No,Month-to-month,Yes,Electronic check,82.22,5572.28,No
C6787-1255,Male,0,Yes,No,13,Yes,No,Fiber optic,Yes,No,No,No,Yes,No,Month-to-month,Yes,Mailed check,98.82,1288.36,No
C6788-3224,Male,0,No,No,13,Yes,No,Fiber optic,Yes,Yes,No,Yes,No,Yes,One year,Yes,Credit card (automatic),113.74,1449.18,No
C6789-7663,Male,0,Yes,No,8,Yes,Yes,DSL,No,Yes,No,Yes,No,No,Month-to-month,No,Electronic check,92.42,787.96,No
C6790-8767,Female,1,No,No,24,Yes,Yes,No,No internet service,No internet service,No internet service,No internet service,No internet service,No internet service,One year,No,Bank transfer (automatic),48.62,1168.5,No
C6791-9341,Female,0,No,No,12,Yes,No,No,No internet service,No internet service,No internet service,No internet service,No internet service,No internet service,Two year,No,Electronic check,45.06,564.15,No
C6792-8659,Male,0,No,No,55,Yes,No,Fiber optic,Yes,No,No,Yes,No,Yes,Month-to-month,No,Bank transfer (automatic),99.55,5487.26,No
C6793-1672,Female,0,Yes,No,6,Yes,No,DSL,Yes,Yes,Yes,No,Yes,Yes,One year,Yes,Electronic check,105.2,627.66,No
C6794-7566,Female,0,Yes,No,65,Yes,Yes,DSL,No,No,Yes,No,No,Yes,Two year,Yes,Bank transfer (automatic),79.27,5140.49,No
C6795-1991,Male,0,Yes,No,10,Yes,No,Fiber optic,No,Yes,No,No,No,Yes,Month-to-month,No,Electronic check,113.47,1151.07,No
C6796-1688,Male,0,No,No,59,Yes,Yes,DSL,No,No,No,Yes,Yes,No,Month-to-month,Yes,Credit card (automatic),87.54,5165.2,No
C6797-7226,Male,0,Yes,Yes,14,Yes,Yes,DSL,No,No,No,No,No,Yes,Month-to-month,Yes,Mailed check,79.67,1132.86,No
C6798-5303,Male,0,No,No,45,Yes,No,Fiber optic,No,Yes,No,No,No,Yes,Month-to-month,No,Electronic check,103.58,4659.31,No
C6799-6831,Female,0,Yes,Yes,26,Yes,Yes,Fiber optic,No,Yes,Yes,No,Yes,No,Two year,Yes,Electronic check,120.05,3150.89,No
C6800-8662,Male,0,No,No,44,Yes,No,DSL,No,Yes,No,No,No,No,Month-to-month,Yes,Electronic check,79.39,3500.87,Yes
C6801-1619,Male,0,Yes,No,3,Yes,No,Fiber optic,No,No,No,No,No,Yes,Month-to-month,Yes,Bank transfer (automatic),104.82,301.36,Yes
C6802-5747,Female,0,Yes,Yes,19,Yes,No,DSL,Yes,Yes,No,No,No,No,Month-to-month,Yes,Electronic check,65.32,1257.87,No
C6803-8508,Female,0,No,No,61,Yes,Yes,Fiber optic,Yes,Yes,Yes,No,Yes,Yes,Month-to-month,Yes,Credit card (automatic),129.18,7885.23,No
C6804-4962,Male,0,No,No,23,Yes,No,Fiber optic,No,Yes,No,No,No,No,Two year,No,Mailed check,91.25,2089.45,No
C6805-5710,Male,1,Yes,No,13,Yes,No,DSL,No,No,Yes,No,Yes,Yes,One year,Yes,Mailed check,80.43,1040.04,No
C6806-5480,Female,0,Yes,Yes,5,Yes,Yes,No,No internet service,No internet service,No internet service,No internet service,No internet service,No internet service,One year,No,Bank transfer (automatic),35.84,165.84,No
C6807-9163,Female,0,No,No,11,Yes,Yes,No,No internet service,No internet service,No internet service,No internet service,No internet service,No internet service,Month-to-month,Yes,Credit card (automatic),46.4,497.46,No
C6808-1448,Female,0,No,No,69,Yes,No,No,No internet service,No internet service,No internet service,No internet service,No internet service,No internet service,Two year,No,Mailed check,28.11,1950.88,No
C6809-8901,Female,0,No,No,38,Yes,Yes,Fiber optic,No,No,Yes,No,Yes,Yes,Two year,No,Bank transfer (automatic),124.66,4762.0,No
C6810-8346,Female,0,No,No,46,Yes,Yes,No,No internet service,No internet service,No internet service,No internet service,No internet service,No internet service,Two year,No,Credit card (automatic),40.14,1853.59,No
C6811-8311,Male,0,No,No,18,Yes,No,Fiber optic,Yes,Yes,No,No,Yes,Yes,Two year,Yes,Bank transfer (automatic),119.21,2143.31,No
C6812-4710,Male,0,No,No,17,Yes,No,DSL,No,No,No,No,Yes,No,One year,Yes,Electronic check,65.75,1114.12,No
C6813-5642,Female,1,Yes,Yes,46,Yes,No,Fiber optic,Yes,No,Yes,Yes,No,Yes,One year,No,Electronic check,109.36,5034.63,No
C6814-4320,Female,0,No,No,56,No,No phone service,No,No internet service,No internet service,No internet service,No internet service,No internet service,No internet service,Month-to-month,No,Electronic check,18.25,1028.8,No
C6815-3265,Female,0,No,No,15,Yes,No,No,No internet service,No internet service,No internet service,No internet service,No internet service,No internet service,Month-to-month,No,Bank transfer (automatic),30.28,436.6,Yes
C6816-8878,Male,1,Yes,No,39,Yes,Yes,DSL,No,Yes,Yes,Yes,Yes,No,One year,Yes,Electronic check,109.72,4274.97,No
C6817-5553,Male,0,No,No,33,Yes,No,DSL,No,Yes,No,No,No,No,Month-to-month,Yes,Electronic check,74.52,2465.58,No
C6818-7509,Female,0,Yes,Yes,5,Yes,No,Fiber optic,No,Yes,Yes,Yes,No,Yes,One year,Yes,Electronic check,121.99,594.08,No
C6819-1907,Female,0,Yes,No,31,Yes,No,No,No internet service,No internet service,No internet service,No internet service,No internet service,No internet service,One year,No,Mailed check,35.28,1119.39,No
C6820-8099,Male,0,No,Yes,25,Yes,No,No,No internet service,No internet service,No internet service,No internet service,No internet service,No internet service,One year,No,Bank transfer (automatic),46.52,1208.62,No
C6821-6928,Male,0,No,No,6,Yes,No,DSL,No,No,Yes,No,Yes,Yes,Month-to-month,No,Electronic check,90.51,561.39,Yes
C6822-9977,Male,0,Yes,Yes,43,Yes,No,DSL,No,Yes,Yes,No,No,No,Two year,No,Mailed check,72.02,3081.37,No
C6823-2205,Female,0,No,No,9,Yes,Yes,Fiber optic,No,No,No,No,Yes,No,Month-to-month,No,Bank transfer (automatic),104.13,946.92,No
C6824-5859,Male,0,Yes,No,13,Yes,Yes,DSL,No,No,No,Yes,Yes,Yes,One year,Yes,Bank transfer (automatic),100.0,1310.75,No
C6825-5600,Male,0,No,No,72,Yes,Yes,DSL,Yes,Yes,Yes,No,Yes,Yes,Month-to-month,Yes,Electronic check,104.27,7495.15,Yes
C6826-5845,Male,1,Yes,No,13,Yes,Yes,Fiber optic,No,No,Yes,No,Yes,No,Two year,No,Credit card (automatic),115.74,1494.09,No
C6827-1489,Female,0,No,No,19,Yes,No,DSL,Yes,Yes,No,No,Yes,No,One year,No,Mailed check,74.51,1401.83,Yes
C6828-5257,Male,0,Yes,Yes,5,Yes,No,No,No internet service,No internet service,No internet service,No internet service,No internet service,No internet service,Two year,Yes,Credit card (automatic),36.93,177.84,No
C6829-3695,Female,1,Yes,Yes,72,Yes,No,No,No internet service,No internet service,No internet service,No internet service,No internet service,No internet service,Month-to-month,No,Credit card (automatic),34.75,2481.7,Yes
C6830-6555,Male,1,No,No,72,Yes,No,DSL,No,No,No,Yes,Yes,Yes,Two year,Yes,Bank transfer (automatic),97.63,7020.46,No
C6831-3088,Male,0,Yes,Yes,2,Yes,Yes,Fiber optic,No,No,Yes,No,Yes,No,Month-to-month,No,Mailed check,102.76,216.68,Yes
C6832-4915,Male,0,Yes,No,72,Yes,No,Fiber optic,No,No,No,Yes,No,No,Month-to-month,Yes,Credit card (automatic),95.69,6875.47,No
C6833-6579,Male,0,Yes,Yes,72,Yes,Yes,Fiber optic,No,No,Yes,No,Yes,No,Month-to-month,Yes,Bank transfer (automatic),121.18,8741.06,No
C6834-1576,Female,0,No,No,29,Yes,Yes,No,No internet service,No internet service,No internet service,No internet service,No internet service,No internet service,One year,No,Mailed check,48.07,1376.12,No
C6835-8080,Male,0,Yes,Yes,11,No,No phone service,DSL,No,Yes,Yes,Yes,No,No,Two year,Yes,Mailed check,59.3,663.93,No
C6836-7440,Female,0,No,No,68,Yes,No,No,No internet service,No internet service,No internet service,No internet service,No internet service,No internet service,One year,No,Credit card (automatic),44.02,3002.65,No
C6837-1515,Female,0,Yes,Yes,46,Yes,Yes,Fiber optic,No,Yes,Yes,No,Yes,Yes,Month-to-month,Yes,Credit card (automatic),138.96,6391.82,Yes
C6838-1582,Male,0,No,Yes,72,Yes,Yes,DSL,No,Yes,Yes,No,Yes,Yes,Month-to-month,No,Bank transfer (automatic),101.69,7316.5,No
C6839-8651,Male,0,No,No,72,Yes,No,Fiber optic,No,No,Yes,No,No,No,Month-to-month,No,Bank transfer (automatic),108.17,7789.48,Yes
C6840-3549,Female,0,Yes,Yes,25,Yes,No,Fiber optic,No,Yes,Yes,No,Yes,Yes,Month-to-month,Yes,Bank transfer (automatic),120.64,3029.72,No
C6841-8746,Male,0,No,No,29,Yes,No,DSL,No,No,No,No,No,Yes,One year,No,Bank transfer (automatic),87.83,2530.66,No
C6842-5492,Male,0,Yes,No,10,Yes,Yes,No,No internet service,No internet service,No internet service,No internet service,No internet service,No internet service,Month-to-month,Yes,Bank transfer (automatic),50.55,505.74,No
C6843-4080,Female,1,Yes,No,11,Yes,No,DSL,No,Yes,No,Yes,No,No,One year,No,Mailed check,96.3,1051.9,No
C6844-3461,Male,1,No,No,22,No,No phone service,DSL,No,No,No,No,Yes,Yes,Month-to-month,No,Mailed check,55.95,1232.44,No
C6845-6930,Male,0,No,No,43,Yes,Yes,Fiber optic,Yes,Yes,Yes,No,No,No,Month-to-month,Yes,Electronic check,118.53,5091.15,No
C6846-1987,Female,0,No,No,72,Yes,No,Fiber optic,No,No,No,No,Yes,No,Month-to-month,Yes,Bank transfer (automatic),87.32,6301.15,No
C6847-4623,Male,1,No,No,11,Yes,No,Fiber optic,No,No,Yes,Yes,No,Yes,Month-to-month,Yes,Credit card (automatic),115.41,1245.68,Yes
C6848-4112,Male,1,Yes,No,23,No,No phone service,Fiber optic,No,Yes,Yes,No,No,Yes,One year,Yes,Electronic check,90.94,2087.58,No
C6849-2387,Male,1,No,No,51,Yes,Yes,Fiber optic,No,Yes,Yes,No,Yes,No,One year,Yes,Bank transfer (automatic),122.73,6259.87,No
C6850-4175,Male,0,Yes,No,29,Yes,No,Fiber optic,No,No,Yes,No,No,No,Two year,Yes,Mailed check,99.56,2871.8,No
C6851-5757,Male,0,No,No,40,Yes,No,Fiber optic,No,No,No,No,Yes,Yes,Month-to-month,No,Mailed check,106.11,4217.78,No
C6852-7097,Male,0,No,Yes,27,Yes,No,DSL,Yes,Yes,No,No,No,Yes,Month-to-month,Yes,Electronic check,93.08,2528.55,No
C6853-1777,Male,0,Yes,No,7,Yes,No,Fiber optic,No,No,No,Yes,No,No,Month-to-month,No,Credit card (automatic),103.07,714.71,Yes
C6854-8850,Male,0,No,No,66,Yes,No,No,No internet service,No internet service,No internet service,No internet service,No internet service,No internet service,Two year,No,Electronic check,41.63,2732.52,No
C6855-8905,Male,0,No,No,41,Yes,No,Fiber optic,No,No,No,No,No,Yes,One year,Yes,Electronic check,97.47,3998.44,No
C6856-7227,Male,0,No,No,15,Yes,Yes,Fiber optic,No,Yes,Yes,No,Yes,No,Two year,Yes,Credit card (automatic),110.75,1650.66,No
C6857-9317,Male,0,No,Yes,21,Yes,Yes,Fiber optic,No,No,No,No,Yes,No,Month-to-month,Yes,Bank transfer (automatic),111.82,2336.54,No
C6858-4851,Male,0,No,Yes,13,Yes,No,DSL,Yes,Yes,Yes,No,No,No,One year,Yes,Electronic check,79.39,1029.09,No
C6859-8393,Male,0,No,No,45,Yes,No,DSL,No,Yes,No,No,Yes,Yes,One year,Yes,Electronic check,84.64,3802.4,No
C6860-7544,Male,0,No,No,4,Yes,No,DSL,No,Yes,No,No,No,No,Month-to-month,Yes,Electronic check,72.72,312.69,Yes
C6861-6062,Female,0,No,No,13,No,No phone service,Fiber optic,No,No,No,Yes,No,Yes,Month-to-month,Yes,Mailed check,71.7,938.22,No
C6862-2615,Female,1,Yes,No,18,Yes,Yes,DSL,No,No,No,Yes,No,Yes,Month-to-month,Yes,Bank transfer (automatic),77.28,1376.52,No
C6863-6017,Male,0,Yes,Yes,19,Yes,Yes,DSL,Yes,Yes,Yes,No,No,No,Month-to-month,Yes,Mailed check,88.29,1699.57,No
C6864-9111,Male,0,No,No,9,Yes,No,No,No internet service,No internet service,No internet service,No internet service,No internet service,No internet service,Month-to-month,Yes,Bank transfer (automatic),42.18,374.86,No
C6865-9860,Female,0,No,No,26,Yes,Yes,Fiber optic,Yes,No,Yes,No,Yes,Yes,One year,Yes,Bank transfer (automatic),126.94,3328.12,No
C6866-5032,Male,0,No,No,4,Yes,No,DSL,No,Yes,Yes,No,Yes,No,Month-to-month,Yes,Credit card (automatic),81.68,310.56,Yes
C6867-3230,Female,0,Yes,Yes,46,Yes,No,DSL,Yes,Yes,No,No,Yes,No,One year,Yes,Electronic check,97.03,4453.32,Yes
C6868-7726,Female,0,Yes,Yes,72,No,No phone service,Fiber optic,No,Yes,Yes,Yes,No,Yes,Month-to-month,Yes,Credit card (automatic),93.14,6680.05,No
C6869-1683,Female,1,No,No,34,Yes,Yes,DSL,Yes,No,Yes,No,No,Yes,Month-to-month,Yes,Credit card (automatic),106.51,3611.3,No
C6870-2359,Female,0,Yes,Yes,9,No,No phone service,DSL,No,No,No,No,Yes,No,One year,No,Credit card (automatic),49.91,509.63,No
C6871-6056,Male,1,Yes,No,42,Yes,No,No,No internet service,No internet service,No internet service,No internet service,No internet service,No internet service,Month-to-month,Yes,Mailed check,32.8,1373.45,Yes
C6872-9910,Male,0,Yes,No,19,Yes,Yes,Fiber optic,Yes,Yes,Yes,No,Yes,No,Month-to-month,Yes,Mailed check,145.36,2771.16,No
C6873-3958,Female,0,No,No,33,Yes,No,No,No internet service,No internet service,No internet service,No internet service,No internet service,No internet service,One year,Yes,Electronic check,21.82,708.87,No
C6874-4989,Female,0,No,No,27,Yes,No,Fiber optic,No,Yes,No,No,No,No,Month-to-month,No,Credit card (automatic),97.69,2634.83,No
C6875-3900,Female,0,Yes,No,50,Yes,No,DSL,No,No,No,No,No,No,Month-to-month,No,Bank transfer (automatic),59.11,2957.22,Yes
C6876-4964,Male,1,No,No,33,Yes,No,Fiber optic,No,Yes,No,No,Yes,No,Month-to-month,No,Bank transfer (automatic),92.38,3062.96,Yes
C6877-1063,Female,0,Yes,No,17,Yes,No,DSL,Yes,Yes,Yes,Yes,Yes,Yes,Month-to-month,Yes,Electronic check,106.78,1810.0,Yes
C6878-6351,Female,0,No,Yes,12,No,No phone service,DSL,No,Yes,Yes,No,No,No,One year,No,Credit card (automatic),71.88,880.38,No
C6879-6365,Female,0,No,Yes,20,Yes,No,DSL,No,No,No,No,No,Yes,Month-to-month,No,Bank transfer (automatic),76.66,1520.73,Yes
C6880-3839,Female,1,No,Yes,55,Yes,Yes,No,No internet service,No internet service,No internet service,No internet service,No internet service,No internet service,Month-to-month,Yes,Credit card (automatic),33.42,1835.9,No
C6881-3376,Male,0,Yes,Yes,19,Yes,Yes,Fiber optic,No,Yes,No,No,Yes,No,One year,Yes,Credit card (automatic),100.71,1907.23,No
C6882-7853,Male,0,Yes,No,39,Yes,No,Fiber optic,Yes,No,No,No,No,Yes,Two year,No,Electronic check,97.76,3819.22,No
C6883-2690,Female,0,Yes,No,41,Yes,No,Fiber optic,No,No,Yes,No,No,No,Month-to-month,Yes,Credit card (automatic),87.49,3592.26,Yes
C6884-1423,Female,0,No,No,22,Yes,No,DSL,No,Yes,Yes,No,Yes,No,One year,Yes,Electronic check,97.24,2166.32,No
C6885-1363,Male,0,Yes,No,20,Yes,No,Fiber optic,Yes,Yes,No,No,No,No,Month-to-month,No,Bank transfer (automatic),106.58,2147.84,Yes
C6886-8934,Female,0,No,No,24,Yes,Yes,DSL,No,No,Yes,No,Yes,Yes,Month-to-month,Yes,Bank transfer (automatic),90.34,2169.19,No
C6887-4278,Male,1,Yes,No,5,Yes,No,DSL,Yes,No,No,No,Yes,No,One year,Yes,Credit card (automatic),78.62,384.56,Yes
C6888-1916,Male,0,No,No,36,No,No phone service,Fiber optic,Yes,No,No,No,No,Yes,Month-to-month,No,Mailed check,74.64,2681.91,No
C6889-8909,Female,0,No,No,16,No,No phone service,DSL,No,Yes,No,No,No,No,Month-to-month,No,Electronic check,47.91,756.41,Yes
C6890-2337,Male,0,Yes,No,30,Yes,Yes,Fiber optic,Yes,No,No,Yes,No,Yes,Month-to-month,Yes,Mailed check,107.44,3221.79,Yes
C6891-4029,Male,0,No,No,15,Yes,No,Fiber optic,No,No,Yes,No,Yes,Yes,Month-to-month,No,Electronic check,109.89,1670.53,No
C6892-1186,Female,0,No,No,72,Yes,No,Fiber optic,No,No,Yes,Yes,No,Yes,Two year,No,Bank transfer (automatic),105.88,7642.24,No
C6893-7110,Male,1,No,No,41,Yes,No,No,No internet service,No internet service,No internet service,No internet service,No internet service,No internet service,Two year,Yes,Electronic check,38.12,1587.76,No
C6894-7293,Male,0,No,No,1,Yes,No,Fiber optic,No,No,Yes,Yes,No,No,Month-to-month,Yes,Bank transfer (automatic),110.63,93.13,No
C6895-7808,Male,0,No,No,23,Yes,Yes,Fiber optic,No,Yes,Yes,No,No,No,Two year,No,Electronic check,108.86,2519.62,No
C6896-3367,Male,1,No,No,50,Yes,No,Fiber optic,No,No,Yes,No,No,Yes,Month-to-month,No,Electronic check,82.69,4120.1,No
C6897-3952,Male,0,No,No,72,Yes,No,DSL,No,No,No,No,No,Yes,Month-to-month,Yes,Bank transfer (automatic),86.13,6208.37,No
C6898-9442,Male,0,Yes,Yes,7,Yes,Yes,No,No internet service,No internet service,No internet service,No internet service,No internet service,No internet service,Month-to-month,Yes,Mailed check,47.91,330.67,No
C6899-8393,Male,0,No,No,1,Yes,Yes,Fiber optic,No,No,Yes,Yes,Yes,No,Month-to-month,Yes,Bank transfer (automatic),107.21,115.53,Yes
C6900-1334,Female,0,No,No,16,Yes,Yes,Fiber optic,No,No,Yes,No,Yes,No,One year,No,Electronic check,108.84,1763.06,No
C6901-7226,Male,0,Yes,Yes,14,Yes,No,DSL,No,Yes,Yes,No,No,Yes,Two year,No,Mailed check,93.45,1304.7,No
C6902-8313,Female,0,No,No,41,Yes,No,No,No internet service,No internet service,No internet service,No internet service,No internet service,No internet service,One year,No,Bank transfer (automatic),35.35,1437.99,No
C6903-6032,Male,0,Yes,No,9,No,No phone service,Fiber optic,Yes,No,Yes,No,No,No,Month-to-month,No,Electronic check,81.51,723.67,Yes
C6904-6758,Male,0,Yes,No,15,Yes,No,DSL,No,No,Yes,Yes,No,No,Two year,No,Credit card (automatic),77.62,1184.53,No
C6905-1008,Female,1,No,No,16,Yes,Yes,DSL,Yes,Yes,No,No,Yes,No,Month-to-month,No,Credit card (automatic),107.14,1720.1,No
C6906-1270,Male,0,Yes,Yes,31,Yes,No,Fiber optic,No,Yes,Yes,No,Yes,No,Two year,No,Electronic check,128.59,3970.13,Yes
C6907-1315,Male,1,No,No,39,Yes,No,DSL,No,Yes,No,No,No,No,Month-to-month,Yes,Electronic check,79.73,3116.08,Yes
C6908-2430,Female,0,Yes,Yes,13,No,No phone service,DSL,No,No,No,No,No,Yes,Month-to-month,Yes,Mailed check,65.67,867.09,No
C6909-9916,Male,1,No,No,31,Yes,Yes,DSL,Yes,Yes,Yes,No,No,Yes,Two year,Yes,Mailed check,89.2,2812.07,No
C6910-6708,Male,0,No,No,2,Yes,No,DSL,No,Yes,No,Yes,No,Yes,Month-to-month,No,Mailed check,83.11,147.51,Yes
C6911-8039,Male,1,No,No,72,Yes,No,DSL,No,No,No,Yes,No,Yes,Two year,No,Credit card (automatic),72.34,5210.4,No
C6912-3659,Female,0,No,No,10,Yes,Yes,Fiber optic,Yes,Yes,Yes,No,Yes,Yes,Month-to-month,Yes,Electronic check,136.56,1353.64,Yes
C6913-9437,Male,0,Yes,No,59,Yes,No,Fiber optic,No,No,No,No,No,Yes,One year,Yes,Mailed check,104.72,6199.73,No
C6914-2790,Male,0,Yes,No,14,No,No phone service,Fiber optic,No,No,No,Yes,No,Yes,One year,Yes,Electronic check,80.43,1116.01,No
C6915-9119,Female,0,No,No,41,No,No phone service,No,No internet service,No internet service,No internet service,No internet service,No internet service,No internet service,Month-to-month,Yes,Bank transfer (automatic),18.25,738.89,No
C6916-1277,Male,0,No,No,19,Yes,Yes,DSL,No,No,No,Yes,Yes,Yes,Two year,No,Bank transfer (automatic),94.86,1808.71,No
C6917-1183,Male,1,No,No,48,Yes,No,Fiber optic,No,No,No,No,No,Yes,Month-to-month,Yes,Electronic check,89.11,4269.76,Yes
C6918-1709,Male,0,No,No,56,Yes,No,Fiber optic,Yes,No,No,No,No,No,Two year,Yes,Bank transfer (automatic),81.71,4598.77,No
C6919-8125,Female,1,Yes,Yes,70,Yes,Yes,Fiber optic,No,Yes,Yes,Yes,No,Yes,Two year,Yes,Bank transfer (automatic),131.9,9267.95,No
C6920-3317,Male,0,Yes,No,36,Yes,Yes,DSL,No,No,No,Yes,Yes,No,One year,No,Electronic check,83.0,2968.79,No
C6921-5059,Male,1,No,No,3,Yes,No,Fiber optic,Yes,No,Yes,No,Yes,Yes,One year,Yes,Electronic check,114.02,355.62,No
C6922-5241,Female,1,No,No,9,No,No phone service,Fiber optic,No,Yes,Yes,No,Yes,No,One year,Yes,Bank transfer (automatic),94.5,869.92,No
C6923-8105,Female,0,No,Yes,72,Yes,No,DSL,Yes,Yes,No,Yes,No,Yes,Two year,No,Bank transfer (automatic),84.56,6078.99,Yes
C6924-4138,Male,0,No,No,21,No,No phone service,DSL,No,Yes,Yes,Yes,No,Yes,One year,Yes,Credit card (automatic),87.97,1859.35,Yes
C6925-1060,Male,0,No,No,20,No,No phone service,Fiber optic,No,No,No,Yes,Yes,No,One year,Yes,Mailed check,85.94,1739.75,No
C6926-4477,Female,0,No,No,42,Yes,Yes,Fiber optic,Yes,No,Yes,No,Yes,No,Two year,No,Mailed check,111.48,4670.03,No
C6927-3593,Male,0,Yes,Yes,37,Yes,Yes,DSL,Yes,No,No,No,No,Yes,Month-to-month,No,Mailed check,96.17,3546.29,Yes
C6928-7577,Male,0,No,No,72,Yes,No,DSL,Yes,No,Yes,No,Yes,Yes,Month-to-month,Yes,Credit card (automatic),106.08,7633.89,No
C6929-7761,Female,0,Yes,No,24,Yes,Yes,Fiber optic,Yes,Yes,Yes,No,Yes,Yes,Two year,Yes,Mailed check,116.83,2803.68,No
C6930-1827,Male,0,Yes,Yes,21,Yes,No,Fiber optic,No,No,Yes,Yes,Yes,Yes,One year,No,Electronic check,89.89,1879.2,No
C6931-8136,Male,0,No,No,54,Yes,Yes,Fiber optic,Yes,Yes,Yes,Yes,Yes,No,Month-to-month,Yes,Electronic check,129.39,7020.94,No
C6932-1634,Female,0,Yes,No,44,Yes,No,Fiber optic,No,Yes,No,No,No,Yes,Month-to-month,No,Electronic check,102.22,4501.45,No
C6933-6576,Female,0,Yes,Yes,7,No,No phone service,DSL,No,Yes,No,No,Yes,No,One year,No,Electronic check,61.14,418.72,No
C6934-4503,Female,1,No,No,21,Yes,Yes,DSL,Yes,No,No,No,Yes,Yes,Month-to-month,No,Electronic check,106.24,2242.01,No
C6935-3711,Male,1,No,No,72,Yes,No,Fiber optic,Yes,No,No,No,Yes,No,Month-to-month,No,Mailed check,104.41,7507.97,No
C6936-5348,Female,1,Yes,No,11,Yes,No,DSL,No,Yes,No,No,Yes,No,Month-to-month,No,Credit card (automatic),77.27,836.47,No
C6937-3792,Male,0,No,No,21,Yes,Yes,Fiber optic,Yes,No,No,Yes,No,No,Month-to-month,No,Mailed check,117.13,2465.72,No
C6938-8143,Female,0,No,No,72,Yes,No,Fiber optic,No,No,Yes,No,No,No,Two year,No,Mailed check,106.88,7670.0,No
C6939-9699,Female,0,Yes,No,72,Yes,Yes,Fiber optic,No,No,No,No,Yes,No,Month-to-month,No,Electronic check,89.22,6420.43,No
C6940-8341,Female,0,No,Yes,66,Yes,No,DSL,No,Yes,No,No,No,Yes,Two year,Yes,Mailed check,89.08,5861.61,No
C6941-4952,Male,1,No,No,18,Yes,No,DSL,No,No,Yes,No,Yes,Yes,Month-to-month,Yes,Mailed check,83.48,1510.39,No
C6942-5529,Male,0,No,No,13,Yes,Yes,Fiber optic,No,Yes,Yes,No,No,No,Two year,Yes,Bank transfer (automatic),118.9,1542.64,No
C6943-5023,Female,0,No,No,53,Yes,No,DSL,Yes,No,No,No,No,Yes,One year,No,Bank transfer (automatic),72.43,3835.89,No
C6944-8141,Male,1,No,Yes,72,Yes,No,DSL,Yes,Yes,Yes,No,Yes,Yes,Month-to-month,Yes,Bank transfer (automatic),93.04,6675.11,No
C6945-5970,Male,0,No,Yes,24,Yes,Yes,DSL,No,Yes,No,Yes,No,Yes,Month-to-month,Yes,Bank transfer (automatic),100.33,2426.97,No
C6946-5212,Male,0,Yes,Yes,35,Yes,No,Fiber optic,Yes,No,No,No,Yes,No,Two year,Yes,Electronic check,111.32,3891.25,No
C6947-4685,Female,0,No,Yes,12,Yes,No,No,No internet service,No internet service,No internet service,No internet service,No internet service,No internet service,One year,Yes,Electronic check,49.86,593.17,No
C6948-4375,Male,0,No,No,5,Yes,No,Fiber optic,No,Yes,No,No,No,No,Month-to-month,No,Electronic check,83.0,385.96,Yes
C6949-5973,Male,0,Yes,No,6,Yes,Yes,Fiber optic,Yes,Yes,No,No,No,No,Two year,Yes,Bank transfer (automatic),113.19,700.41,No
C6950-7200,Male,0,No,No,24,Yes,Yes,Fiber optic,No,Yes,No,Yes,Yes,Yes,Month-to-month,No,Electronic check,130.98,3138.43,No
C6951-4890,Male,0,No,No,11,Yes,No,Fiber optic,No,No,Yes,No,Yes,Yes,Month-to-month,Yes,Mailed check,96.65,1057.6,Yes
C6952-8259,Female,0,Yes,No,33,Yes,No,DSL,No,No,No,Yes,No,Yes,Month-to-month,No,Bank transfer (automatic),66.17,2210.21,No
C6953-8439,Male,0,Yes,No,13,Yes,No,No,No internet service,No internet service,No internet service,No internet service,No internet service,No internet service,Two year,Yes,Mailed check,40.4,510.91,No
C6954-4861,Male,0,No,No,63,Yes,Yes,No,No internet service,No internet service,No internet service,No internet service,No internet service,No internet service,Month-to-month,No,Mailed check,47.61,3000.58,No
C6955-9180,Male,0,Yes,No,17,Yes,No,Fiber optic,Yes,Yes,No,Yes,No,Yes,Two year,Yes,Mailed check,118.33,2027.67,No
C6956-2557,Male,0,No,No,20,No,No phone service,DSL,Yes,Yes,Yes,No,Yes,Yes,Month-to-month,Yes,Mailed check,76.53,1533.25,No
C6957-9388,Female,0,Yes,Yes,72,Yes,No,Fiber optic,Yes,Yes,No,Yes,No,No,Month-to-month,Yes,Mailed check,104.75,7541.65,Yes
C6958-3646,Male,0,No,No,30,Yes,Yes,DSL,No,Yes,No,No,Yes,No,Month-to-month,Yes,Credit card (automatic),102.06,3069.13,No
C6959-6078,Female,0,No,No,33,Yes,No,Fiber optic,No,No,Yes,No,No,Yes,Two year,Yes,Mailed check,98.97,3273.22,No
C6960-3551,Male,0,Yes,Yes,20,Yes,Yes,Fiber optic,No,Yes,No,No,No,Yes,Month-to-month,Yes,Bank transfer (automatic),111.67,2229.98,No
C6961-4978,Male,0,No,No,28,Yes,Yes,Fiber optic,Yes,Yes,No,No,Yes,Yes,Two year,Yes,Mailed check,115.38,3240.64,No
C6962-4060,Male,0,Yes,No,8,Yes,No,No,No internet service,No internet service,No internet service,No internet service,No internet service,No internet service,Month-to-month,Yes,Electronic check,46.28,387.27,No
C6963-7346,Female,1,Yes,Yes,54,Yes,No,No,No internet service,No internet service,No internet service,No internet service,No internet service,No internet service,Two year,No,Electronic check,38.14,2055.35,No
C6964-1730,Male,1,No,No,14,Yes,No,DSL,Yes,No,Yes,No,No,No,Month-to-month,No,Mailed check,83.66,1183.85,Yes
C6965-8544,Female,1,Yes,Yes,6,Yes,Yes,Fiber optic,No,Yes,No,No,No,No,Month-to-month,Yes,Bank transfer (automatic),114.99,726.92,Yes
C6966-9133,Male,0,No,No,38,Yes,Yes,No,No internet service,No internet service,No internet service,No internet service,No internet service,No internet service,Month-to-month,Yes,Credit card (automatic),45.82,1755.55,No
C6967-6066,Male,1,No,No,42,Yes,Yes,No,No internet service,No internet service,No internet service,No internet service,No internet service,No internet service,Month-to-month,Yes,Mailed check,66.38,2787.1,No
C6968-5924,Female,0,Yes,Yes,25,Yes,Yes,Fiber optic,Yes,No,Yes,Yes,Yes,Yes,Two year,No,Mailed check,142.96,3557.98,No
C6969-7299,Male,0,Yes,No,72,Yes,Yes,DSL,Yes,Yes,Yes,No,Yes,Yes,Month-to-month,Yes,Electronic check,107.73,7748.49,Yes
C6970-2791,Male,1,No,No,14,Yes,No,Fiber optic,Yes,No,No,No,No,No,Two year,Yes,Credit card (automatic),89.91,1245.27,No
C6971-7746,Female,0,Yes,No,23,No,No phone service,Fiber optic,No,No,Yes,No,No,No,One year,No,Mailed check,66.97,1534.02,No
C6972-2967,Female,0,No,No,2,No,No phone service,DSL,No,Yes,Yes,No,No,No,Month-to-month,Yes,Bank transfer (automatic),54.1,130.48,Yes
C6973-7086,Female,0,Yes,No,0,No,No phone service,No,No internet service,No internet service,No internet service,No internet service,No internet service,No internet service,Month-to-month,No,Bank transfer (automatic),18.25,,Yes
C6974-3749,Female,0,No,Yes,31,Yes,No,Fiber optic,No,Yes,No,No,No,No,Two year,No,Electronic check,102.9,3222.14,Yes
C6975-7714,Male,0,Yes,Yes,38,Yes,No,No,No internet service,No internet service,No internet service,No internet service,No internet service,No internet service,Two year,Yes,Bank transfer (automatic),43.69,1647.42,No
C6976-8118,Male,0,No,No,29,Yes,No,DSL,No,Yes,Yes,Yes,Yes,No,Two year,Yes,Credit card (automatic),93.79,2717.16,No
C6977-2877,Male,0,No,No,38,Yes,No,No,No internet service,No internet service,No internet service,No internet service,No internet service,No internet service,Month-to-month,Yes,Bank transfer (automatic),44.84,1674.9,No
C6978-6556,Female,0,Yes,Yes,53,Yes,No,Fiber optic,Yes,No,Yes,No,No,Yes,Month-to-month,Yes,Bank transfer (automatic),108.56,5770.63,No
C6979-5484,Male,0,No,Yes,23,Yes,Yes,DSL,No,No,Yes,No,Yes,Yes,Two year,Yes,Credit card (automatic),90.84,2120.55,No
C6980-3646,Male,0,Yes,Yes,19,Yes,No,No,No internet service,No internet service,No internet service,No internet service,No internet service,No internet service,One year,No,Credit card (automatic),44.15,821.69,No
C6981-6293,Male,0,Yes,Yes,10,Yes,Yes,No,No internet service,No internet service,No internet service,No internet service,No internet service,No internet service,Month-to-month,No,Electronic check,42.28,458.2,No
C6982-9932,Female,0,Yes,Yes,33,Yes,No,Fiber optic,Yes,No,No,No,Yes,No,Month-to-month,Yes,Mailed check,111.21,3675.12,No
C6983-1022,Female,0,No,No,58,Yes,No,No,No internet service,No internet service,No internet service,No internet service,No internet service,No internet service,Month-to-month,Yes,Mailed check,39.47,2303.67,No
C6984-9610,Male,0,No,No,44,Yes,No,No,No internet service,No internet service,No internet service,No internet service,No internet service,No internet service,One year,Yes,Credit card (automatic),55.89,2439.86,No
C6985-8702,Male,0,Yes,Yes,72,Yes,No,Fiber optic,Yes,Yes,No,No,No,No,Month-to-month,Yes,Credit card (automatic),104.86,7561.13,Yes
C6986-5763,Female,0,No,No,27,Yes,Yes,DSL,Yes,No,Yes,No,Yes,Yes,Month-to-month,No,Credit card (automatic),93.68,2550.71,No
C6987-6489,Male,0,No,No,17,Yes,No,Fiber optic,No,Yes,Yes,No,No,Yes,Month-to-month,No,Mailed check,110.84,1872.64,Yes
C6988-4322,Male,0,Yes,No,22,Yes,No,Fiber optic,No,No,Yes,Yes,No,Yes,Month-to-month,No,Electronic check,111.99,2471.67,No
C6989-2162,Male,0,Yes,Yes,48,Yes,No,Fiber optic,Yes,Yes,No,No,Yes,No,Month-to-month,No,Mailed check,108.28,5202.94,Yes
C6990-6142,Female,0,Yes,No,38,Yes,No,DSL,No,No,No,Yes,Yes,Yes,Month-to-month,No,Electronic check,92.69,3523.45,Yes
C6991-8346,Male,0,Yes,No,14,Yes,Yes,No,No internet service,No internet service,No internet service,No internet service,No internet service,No internet service,One year,No,Mailed check,56.26,812.09,No
C6992-3079,Female,0,No,No,31,Yes,Yes,No,No internet service,No internet service,No internet service,No internet service,No internet service,No internet service,Two year,Yes,Mailed check,47.79,1482.14,No
C6993-7452,Male,1,No,No,13,Yes,Yes,Fiber optic,No,Yes,Yes,No,No,No,Month-to-month,Yes,Mailed check,117.57,1542.54,Yes
C6994-7731,Female,0,Yes,No,38,Yes,No,No,No internet service,No internet service,No internet service,No internet service,No internet service,No internet service,Two year,Yes,Mailed check,39.24,1510.41,No
C6995-7823,Female,1,No,No,3,Yes,Yes,DSL,No,Yes,Yes,No,No,Yes,Month-to-month,Yes,Bank transfer (automatic),88.86,236.03,No
C6996-4059,Male,0,Yes,No,5,Yes,Yes,Fiber optic,No,Yes,Yes,No,Yes,Yes,Two year,No,Mailed check,109.23,545.61,No
C6997-4527,Male,0,No,No,6,Yes,No,Fiber optic,No,No,No,No,No,Yes,Month-to-month,No,Bank transfer (automatic),108.51,642.29,Yes
C6998-4745,Male,0,No,No,10,Yes,Yes,Fiber optic,Yes,No,No,No,Yes,No,One year,Yes,Electronic check,123.37,1227.46,Yes
C6999-8686,Male,0,Yes,Yes,35,Yes,No,Fiber optic,No,No,Yes,No,No,No,Month-to-month,No,Mailed check,87.81,3061.85,Yes
C7000-9103,Male,1,No,No,47,No,No phone service,Fiber optic,No,Yes,No,Yes,Yes,No,Two year,Yes,Bank transfer (automatic),75.71,3550.44,No
C7001-4725,Male,0,Yes,No,25,Yes,Yes,Fiber optic,No,Yes,Yes,No,Yes,No,Month-to-month,Yes,Bank transfer (automatic),114.92,2842.26,No
C7002-9728,Female,0,No,No,6,Yes,No,DSL,No,Yes,Yes,No,No,Yes,Month-to-month,Yes,Bank transfer (automatic),85.23,501.02,No
C7003-6134,Male,1,Yes,No,55,Yes,Yes,DSL,Yes,No,Yes,Yes,Yes,Yes,Two year,No,Mailed check,98.79,5414.06,No
C7004-4465,Female,1,No,Yes,23,Yes,Yes,Fiber optic,Yes,No,Yes,No,No,Yes,Month-to-month,No,Electronic check,114.03,2609.58,Yes
C7005-1005,Male,0,No,No,64,Yes,Yes,Fiber optic,No,No,No,No,No,No,Two year,No,Mailed check,107.16,6870.37,No
C7006-6499,Female,0,No,Yes,27,Yes,Yes,DSL,No,No,No,Yes,No,Yes,Month-to-month,No,Electronic check,87.96,2397.39,Yes
C7007-6803,Female,0,No,Yes,4,Yes,Yes,Fiber optic,No,No,No,No,No,No,Month-to-month,Yes,Credit card (automatic),90.11,368.2,No
C7008-9714,Male,0,No,No,12,Yes,No,No,No internet service,No internet service,No internet service,No internet service,No internet service,No internet service,Month-to-month,Yes,Mailed check,42.04,512.94,No
C7009-7462,Female,1,Yes,Yes,3,No,No phone service,DSL,No,Yes,Yes,No,Yes,No,Month-to-month,No,Bank transfer (automatic),63.41,176.59,Yes
C7010-1267,Male,0,No,No,1,Yes,Yes,Fiber optic,No,No,No,Yes,No,No,Month-to-month,Yes,Electronic check,95.48,82.48,Yes
C7011-6103,Female,0,Yes,Yes,17,Yes,No,No,No internet service,No internet service,No internet service,No internet service,No internet service,No internet service,Two year,Yes,Mailed check,25.22,428.07,No
C7012-7684,Female,0,No,No,27,Yes,No,No,No internet service,No internet service,No internet service,No internet service,No internet service,No internet service,One year,Yes,Electronic check,43.11,1163.38,No
C7013-5468,Male,0,No,No,36,Yes,Yes,Fiber optic,No,No,No,No,Yes,No,One year,Yes,Mailed check,92.2,3329.59,Yes
C7014-4863,Male,0,Yes,Yes,49,Yes,No,Fiber optic,Yes,No,Yes,No,No,No,One year,Yes,Electronic check,104.65,5135.46,No
C7015-8288,Male,0,Yes,Yes,15,Yes,Yes,DSL,No,No,No,No,Yes,No,Month-to-month,Yes,Mailed check,96.74,1458.32,No
C7016-6501,Male,0,Yes,No,7,No,No phone service,No,No internet service,No internet service,No internet service,No internet service,No internet service,No internet service,One year,No,Bank transfer (automatic),24.82,205.26,No
C7017-7131,Male,0,Yes,No,27,Yes,No,No,No internet service,No internet service,No internet service,No internet service,No internet service,No internet service,Two year,Yes,Electronic check,39.45,1065.49,No
C7018-5176,Female,0,No,No,15,Yes,No,DSL,No,No,No,No,No,Yes,Two year,No,Credit card (automatic),83.51,1263.89,No
C7019-3502,Male,0,Yes,Yes,45,Yes,No,DSL,No,No,No,No,Yes,Yes,Month-to-month,Yes,Mailed check,88.94,4028.77,Yes
C7020-5671,Female,0,No,No,16,No,No phone service,DSL,No,No,No,No,Yes,No,Month-to-month,No,Electronic check,66.58,1070.27,No
C7021-9630,Female,0,Yes,No,36,Yes,No,Fiber optic,No,No,Yes,No,No,No,One year,No,Electronic check,90.31,3248.83,No
C7022-6423,Female,0,No,No,43,Yes,Yes,DSL,No,No,No,No,Yes,Yes,One year,Yes,Mailed check,79.53,3400.06,No
C7023-7364,Female,1,Yes,No,69,Yes,No,Fiber optic,No,No,No,Yes,Yes,No,Month-to-month,No,Mailed check,90.29,6209.26,No
C7024-2117,Female,0,Yes,Yes,4,Yes,Yes,Fiber optic,No,No,Yes,No,Yes,No,Two year,No,Electronic check,117.37,483.11,No
C7025-9890,Male,0,No,No,6,No,No phone service,No,No internet service,No internet service,No internet service,No internet service,No internet service,No internet service,Month-to-month,Yes,Mailed check,27.14,166.91,No
C7026-3202,Female,0,Yes,No,28,Yes,No,No,No internet service,No internet service,No internet service,No internet service,No internet service,No internet service,Month-to-month,Yes,Credit card (automatic),18.42,529.28,No
C7027-9740,Male,0,No,No,43,Yes,No,Fiber optic,No,No,Yes,No,Yes,No,One year,Yes,Electronic check,111.3,4783.04,No
C7028-5011,Male,0,No,No,35,Yes,No,Fiber optic,Yes,No,No,No,Yes,Yes,One year,Yes,Bank transfer (automatic),112.49,3925.92,No
C7029-9269,Female,0,Yes,Yes,11,Yes,No,Fiber optic,No,No,Yes,No,Yes,No,Two year,No,Credit card (automatic),96.29,1041.42,No
C7030-9025,Female,0,Yes,Yes,41,Yes,No,Fiber optic,No,Yes,Yes,No,No,No,Month-to-month,Yes,Credit card (automatic),110.45,4532.06,No
C7031-7797,Male,0,Yes,Yes,30,Yes,Yes,Fiber optic,No,No,No,No,Yes,No,Month-to-month,Yes,Credit card (automatic),105.84,3166.77,No
C7032-9246,Male,0,Yes,Yes,16,Yes,Yes,No,No internet service,No internet service,No internet service,No internet service,No internet service,No internet service,Two year,No,Mailed check,51.02,807.21,No
C7033-6484,Female,0,No,No,66,Yes,No,DSL,No,No,Yes,No,Yes,No,Month-to-month,Yes,Electronic check,71.27,4737.95,No
C7034-8638,Male,0,Yes,No,43,Yes,Yes,No,No internet service,No internet service,No internet service,No internet service,No internet service,No internet service,Month-to-month,Yes,Mailed check,38.42,1673.09,No
C7035-2549,Female,0,Yes,No,59,Yes,No,DSL,No,Yes,Yes,No,No,Yes,One year,No,Bank transfer (automatic),85.92,5060.8,No
C7036-1632,Male,0,No,No,28,Yes,No,Fiber optic,Yes,Yes,No,Yes,Yes,No,Two year,Yes,Electronic check,114.1,3212.48,No
C7037-5889,Female,0,Yes,Yes,39,Yes,Yes,No,No internet service,No internet service,No internet service,No internet service,No internet service,No internet service,Two year,No,Mailed check,44.22,1716.92,Yes
C7038-8287,Male,0,No,No,35,Yes,Yes,Fiber optic,Yes,No,No,Yes,No,No,Two year,Yes,Credit card (automatic),121.29,4258.51,No
C7039-7887,Female,0,No,No,4,Yes,Yes,No,No internet service,No internet service,No internet service,No internet service,No internet service,No internet service,Month-to-month,No,Electronic check,49.38,210.93,No
C7040-5750,Female,0,No,No,25,Yes,Yes,No,No internet service,No internet service,No internet service,No internet service,No internet service,No internet service,Two year,Yes,Credit card (automatic),40.73,979.8,No
C7041-5687,Female,0,No,Yes,33,Yes,Yes,Fiber optic,No,Yes,Yes,No,Yes,No,Month-to-month,No,Electronic check,117.89,3887.8,No
C7042-6487,Female,0,Yes,Yes,52,Yes,Yes,DSL,No,No,Yes,No,Yes,Yes,Month-to-month,Yes,Electronic check,109.67,5707.0,Yes
